id,sayweee_coupon_page_id,sku_ids,coupon_expired_at,created_at
00042708-a00c-4104-bd8e-89b26bbf16c1,afb82a31-99d4-4b5f-938c-696fbc220292,"100816,104543,104918,108502,15791,17119,21481,24702,25611,3329,40290,43453,58576,58583,61602,6463,66320,77361,79524,80024,82308,87830,95886,96083",1752173942,2025-07-09 19:10:31.750627
002d2acf-0596-4110-aabc-7266190dada5,ff9cbf63-6701-4b7c-a60b-ad1cd556b3bc,"10098,102084,2089605,6071,68987",1751951453,2025-07-09 18:55:31.759641
0031a53d-1eab-4bd8-b763-b88f878514b1,1ec489a6-1620-4d9e-b72f-c342c05c95a6,"2195786,2252134",1751631045,2025-07-09 20:55:31.375308
0041bc9d-4eb6-45d0-9143-18dc9de07982,4eae27b1-6789-40b6-8353-6204e14ee31f,"107939,25286,47119",1750780619,2025-07-11 00:16:31.65555
006d0ede-f555-4e1a-ac32-0dcfc3cd8c67,9318df76-2a35-4de1-bd4b-a986b0d27dfc,"10638,17007,17119,22069,24250,24702,25652,41791,58583,64427,70583,81224,92312,96351,97304",1751129770,2025-07-10 19:01:31.560317
0081cd21-2057-4de9-b02d-b8bce1552248,967c1186-83f3-4f5e-a7cf-dd2f8cd39ae1,26379,1718214912,2025-07-09 20:28:31.628044
00992505-0e94-4300-a61a-57d741640dc7,d79d3d24-d880-4999-8b12-3fa46bca9e83,"18065,9839",1752429736,2025-07-11 19:04:31.380296
00a2c381-b23b-4613-b80f-2eb799a71246,873c5b29-cd00-4a50-82cb-2b8f951dd511,"105725,107870,14293,91691",1736379940,2025-07-09 19:55:31.439331
00a36e79-a862-43b5-95a6-805b2597aa96,549fccb1-8416-40ef-85d8-ab1d3ce9a748,"104723,24702,29428,38441,48574,58583,64427,66017,73907,824,90582,96397,98137,99344",1752184517,2025-07-10 18:52:31.513517
00b2d837-2a72-43c8-ac1a-3deb5c9b99d9,58622fe7-7f8c-43a5-839a-8c088d3a9c66,"109515,109698,1662,99403",1752467360,2025-07-12 12:37:31.584738
00ba72e2-f307-4927-9404-87d778f5d352,a305f551-bcaf-4881-a74e-aed897a66a2d,"104876,1910,24702,3227,33585,58586,61602,7719,83665,83672,88463,99371",1751223489,2025-07-09 19:43:31.642855
00cb67fd-7a12-4eaf-bc00-ee6a0694c151,89d42a11-5c41-4ff7-8ca8-31fc44f24409,"101048,48622,91499,91545,94620",1743904535,2025-07-09 21:16:31.455148
00cd63ce-b6a6-4dab-98c7-1744d5fcb0e0,48a9ffb8-c2ec-4552-a3cf-593cc3baa326,"105089,15941,19221,2252159,52394",1752381899,2025-07-11 05:37:31.442568
00cfd9e9-b7d6-4fc2-b485-17bff865e5f3,c1eff4ea-143d-4df0-8b94-31d4bedd3afe,"108295,98700",1751695003,2025-07-09 19:10:31.750627
0106d906-d8d3-4c3b-99f3-426ba97c96ad,600591d5-8203-4ba6-9973-961184a97253,"63940,94800,99216",1751852819,2025-07-09 19:25:31.714795
011bdec8-ece5-44ef-8ff8-665a0abc1b77,694c1681-9f2e-40a5-bbed-9f7f82a80e82,"105012,38441,86543,97711",1750596005,2025-07-09 21:13:31.422326
012b58b9-91ec-4d18-8677-0d830c4aa80c,198d2e09-f6eb-4e83-8294-3315ab21ff78,"11917,1662,7719,94601",1751329941,2025-07-09 21:01:31.521295
014b8daf-ca61-4223-b2d9-0eaf49ac7d0c,f9df4c2c-1078-4ac7-a74c-706cd902ff27,"100954,102409,108841,2038,37808,51931,56209,58583,76749,824,84168,85180,92312,97224,99216",1751869945,2025-07-09 19:25:31.714795
014f3918-aa58-4c21-af93-5a53013c2823,e9abe880-4a39-4862-b39c-78633df202dc,"103983,105725,107753,20796,48517,53561,81813,8908,91611,94799,94800,95272,96689,99216",1746962115,2025-07-09 20:01:31.36324
016bffa4-ecb6-4c83-962c-bf22eacff261,6133db3d-47eb-4ba4-92da-b6023380f23e,"32680,58586,94817",1740769212,2025-07-09 21:34:31.499073
0188de81-7099-4e05-a617-3075a44e20f4,0dd67891-5f30-4709-b99f-a8a13d74c88b,"102715,37100,37808,48574,68297,93754,94800,95225,97479",1751594431,2025-07-09 19:25:31.714795
0189ea32-e0dc-4a93-a0fb-b10c394ae13e,e1cc9a6c-f618-4db6-986e-c19ebf15bad6,"103983,12913,14479,14904,2843,30894,824,85175,86143,96446,98346",1751913098,2025-07-09 19:25:31.714795
01a7f793-cee8-4248-ab88-5c4aa431569a,44df553e-b1a8-412d-a37e-0222f6f9948d,"106045,106746,108727,13148,5674,65902,97788",1745821637,2025-07-09 20:28:31.628044
01ac81f5-4021-4dba-afe8-e6d16823df11,8a4f6ffe-de7d-40c7-a34d-2f7cdaf6d336,"12138,2052,53542,53561,87024,95933",1751597019,2025-07-09 20:58:31.613441
01b8c071-32b8-40aa-bf5d-6473ca6f5442,13436656-b76f-4a33-ab32-9f39882eb36e,"30439,33577,39201,97224",1752243732,2025-07-09 19:34:31.343546
01d37291-ea43-4c11-bb64-a10b723841e0,b4d1a87d-5f43-40f7-a9e6-3ec5726ab615,"100551,101587,103510,103992,104704,105422,105641,105828,106467,107154,108277,108841,11275,2071,25652,25674,37504,37803,37808,40091,48574,58583,68177,81402,8715,91308,9157,97597,97787,99263",1751746054,2025-07-09 19:40:31.494332
01dcb812-af11-4e66-9994-c0500b55e578,6a3fef0d-1bb6-473e-9de4-bf275cd16094,"106795,107155,67208,90991",1752160708,2025-07-09 19:01:31.673767
020a7b94-c1c1-451f-bf59-31025ee0fcb0,4bb8f9b7-9d84-4550-852a-eeaa2d0c5041,"100641,102923,107202,108333,11632,13255,25503,37808,41097,42294,46269,62782,82309,85175,94601,94631,99216",1749152723,2025-07-09 19:46:31.620522
023095b6-a1d5-4f3b-9a7c-0292f65337bf,2fa06e95-f7a5-41df-b7e2-2281a8fa4687,"102228,16124,24702,2686,37100,40213,58131,61600,66012,66017,70330,70332,7542,77149,87309,90570,93985,98636",1728096689,2025-07-09 20:34:31.516539
024a7a86-e6f1-4a58-befd-a8bbf9b63aa0,610c7ca2-eec9-4ced-9aeb-80fcda1db3ca,"100816,67989,73312,95673",1752199786,2025-07-10 18:52:31.513517
02647854-cefb-49a3-a4e9-066759136350,edb05e00-9f68-4fac-9398-73acd1e3f8c9,"101083,101899,17119,1910,20030,27605,32022,33585,49177,58583,89328,93015",1751650954,2025-07-09 20:58:31.613441
026f17bb-edb6-4570-89d9-c4e300792307,2b1cd353-0555-46f1-99a1-f1f2cd07c56a,"103444,1662,26654,90362",1751775313,2025-07-09 19:25:31.714795
0270ad57-98a4-42ba-a78d-de82b482c921,0579b1b2-7d80-4721-ac44-78659cb21f03,"102893,106076,107340,107714,109115,1250,12775,29425,76859",1747363396,2025-07-09 21:37:31.433645
027ae15c-3cb5-46ca-ad11-8d1afe74f72c,a0f2e6b7-66f8-471c-8b0a-9cf1a2aeb147,"100210,100954,101371,101443,101906,10594,106147,107285,11516,30312,47113,84047,95097,96707",1751670016,2025-07-09 20:37:31.608351
029c20e7-24b9-485b-bbd8-d758fe66270a,59a08279-1128-41d1-ad2c-698b789d7cc9,"103385,109580,109625,15877,3131,41594",1751390884,2025-07-11 00:16:31.65555
02b35f13-22bd-4f61-8b03-4ff74b6019fd,0362bbd2-1078-43d7-8a18-647f5a10dd1a,"102923,105626,24250,26891,460,48517,51931,58563,58586,8906,91611,94601,95409,95493,97653",1751560326,2025-07-09 19:01:31.673767
02dbb332-897d-4567-a0be-8baa5addd7c5,35f469f1-1e85-48d8-a9ce-a827456cad5a,2841277,1749796742,2025-07-09 19:52:31.520152
02f156c4-ee88-4857-8a97-7ebfca10d848,21c58650-b97d-48fd-8662-634c0173ad42,"2124544,2834960,2848445",1751862944,2025-07-09 19:07:31.585047
03050940-215e-446b-a48b-c9b07ba38926,1ee3656b-c6ff-4a75-9a07-b1626e082f11,"108769,28995,69106,73064,97633",1751859877,2025-07-09 18:55:31.759641
0317f4df-be6a-4347-a3f1-0cdab172e15a,ecf51ad6-2a3c-464b-82b4-952ba5e6866f,"102901,10438,105326,38441,46269,47319,58583,84942,95700,96701,98358",1751244375,2025-07-10 19:01:31.560317
0321e21c-0589-4930-acec-1cc2d66031d3,fd8fb9aa-82c0-4bb2-bb03-a0741b2e3dee,97304,1751684133,2025-07-09 20:58:31.613441
0328d146-1c43-496c-9a7c-6ca44c90e922,59188801-dbb9-4aeb-8f60-0fa4c0f038b5,"101080,102084,105903,13029,62070,93061,95674",1751504629,2025-07-09 17:45:20.222232
0347bc99-1530-4b36-9580-ebd5c0e2a713,4b792eae-8614-401e-8d20-6b52181bf4fd,"105456,41097,5401,58586,8715,9672",1735665193,2025-07-09 21:16:31.455148
034831c3-5d29-470c-800d-1b618d409b33,7ec32670-3f35-4d9d-9d18-63ecdd1b59c2,"102494,106189,106413,106732,108122,109281,109506,109940,110044,2831759,65902,76859,85110,91624,92638,97711",1751246496,2025-07-11 00:16:31.65555
036b0a50-066f-4729-8b37-bddcb853d62b,5012e60a-82e5-450e-b1b2-435698449e4e,"106601,10730,107428,17119,19085,2088288,2252566,2254874,3229,41088,58586,58658,75100,77885,77946,84912,93144,96699,97304",1743692186,2025-07-09 19:49:31.570096
036c9b36-a512-43c7-9ddb-6e51efbfd59e,b88ecfd7-915b-4427-bb1b-a5db319c1ff8,"102913,10907,27605,29991,41020,58586,96660,97304",1746035803,2025-07-09 20:16:31.381882
036eed15-30f6-4228-b25c-b0ad627f7527,d8bd9d98-960c-4139-a56c-261d872f7758,"108880,108881,109285,58563,58576,89163,93978,94443,94800,96397,96640,97101",1752216264,2025-07-09 18:49:31.587698
0376187b-904a-4f02-8a0f-5694c7e83b68,22fceb9b-545f-418f-b104-3bf6c7edd21c,"101095,23425,25652,58583,69106,7542,85175,93978",1751642456,2025-07-09 19:25:31.714795
03775792-e409-4f6e-88e9-fd2dfd08415b,7d69f252-6424-4269-b581-900046935b7f,"25652,77885,88497",1738297520,2025-07-09 20:46:31.392832
037de892-546c-48e6-9117-4f0b5d70cc39,0c6adf99-2bcd-49d5-a122-8fd209562b1e,"105018,105917,19180,20030,34929,4023,46269,55493,58583,75100,94799,94800,95952,9672,97092,99216,99263",1750774621,2025-07-09 20:01:31.36324
0386ce2f-13c5-471c-9f4b-3bcc5d6afe84,9b96f650-8148-49ff-a9ed-678dd4898af2,"102564,105578,106400,108211,11520,16772,2551,27605,2792,48574,62483,94800,96610,96660,97078",1751595170,2025-07-09 21:25:31.482511
039c7c49-6bfc-4447-a8f3-95c9b0de7d50,c7923bdd-eb50-4462-a2d1-29b83e592e84,"105461,105953,10766,77885",1737788919,2025-07-09 21:40:31.522517
039fdb41-e5dd-44f9-82f8-f5b94019c318,a5ce2f9d-6b76-4d7a-9a38-e9acb772c697,"100766,101363,101369,104493,29843,38441,44933,58583,62782,64249,64427,79801,824,92169,97092",1752102688,2025-07-09 20:43:31.463099
03b13ffb-febc-44fe-8170-d5282b6420d7,99280962-2ba8-4f46-9323-a60c88e152ec,"100764,39387,77953,82304,98607",1728231282,2025-07-09 19:58:31.343729
03b5bc5e-d592-4c58-8afd-76dc9cb163f6,9bfd11c3-d565-46d4-9417-d6b06a21d9f1,"14760,15791,45783,47071,53078,61602,86543,87080",1752316233,2025-07-11 19:10:31.371089
03ba12fc-cffd-44e9-b0b8-14094dd4e820,e80b574e-55ba-4de6-967b-266d026729c5,"106042,107074,109697,110310,11606,1248,2134354,51208,51215,92578,94455",1751955434,2025-07-09 06:03:20.402123
03ce81bd-632c-460a-a5ab-8dc579a83153,03e0b87a-11ba-4e8a-9ecc-409b39fc7446,"58576,7521,94601",1750991847,2025-07-09 21:22:31.50472
03da5015-2922-4599-ad19-e26339922ac2,f2a8e878-817d-4b8a-b4af-e396766fe717,"100773,106355,107540,108295,108342,109137,2162166,30439,88674,92271",1751755322,2025-07-09 19:25:31.714795
03db79ed-f49a-4e8d-b195-bd98e0789d37,0627a2cb-2c98-4c75-a2f5-6e65228f516b,"100154,109357,109746,17119,18051,20044,2208688,2222164,2252134,2823500,34202,52826,65742,71936,79522,82308,89350,92007,92859,92961,92962,96083",1752204093,2025-07-09 19:16:31.314342
03e5a7a2-4421-483f-8c93-6c9cfeb72ce3,c25ffe9c-184a-495b-bb52-e14f36c43b0b,"104439,10637,34344,4701,58583,68297,69106,85175,85180,86543,89482,95750,97304",1746490900,2025-07-09 21:13:31.422326
03f35d38-3fec-43a1-acc3-ecddf5090672,cfbbeaa2-efaa-4260-a03c-2efd0a8dcb15,"12010,2030980,2792,3229,37262,45783,52394,56136,56285,58658,67208,89358,92261,92306,93984,94062,97787",1752187457,2025-07-09 19:07:31.585047
04172a58-aee5-42d3-b7e7-8bc78f111de9,7403e04b-a68d-447a-beff-560cd08f83b7,"105693,106692,107679,108515,108516,109627,109649,2253606,24070,32518,47057,47059,48517,6980,73064,7521,88892,8908,90584,96977,97224",1752142298,2025-07-09 19:01:31.673767
04402a36-08c3-4282-83a5-a9d070faa612,77c576d0-6b9d-4e7d-8782-4f8437de70b1,"103510,105822,105824,108107,11504,20538,25652,64690,68987,68991,92283,97412",1751584815,2025-07-09 20:58:31.613441
04464e1c-128f-4dee-a9f8-60b15297b3a5,edc088bb-e778-433a-bc9d-d52f83effee0,"102492,103661,108192,13983,18981,2179932,2831988,2832291,2852133,50539,70583,90563,90584",1752268071,2025-07-10 18:52:31.513517
04535edc-1f18-46a1-bc1e-f317a7b5fa2a,cf29149c-5b28-4578-bfed-efd7d2330f53,"35448,50523,58583,83696,85783,94800",1752318259,2025-07-10 18:58:31.529937
045704ce-43ac-4eb8-acf6-203ed128e557,36c165be-fd0c-4f16-a1f0-224359e2d5ba,"81865,90997",1752129069,2025-07-09 18:49:31.587698
046893f6-6c56-49d8-9482-e1e9254b1a78,d23b94d5-6e4e-4e33-bbaa-10efd3987bc3,"104876,106495,48574,50523,54635,65905,94631",1751514401,2025-07-09 19:25:31.714795
046b3d7e-3061-49c8-bc8a-71276a6681df,645fe3ac-d4a6-42a5-a918-459c7f081bd5,"103020,105042,106245,108705,11990,2055050,2190203,2190204,25652,2833383,29429,38441,45782,50523,81396,91511,92312,94800,99216,99344",1745852714,2025-07-09 20:19:31.511716
046bc1ad-2a6d-4b98-be36-bea4cea4c669,7d2dbd30-e34d-4854-bbb3-773b467859d2,"102524,104723,107301,2068529,2158523,25503,26485,37808,38441,40336,5376,57298,58576,58586,65902,74354,79524,87024,87218,87804,88463,94835,97224",1751805666,2025-07-09 20:37:31.608351
046eae56-d3f4-415c-8684-96d580677188,e75dda4d-3cbf-4f4f-9edf-a51b1a0ecdaf,"103324,6759",1752194330,2025-07-09 18:49:31.587698
047a3cb9-3017-4eeb-9694-16df22d8376d,9de62aac-57ca-43a2-9381-bcab02996771,"106564,30335,48360,58586,6071,65903,6597,70737,70810,96802,96953,97021,99090",1737072892,2025-07-09 19:49:31.570096
04897818-5ada-4e47-a36b-1523e36adfc5,58ce65b9-032e-45cf-9e11-1e22f32b233e,"106652,52394,79524,91936",1752197824,2025-07-09 18:49:31.587698
04b1c257-e544-4b78-b18e-ad9a686a33c8,d356bf55-1da3-4728-92d9-32f523a20149,"103809,21880,27016,4756,56648,65902,85488",1752095514,2025-07-09 19:01:31.673767
04e0b4b8-bb07-4d23-957e-3aef157e2047,ba1b44bd-e80c-4606-9636-2a1790cc5e21,"102716,104615,106513,107044,107739,107860,108513,109473,16124,17995,30197,3229,35348,36485,40405,41088,45783,54066,61602,74787,83129,94443,95442,96397,96625,96709,97078,97175,98670,99371",1749773269,2025-07-09 19:46:31.620522
04e134e4-a00c-4a8a-8b20-a91ffb0d0345,3f6e4595-7451-40e5-90be-079634b25a14,"14808,2829239",1751946202,2025-07-09 19:49:31.570096
04f3b0e3-6278-4ae3-b747-0aa9cd483d91,6661361d-7bcc-405d-8d52-3732ca1cb904,92301,1752464212,2025-07-12 12:37:31.584738
04f85584-1d16-4913-af1d-6fe886c883a1,5af8806f-d91b-4651-bff7-d2203e46cebd,"103510,1063,2849101,2854546,31838,49181,52753,5584,95680,98358",1751203795,2025-07-09 21:04:31.429108
0504b749-5222-42db-baf5-864a1078d39b,3f55a688-cc92-4d97-a3d8-595d139e9d9c,"103957,112,58583,58658,98607,98711,98716,99371",1752426430,2025-07-12 12:40:31.55665
05059756-ed8d-4c7c-b00e-016441f3fb4d,6266ca43-8e1b-4ceb-9ea8-0f597eaa2a20,"1910,42294",1752053028,2025-07-09 19:04:31.645408
050883f9-521d-4caa-90d0-42dc6c7cf8e8,3582d2bd-9f6e-4065-bd21-6104e402dce1,"2878690,2879367",1751872086,2025-07-09 19:25:31.714795
052aa1d0-67cf-454f-b1b8-6c2a6cd21f4b,d6a2b665-8afc-4beb-af7d-bc2d0bce0baf,22484,1751655588,2025-07-09 21:22:31.50472
0540e05e-6793-4735-b1b4-8d3c8322ecd8,460ac1b6-f68d-484b-8072-fa64e93682f9,"109118,109198,110016,110030,11632,14301,17995,2116283,2223847,2223848,2828276,2828277,2828279,53561,63575,64427,99263",1751686518,2025-07-09 19:40:31.494332
0543ce8f-e456-4b9d-8ea1-bf80cab7e6e5,190afe9e-3958-440f-a9aa-f2b39d646ae1,"106204,2222332,42075,48372,67028,73719,94620",1751416969,2025-07-09 18:55:31.759641
05450c8c-ba2f-4e48-8e75-58df9cfa7690,81dc71d8-8fd5-4666-bbe6-c2ccd32650ec,"108922,25652,97412",1751422752,2025-07-09 20:58:31.613441
05537f48-1989-4b31-a45a-11355d70b6f1,c30ae0f8-6cc0-49e8-adef-47708a4b3776,"107155,37808,38441,46269,53561,58583,64427,92604,97338,99216",1752464558,2025-07-12 12:40:31.55665
0560d773-a468-467b-a0e6-7f82996552e4,227268cf-dd83-4acd-a704-a5e05b6e4e34,"24250,46130,58576,79524",1751934618,2025-07-09 19:22:31.604565
05891dc6-c72a-46b0-b150-1adf2fefc27f,b47bd5fc-1ce4-4aa0-a6bd-0088eaceee16,"104617,104876,105626,105661,105723,107566,107760,11632,11795,1254,1662,18283,24070,25652,26891,28223,37132,43137,48517,58583,5883,6743,75100,8715,88695,93754,94599,97412,9854,99371",1751588244,2025-07-09 18:52:31.536339
05b0f582-3bc8-4cc1-93a1-af3efb661694,a17c0681-c8a5-4468-ae36-e0339ab75f6a,"101797,15977,1627,2068,38441,52528,73312,94769,98823",1721162359,2025-07-09 21:25:31.482511
05b7158a-f6a9-40cb-8006-439edf3b695b,05304077-edb7-4233-8e1f-243c502c0a4c,1941754,1752210605,2025-07-09 18:49:31.587698
05bc629d-c5fb-427d-a140-554ba5bf960f,6331d19d-2f51-42b4-849a-138ee502a451,"101946,110236,40709,99403",1752208601,2025-07-09 19:01:31.673767
05e51e56-671a-4800-97cc-c6f9a8711468,6ae8307a-ac58-4314-bd42-bea4164587d4,"109515,110281,52394,5883,5897,82308,82309",1752262032,2025-07-09 19:46:31.620522
060e2a7a-4561-417e-80fa-b1271d0f4053,aa830802-b929-43d9-b2cb-036c70d67c96,"103990,106411,108970,109548,11254,12010,18051,19085,2244753,29171,30335,37132,41088,48574,58576,61602,65902,73312,91573,94025,94443,95272,95851,97078,97092",1747968323,2025-07-09 19:49:31.570096
060fa3bf-7d19-4fe1-8382-65ee905af6e2,64731ab3-5570-46d3-b339-3e0d0b15ac39,"103998,10638,26479,26485,2838502,97619",1752187544,2025-07-09 19:04:31.645408
06279c5e-dfee-4bf9-bb6d-1ced997e4348,cedaca33-e369-49c9-973b-de897f890534,"10790,2210879,2245754,37612,64427",1749783396,2025-07-09 20:01:31.36324
0627cb8f-b120-4859-af32-6ca660a16f69,20212bde-6617-4e84-9a61-4652b2b599cd,"100613,100695,101371,103196,105169,105270,106018,107082,109128,109146,109199,109200,109222,109524,109923,110244,19540,19541,43336,62662,71188,75100,85175",1751568771,2025-07-09 20:58:31.613441
062a4aa1-99ab-42e9-b535-dc431d90e3ce,82b17cfc-4031-4ac0-9918-59c992f9816d,"107964,13760,1662,18989,2852903,2855396,30549,82308,96083,98628",1752306979,2025-07-10 18:58:31.529937
06436982-ff5b-4766-8f2a-8a530bb7ec74,0e5359b2-7b4f-4a8b-bddc-20eddcf13dcb,"101608,12187,15359,19085,20795,25503,28012,295,31065,32961,33577,37447,58583,68297,68987,88108,94601,94800,9729",1746245240,2025-07-09 19:49:31.570096
064555d1-bda4-426a-962e-686e794ca685,53dfb100-4a70-4d32-802c-3a66666a2cda,"29236,34201,57297,77946,94379,95160",1747360984,2025-07-09 21:25:31.482511
0648a3ee-b5a2-45b6-8430-a942a29a00f8,c32f01f4-fbad-41da-a6df-108432bc6077,"10022,2033211,23425,25652,2607,5883,83266,93892,94631,96625",1751682593,2025-07-09 19:01:31.673767
064bfe83-a6be-43fd-b00a-8016e7211378,88d1e0bc-9409-46fd-a910-15eaaf8a2ea9,"2193139,2201,29428,37661,41020,50523,73907,94601",1735771278,2025-07-09 20:46:31.392832
065808d5-9246-45d2-9909-8d261eb17e91,863f80b8-3c16-407e-94e0-3ad1aac0d899,"29954,91690",1747176423,2025-07-09 19:52:31.520152
065a2470-f469-4d56-b9f0-ce6ab97fb682,45649557-7ab8-4a36-84e3-4d00358ba0a6,"100043,107153,12138,14002,24250,43336,53542,61602,88463,9839",1750294573,2025-07-11 00:19:31.492721
066fe03d-f727-4ac5-a02f-ead11ebfdcc1,96c0e59a-927b-4356-886a-ed638fec3f25,"101095,101096,102996,10480,105856,12436,16992,17257,19180,24092,2686,33110,37544,68177,70330,96701,97959,98717",1740195784,2025-07-09 21:49:31.460853
067a4b8e-f242-43a4-8bdf-a21b3cfcef25,63f8dc1e-708b-4f48-9ad4-a13afa68db98,"103444,104355,106535,1662,17952,2100741,24092,25652,2607,30145,39334,50679,61600,87377,93839,94074,97055",1751776141,2025-07-09 19:25:31.714795
067daf14-cc25-4dc8-9d9f-3e5a242ffc68,6d03cd35-17b9-45d9-b0ea-ac0edba100ab,"101968,2067791,2559,51931,65742,68987,97711",1714322695,2025-07-09 21:40:31.522517
06859f8c-a857-4042-b9f7-d0a5a9ca48bb,b635dcf8-0ca9-4389-84fb-ef54b3c4d1bd,"37078,7828,79416,97790",1738377644,2025-07-09 20:34:31.516539
06c7b1a1-3369-4b28-a082-9c33e2c567ac,2a63e708-981b-4fa7-bb46-82610f552432,"102396,48517",1736094909,2025-07-09 20:22:31.445516
06d33033-b8ee-4f4e-b288-a07ef3b83229,f375dc46-005b-4754-911b-b17550e6f0e2,"100980,105447,15358,16619,2840,5376,68297,89793,91003,96973",1732054805,2025-07-09 19:49:31.570096
06f66a35-0cea-40a9-b144-0b3c182d4e84,763a833b-09c1-4b31-a13c-9c98a6deaf93,"105856,18283,2155604,28707,30382,48574,58563,76859,97006",1751653704,2025-07-09 21:37:31.433645
06fe8fc4-17be-44b5-a464-fe15aab77452,dbe69579-37f0-4a7e-81a9-c87668901247,"11632,2233178,90584,97698",1735590740,2025-07-09 21:22:31.50472
07002d18-c817-4d04-a93c-5d75267052f4,77ee8c32-f659-42d5-b79e-565afcd083c0,"2021278,2038708,2127374,2239566",1739295383,2025-07-09 19:46:31.620522
07112de5-39d8-4127-af4a-8cdf2a42ad71,2d51f909-850a-49f5-9ffc-b44a84567761,"58576,95442,97224",1742447910,2025-07-09 21:43:31.40037
07165bf0-9bab-4c28-bb94-0daf1820c606,fb25ab85-85bc-413d-9164-ea1683f2ddd6,"107885,109189,110110,11592,11632,17995,27483,30335,38441,49046,58583,86039,91936,94062,94449,96709",1752117271,2025-07-09 19:34:31.343546
07964925-80d3-433d-9701-1ad14fee9eee,de482084-003d-42e4-adf5-5d60d0884ac4,"2199705,6197,88093",1752367507,2025-07-11 19:07:31.675911
07a9e8f7-0c71-42b7-bf8e-279a15121f18,90c3edde-e980-4261-b351-4dbc3ef9cbfe,"101322,105657,106497,10956,27615,90997,99090",1739597496,2025-07-09 19:49:31.570096
07aefab0-5a66-42b3-9f24-3a03080d3c2d,36182e14-963f-47dc-a15d-4c09e2c24c89,"107155,108363,48457,58658,65902,83266",1751064534,2025-07-09 18:58:31.654225
07c04196-e089-4e93-9c41-d1474f91faa8,f334d5e1-e6de-4e07-8591-62694b650268,13587,1727534524,2025-07-09 21:22:31.50472
07cd7497-4551-4f6b-9b28-fe61c4001e24,864a6eae-83d6-405d-96d4-7e2f0fbb2aad,"27582,51265,58576,61602,96083,96405",1751825677,2025-07-09 06:03:20.402123
07e6d95e-85ad-4e19-9564-48b0e9a5ddfe,e360537d-df48-4a28-9533-0921db230084,"106467,110018,12187,1662,24536,38441,43336,53542,58576,61602,64427,824,94800,99263",1752460485,2025-07-12 12:40:31.55665
07ef112b-f0b8-44ed-9013-ffb6e02995d6,92a2a7c0-930e-49e4-8418-1a806cfb03ad,"102107,104229,25503,51261,53561,54603,58586,62782,83258,88661,94800,96083",1751253795,2025-07-09 19:49:31.570096
081bb11b-8c5c-4390-bc82-3de625fba047,7172f089-e879-483a-a112-aeac416ca433,"14760,94378",1751548087,2025-07-09 20:40:31.784592
082847ef-d6c1-426f-a3b4-8e7bd12765d7,f837bdbf-2e71-4ba1-8b03-01bef9c7ac5c,"1266,15519,38440,45782,55493,77946,90661,94631,94800,95272,96627,97092,98389,99216",1735502323,2025-07-09 21:22:31.50472
0832fcf2-3306-4ba1-8a26-bf325e6093b1,28a394d4-437b-4528-bf23-e77250ce86ad,"103381,1063,2607,27483,4158,48518,95272",1750944634,2025-07-11 00:16:31.65555
0834488f-f08e-4b17-8523-31586c1e126d,e1092124-73c3-4fd7-85be-3535e1643a7e,"2088383,2090233,2098922,2115238,2117702,2118230,2118231,2118232,2119154,2121183,2121185,2121208,2124942,2129233,2134853,2139821,2141873,2142539",1724267701,2025-07-09 19:58:31.343729
083d2383-f783-44fd-8dab-4713917285ba,8fc9ece0-eae7-4a02-b8c2-28e8745be91d,"103039,107752,2176646,2194012,2248702,2252134,2851747,2851750,2861356,2861357,2861369,36978,41791",1751308672,2025-07-09 20:34:31.516539
0864ce46-5209-4acb-b64a-bee6bdc7a430,4e3f894d-eed3-4da7-baf5-9b1e521700c2,"106564,1627,18165,31298,51211,67997,85616,88829,95450,98480",1752105879,2025-07-09 19:19:31.413237
08760903-bdef-4c90-8646-b1d04f4b8ebc,63f8c5db-8829-4edf-86fb-3c7a001fd6e9,"107683,108054,11906,16916,24250,24626,25503,31628,40336,46130,56648,57298,58576,61600,62662,68300,77946,80698,81813,86543,88208,94449,95272,96090,96230,96659,9672,97055,97078,98499",1746557270,2025-07-09 21:40:31.522517
087cccaa-214e-4dbd-bc1a-5922c79628ba,42adf25c-a281-4b33-883c-eac487c126c1,34586,1752293817,2025-07-10 06:01:31.512189
088f720a-937c-4055-98fe-4d0935abbfd2,0a61ed4c-2782-4f45-a957-d0a39e2a9bf4,"104640,64427,83266",1752303116,2025-07-10 18:58:31.529937
089ba5e8-0df9-4988-b64e-02bc61ad6fa6,c3121d31-18f6-4077-a7bf-07785ed0522e,"104054,106237,107902,109141,42294,67594,88674,93672,94377",1749885798,2025-07-09 21:25:31.482511
08a67873-6468-482d-8ebe-ed7cab099d11,dc1db417-9e28-4549-a498-bc8194171cbf,"109552,110253,24240,41097,43144,45782,61600,83129,96699",1751663465,2025-07-09 19:10:31.750627
08b86cbc-6d0a-4dc0-af4f-4540c27d50d2,20e039d7-4bf3-48af-9eda-905dfb653a30,82309,1751056784,2025-07-09 19:46:31.620522
08c1ea3c-2fee-4158-8082-25d0837cd923,5d7c078f-6cd6-4ef7-bfa1-0eedc5764cb7,"104933,104934,48574,85746,89271,91237,92854,94060,96977,97078",1752263868,2025-07-09 21:07:31.368637
08ee5261-7fc3-42e7-ab4f-3c41ea57cfbf,cb296232-44eb-4406-be42-fd55224f94d3,"11275,11632,16124,43324,47119,50523,64427,71857,92219,97304,98607,99263",1751928792,2025-07-09 19:22:31.604565
08fcb63a-6b40-4f31-a205-30b0423f3274,04bfbefa-3b6f-45ee-a74f-dc68f6503a72,"106355,108270,96083,98741",1752202879,2025-07-10 18:58:31.529937
08fce0af-6651-43d9-b1b8-89f8aedf4985,91958e10-0d9b-4088-ad70-ee0f0265334e,"102407,106674,109581,110091,23425,46269,65742,87571,89482,96952",1752012640,2025-07-09 20:52:31.34132
0912969a-42a9-4b36-a078-329b2b1e3088,bdcff48c-5559-4d26-ac0d-975be4fda68c,"16937,33101,37445,37447,42294,48574,61602,84168,89219",1751950043,2025-07-09 19:01:31.673767
0937bf0f-befb-443b-a6bc-4c50f241efb4,e7050e29-132f-4b0a-a0c2-c86eecb3f647,"10303,105448,105459,105723,107739,16157,16772,16937,17267,24070,24092,24250,25652,38441,42294,43137,48574,51324,53561,58583,58658,69106,824,94776,96707,97078",1751710680,2025-07-09 19:10:31.750627
09514ee8-fb35-4c3b-9a44-8c8c54d8bbae,b2fde758-70a6-4edc-8fa9-ada1d2159c17,"100007,101560,104203,11654,15359,23425,37803,38080,38441,89465,90584,94599,96083",1752013690,2025-07-10 18:55:31.478294
0957f1d6-a3ef-4f7b-a67e-3ef82d620390,333d871e-6ee8-486f-86a0-b15c96948379,"100164,105967,106064,106601,108350,2851851,2873784,85530",1751469744,2025-07-09 19:28:31.448042
095c1c98-8b3c-4f32-a0c2-fba92c69ff3e,6c875550-ccff-4aa3-a8f1-060cb8464547,"100214,10303,103511,107285,2155604,43324,48518,50523,61602,65145,77362,87049,87058,87080,93839,93978,94097,96225,96397,97304,97412",1751832800,2025-07-09 19:22:31.604565
096d2150-3b7d-4155-b0ce-32fe0cb0fdc8,9a852b81-1625-43ef-b267-d09bba739780,"1622,50523,5764,58576,68177,73907,94800,97338,9926",1749660503,2025-07-09 19:43:31.642855
096d992d-3b9c-4216-aaff-e0e98bb89e6a,4373b665-917c-4890-8711-ce565200d116,81402,1752169244,2025-07-09 19:19:31.413237
0978661a-c730-40f0-8967-d7846e5f971d,adb00729-6e40-4c47-8e47-7289c55ecac4,"100005,102328,15519,38928,46269,94631,99224",1715379420,2025-07-09 21:34:31.499073
09859c86-f92c-44a9-9c03-6ca1a889dde2,3ed8d267-b08b-481b-b067-3eb333089002,"103093,107006,112,11504,33580,43144,50523,85180,94800,95750,96397",1750023245,2025-07-11 00:19:31.492721
098acbce-2a8c-4514-ab35-d71bcde15bc6,8cf7a399-d007-4123-8ae6-d316c8123c57,"101097,107045,24092,94365,99345",1747852325,2025-07-09 21:49:31.460853
09950948-bc25-4473-b84d-923551b47ae6,138d2d5f-12fa-481b-95c7-e732835273b5,"101097,140,16124,26487,37447,42294,54062,56285,58576,58583,70413,76470,81224,81402,83129,92604,9853,98636",1725078577,2025-07-09 20:34:31.516539
0998e57f-4be4-4f41-a580-c8c0276f8a99,bba8d5d3-7a04-4b7c-8c7c-6c7ef000ced6,83378,1729060824,2025-07-09 19:58:31.343729
09b17578-003e-4949-877b-64619f365b40,850e3c8e-7695-4412-badd-8fa088acd598,"104099,108544,108545,16937,24070,4023,48517,58576,64427,73907,94599,94631,96699",1751812003,2025-07-09 20:28:31.628044
09b8eb85-59ec-4f5b-802e-ab0cdbd10383,70e52fb1-a233-447d-b8f2-eb271f868811,"102889,105626,105636,108374,1524,1910,2238858,23425,27605,35632,55220,58586,61602,72242,7521,77959,96701,98739",1752039135,2025-07-09 18:52:31.536339
09be9075-c723-4f06-8882-6e1920870d94,6953b81d-d43b-4d92-b411-22a17a4cd318,"108510,2255851,96699,97978",1751073720,2025-07-09 21:25:31.482511
09c693e1-e02e-4967-817b-c0b9798989c5,12f68c7c-f879-47bd-ba6c-b41ec7c0beff,"105626,106361,10956,16124,25206,25611,58576,58586,71406,74434,93978,95444,96977",1735255611,2025-07-09 21:22:31.50472
09dd6d23-af3c-4606-a6bf-b13515194beb,a2729fd9-0cc0-4c68-a4fa-82e37a97771b,"105439,107503,11275,34924,93978",1752274429,2025-07-10 18:58:31.529937
09eb4cd6-7aa0-4e51-8ed2-0227013412f1,2344ee6f-8ba6-4ea9-9bf0-a41c6c88d7cd,"103669,104640,105396,18358",1752113732,2025-07-09 18:46:31.426409
09f1703f-002d-4a75-8f21-a9387687e807,ac5fd633-27e0-42ed-8d4f-d638d1a16dc4,"101324,107956,12913,2048243,2686,35730",1743438270,2025-07-09 20:28:31.628044
09fa8f77-69ae-4fee-ba85-45d2d0e792ac,fbbb332c-2474-4b3c-89c9-51ed2be36516,"109856,2194576,2219350,27582,38441,5897,92271,96083",1752277312,2025-07-11 19:07:31.675911
0a04cf08-aabb-4bca-8426-06d900260339,69502251-dce0-49d0-838f-504145c65c59,"108295,11275,2829169,85175",1751893874,2025-07-09 19:07:31.585047
0a114260-534b-4264-89a3-233e855f097a,3555544c-08a6-4f1a-aa23-f66d374595d5,"100043,106245,107714,108416,30439,35730,39201,60286,95470,97224",1752457703,2025-07-12 12:43:31.31274
0a15c13e-cd17-4939-a3fd-bc298b154454,0101a5a2-2763-4346-9b7a-f4900f29b6d2,"101095,102376,104972,105375,106065,2055338,21904,4295,77150,83647,8451,95160,96397",1718144122,2025-07-09 21:49:31.460853
0a1c3c4d-a4db-44c7-9d38-60300ee43077,3330c701-0b27-405a-9884-ee7710cd9cfe,"102715,24250,38441,5376,58576,58582,62721,62782,68297,77391,77392,77946,83138,94599,96446,97338,99263",1742873373,2025-07-09 21:19:31.485127
0a2926de-7faa-4f82-81e3-0571e70be156,4905e151-bc8a-44f6-afc5-6712279bcb5c,"105619,66161,83918",1750692316,2025-07-11 00:16:31.65555
0a403cb0-d50b-4cb8-8951-8b8173ff72e4,7fac7802-83f4-4ad1-a31c-fd3f2d3c1250,"1910,76047",1751547919,2025-07-09 19:01:31.673767
0a43a90e-410e-495d-a443-dc593f189049,5c16ed98-851f-40a9-b7ab-4ff1df72d6e3,"107099,34337,39201,3991,88531",1751855792,2025-07-09 19:37:31.407534
0a4afa67-9581-4cc6-bd08-3a1071012130,31ea0e2a-3b1d-440f-8371-bcf90e67cc11,"94817,96083",1750874726,2025-07-11 19:10:31.371089
0a572c63-a304-4fd3-bbfc-9a83d0675f2a,699ffb65-b1b5-4c94-a9b8-fd6d4317f7d4,"104018,17995,24702,302,31280,37808,68987,79521,92611,94631,98776",1752293494,2025-07-10 18:55:31.478294
0a592715-d348-443e-9644-ac1fa60921f4,dc78df9a-171c-467b-83eb-017df7eb84e5,"107312,16217,22739,22740,48411,65742,84087,87834,94612,96193,97412",1752176650,2025-07-09 19:31:31.303473
0a7b9c58-ba53-4e4f-84de-7550202933d5,159b579d-0a1f-48b3-8e4d-a0bba2cb1bd2,"107018,25503,30255,47060,56852,59345,76412,88364,92219,92312",1730415821,2025-07-09 21:43:31.40037
0a8d8609-f1ab-4e80-a2e5-f97add06c480,e78555e6-80e6-4da0-97f7-5d1aac0fa743,"101080,104497,108192,109802,11632,24171,24702,30439,38080,38441,53561,66107,68761,79524,80014,94060",1752287286,2025-07-10 18:52:31.513517
0ab15e69-79e1-4570-abce-c13abc1ba3ff,026aa2f6-dbe4-4a3e-b0f5-619b08a10bce,"105626,105723,106189,106342,24702,26598,41088,6125,71923,72028,91562",1732763292,2025-07-09 21:13:31.422326
0ac88b20-deda-4d26-8ba9-33bb1c786d2a,ab1e142b-b0db-4c09-a181-66b3ed076cfb,"102491,103324,104723,107312,35052,37447,38441,40503,50405,58583,74884,85190,93978,94800,9672,97338",1750510308,2025-07-09 19:43:31.642855
0ad5c015-e829-4552-a2bd-90cc2358345b,7c95e359-3995-45a9-9410-db89e64b1910,"10303,18283,30439,46269,48517,48574,53561,62782,65742,65905,68177,79524",1751936700,2025-07-09 19:22:31.604565
0ad977ab-7645-4d98-891a-a15a0aae93c5,93e4cf95-2063-4e11-8f82-77f3f341e842,"106104,107316,107333,107518,107659,107857,2225,25711,33585,42357,50530,6071,85159,97782",1739074776,2025-07-09 20:34:31.516539
0b12459f-ac7a-41e0-b962-5a7696fb9454,66aa1fac-9a13-4b87-8552-12c646e80308,"102524,106746,79524,79875,92578",1751945939,2025-07-09 20:22:31.445516
0b2811b0-f792-43b4-af07-54494b47dbc1,429d8733-79bb-4e24-a81d-38b3ef13b5d2,"100603,102173,102716,107803,108778,109202,109506,1662,17960,23425,2832284,50523,53542,58583,62662,80014,85163,87309,87931,88531,97304,97711,99371",1751715659,2025-07-09 20:58:31.613441
0b298675-26c7-43c7-bfb1-8a7f5d979501,09510fd1-9021-4b3a-8ec4-3a772560ef44,"101323,107902,67594",1752474900,2025-07-12 12:37:31.584738
0b36d311-f494-491f-b91f-b069e1cf6a69,f9850c0f-7bb2-4b52-80e9-e0f362664e48,"105149,38750,460,59043,61602,76859,85849,90362",1717765656,2025-07-09 21:49:31.460853
0b7efa08-2e45-4009-8a4d-da6e8816516c,8a1ca4a3-b162-4c2f-8859-03e3d3789fe8,"102173,13083,18102,28222,67954,96083,97787,98491,98741",1751773635,2025-07-09 19:28:31.448042
0b812589-73f9-48c2-8cc0-595bb50dd864,88784b8b-8721-4773-8e4c-c85daa99ff3b,"104876,107760,1662,94097",1751433441,2025-07-09 21:37:31.433645
0b8e8eb3-782c-4301-a93d-d5eed1e46113,6f445969-267b-4512-a6d4-42c3e81c2571,"100818,10791,24171,41791,43336,90583",1751546805,2025-07-11 00:19:31.492721
0bbc30ff-ff2a-46aa-97b2-1d884b454d29,971f4e83-bc5a-4a4f-b9d3-477588abb47a,"101097,105953,106718,23425,24092,42294,5764,94113",1725917085,2025-07-09 21:49:31.460853
0bc724de-e9e4-4243-94d5-4427761de86c,753f592a-ed67-4976-9211-6d2ed07c5bcb,"101503,101731,103321,103741,13240,24425,35462,46269,5353,53561,5456,62662,64427,93005,97304,9854,99216",1751294586,2025-07-10 19:01:31.560317
0be2aec5-7afb-4fc7-814f-81bbd4387cf7,adbe0bf9-2207-4d70-abf5-3666255ad1a6,"102485,104098,105626",1751536334,2025-07-09 20:58:31.613441
0be3f190-d1a3-4bee-974e-2a2e6dccde99,ca232ec3-e172-44da-8736-a1c5998015af,"2149398,76859,86160,97175",1729211303,2025-07-09 19:49:31.570096
0be7fc05-4040-4aef-b5d8-e18ab07e9bc3,ee05c9f2-16a9-482b-9787-8a8665c1cbc6,109009,1752297689,2025-07-10 06:01:31.512189
0bf6f6ef-09ec-4334-9063-f803aa453c18,8266eeb9-6512-4626-91ee-ca729da0b235,"101731,101929,102577,102968,10438,10480,105137,105268,17257,18981,2068,24092,24536,24584,29331,3060,32878,35535,35536,38441,42701,4295,45782,5604,74858,75298,75322,79755,80014,80024,83258,89465,95697,96098,97712",1743591587,2025-07-09 20:43:31.463099
0c42645d-a7ec-478f-b592-4564e13495da,5faf48f8-d114-4c83-94b5-b083b5b4b281,"15989,25503,46130,6753,67954,81649,88728,97175,98711",1735490463,2025-07-09 19:43:31.642855
0c68bc95-8fbd-43c0-9684-d16cbdf372e9,70816155-35cd-4a67-9cb5-ca479d7f1a45,"100042,101213,102527,103826,105600,105684,108277,108880,109285,109498,110030,17042,30314,30940,31838,38319,42699,85783,86217,8641,89395,90074,90541,91001,92650",1752407416,2025-07-11 19:07:31.675911
0c8de755-07de-44f5-bfb4-c2d723f1fe85,37acf195-5e9c-4842-8b6d-12ab05f0faf4,"12992,1662,2071302,3227,42294,58576,83129,94601,96603,96699,98700",1751845849,2025-07-09 19:22:31.604565
0c966531-7dde-4af5-917b-df20ecc5adc2,9b43fb4d-68fb-4838-adaa-501eff043fc8,"10098,105018,105438,107283,108340,2062267,2098804,38441,45782,51248,62662,75298,93978,97304,99263",1741965527,2025-07-09 19:46:31.620522
0c99ada4-9495-4e0d-803a-8976277e009a,8ee5558d-01c0-4d2c-bf90-5a5502c60f31,"104809,105089,11632,17995,2071,23063,2869785,45772,52394,58131,8641,87024,96083,96802,99216",1751955987,2025-07-09 18:58:31.654225
0cb85d14-f8b2-42c4-90bf-8f303b3d04df,e8591026-66d5-4d7d-bdb7-374d692c9eac,"2119794,2165906",1733227993,2025-07-09 19:55:31.439331
0cec38ad-d911-45a2-9040-f2c1ade0cd5e,5e31b817-1f97-4c00-b9c6-cd1950016d1c,"10766,11154,1524,31281,5764,61602,62483,93015,96952",1732132782,2025-07-09 19:49:31.570096
0cec7b04-b8fc-48d6-9072-7ce1375d3aef,ff3a6f10-df19-41b0-a7d1-48d95bf86a8d,"105626,38441,40336,53561,83986,92301,99321",1751479182,2025-07-09 19:25:31.714795
0ceea323-bcb1-4c2e-acb9-c9c82e1d8e36,5b757dfc-73d7-40d0-b722-f67419d493f6,31065,1752410825,2025-07-11 19:04:31.380296
0cfc6263-e8a7-45a0-8372-f3fa72609ad5,0f6c465d-1f8a-4c4c-9c46-da3e9894d466,"104072,107999,2125810,41097,56844,9192,94817,96701,97304",1743283198,2025-07-09 21:40:31.522517
0d077410-60ca-41f4-87e8-c11cae6b0894,1f141414-f85b-480f-8391-7efffee3cea3,"2048239,2048243,2064781",1736737074,2025-07-09 21:34:31.499073
0d1089ed-2da8-48ca-9281-22b9c8dc8dfc,8ad49679-bc96-433b-a9e5-662cf821ddfa,"105843,24250,2839482,47059,96707",1751756997,2025-07-09 06:03:20.402123
0d171bed-0883-4fa9-b6cf-814dd66bd546,7f02625c-5601-4a56-9de4-3cf6a4ee1e13,"104111,105661,105848,106076,107264,108955,108980,109457,11516,17042,19947,2161144,68762,88533",1752186654,2025-07-09 19:13:31.292515
0d54d89f-20bb-4a55-90f4-1c06b41a6c48,e7f9de62-9edf-4cc9-8e7e-5df23e29503d,"17915,37544,81402,94599,95359,95750,96625,97787",1746664949,2025-07-09 21:28:31.336454
0d7780c6-a9ee-4afb-a0b9-03ca1e78280d,afecb385-ffbe-4db6-87bc-a3a863da8afa,"101056,101519,101811,105881,11632,13980,175,29820,37447,67208,82069,88159,89062,89130,92306,92611,95045,96024,9672",1716341877,2025-07-09 20:43:31.463099
0d82852f-7902-4d3d-a34f-ac4eb6086f99,725d347b-e95a-4370-b740-a47da3c69634,"10956,14934,30439,79742,94227",1751859478,2025-07-09 19:10:31.750627
0d82a331-882a-452c-bb54-6e475ca3d4b9,06cb8723-edd7-4f9b-89b4-1581c33ee94b,"2155249,2249321,2254476,2833359,2856643,2861358,35824,84087,86631",1750466554,2025-07-11 00:19:31.492721
0da3b46f-3b93-46ea-845a-11b8aeed98b5,e2751daa-7e7e-4b52-8006-086fd2be33e0,"23793,316,49005,52157,55493,58583,96446,99090,99216",1722715504,2025-07-09 19:49:31.570096
0dc4cd6f-e730-489a-a2f7-08a95b53aad7,aa329cdc-4d55-4947-8cc6-1ead2e54ff8a,"101642,101731,102467,103744,104773,105089,109473,109594,2263120,2852446,2854556,46269,80698,824,82490,83258,90568,94443,96357,96660,98795,99344",1750099372,2025-07-09 19:46:31.620522
0dc78b7c-97bc-42b8-b052-2010e11556fd,0733991c-9b23-47cc-89b1-a4bf19902803,"101363,101365,101375,104532,106772,36011,40709",1726280102,2025-07-09 20:34:31.516539
0dedd9ef-52c2-418a-a749-bfc8361b0d2f,dcfa9d73-5498-4ae5-99c0-188a01a58034,"27605,39299,43493,459,90661,91068,94378,97550",1749614842,2025-07-09 20:19:31.511716
0e01f01a-50c6-4347-bfc2-1c3972cdea55,8f1bc40c-7f3b-4c3f-b75d-9756a71cd5f1,"100164,101891,11275,36485,38441,42294,53561,64427,71734,77946,81402,93985,96230,98628,98891",1752332264,2025-07-10 18:58:31.529937
0e0c6d12-3e6c-41a4-a05e-ef7a645986ad,f65c4a2e-5ca7-49b7-8883-e7b4095178e0,"101642,107100,108295,108903,109329,109477,2031001,2199210,38441,44339,47319,48517,69106,7200,76859,8558,92219,95274,9672,99216",1751047061,2025-07-09 19:46:31.620522
0e2140a3-54d4-46b1-b332-28bce19b23bc,161fc3f8-7781-4bea-9193-8ef3487788fd,"100040,100093,105267,107099,108535,108881,12138,19540,19541,20800,22469,25162,26679,27605,28832,30312,43144,49004,4931,52394,61602,6329,63388,64690,69554,82818,84087,86895,89305,90671,90976,91361,93733,94145,95573,97338,98491,98610,99371",1750004032,2025-07-09 21:16:31.455148
0e25245f-1898-44c2-a14c-b1e04a5eced5,accbc36d-cb43-485b-ab5f-9e129b068d4b,"106040,18065,19237,24092,53561,56295,64427,7521,94817,99216",1752379262,2025-07-12 12:43:31.31274
0e4b76f5-075e-489c-bc5d-89e4cb8801d7,37618789-99ee-4edb-8fd7-eaffd4aa1f89,"30439,86634",1752280023,2025-07-10 06:01:31.512189
0e6ddfa8-303f-4eea-b69f-fad3337dd656,810ea384-b6e9-4a9a-a41b-3de9be4d5f02,"106550,11520,15844,2228491,2230028,45823,78218",1747325095,2025-07-09 21:22:31.50472
0eabdd18-c326-49a5-b0c8-f2c5e07f4483,0b05377f-85dd-486d-95c9-5d6a3e3fe4a8,"10260,105235,27700,79524,89119,94601,97078",1752190287,2025-07-09 19:01:31.673767
0ebe35d9-4c97-4651-a0e7-76361ce1ad8b,aef22ecb-be05-4aaf-9ef3-d56e881d0608,"100889,102084,103861,105529,106278,10956,2174713,2174719,2174750,25708,26490,30439,68987,7521,90584,95700",1752277138,2025-07-10 18:58:31.529937
0ed708f1-582a-46c9-9c51-4c6e048282c4,7d3943c0-c80c-4bcb-bae3-8ece240a8fbc,"101534,105089,106277,12397,30439,52394,6009,97217,98736",1752282556,2025-07-10 06:01:31.512189
0ede822b-a59d-4cd1-9f56-2bf08e0fc6af,d60be70e-7f5e-4c2c-8362-085f8658e212,"105626,11275,25503,51931,58576,94799,94800",1751759660,2025-07-09 19:25:31.714795
0eff4fa5-21e3-4430-814d-7ff901e01099,c607bfff-10d1-4926-b76c-88498b04062d,"101608,10349,10411,105657,107074,18283,19231,2156,24536,25503,2792,30718,35462,38441,42294,45783,46455,47319,53077,53561,5674,58583,58586,7521,824,86679,8715,91701,92312,93978,94074,96083,96953,97092,99263",1751735727,2025-07-09 20:37:31.608351
0f2055ce-02f4-4f4e-ac60-e10ab2790dee,2da59eb8-f933-49c9-a5d5-2fdc0fd1f124,"106467,107860,1910,2851851,46130,58576,58583,73907,95750,96083,97304",1752423917,2025-07-11 19:07:31.675911
0f2bafd0-9040-4d80-8127-6fd0f8c5d46f,71697dac-b9d0-4ed2-ac9d-80731ff16b88,"106041,10638,106746,107756,108295,108301,108336,108513,17995,44864,58583,8394,87804,93015,93978,96701",1751942288,2025-07-09 19:22:31.604565
0f2edcd1-eb5d-447d-aeea-c23e2c4dabbf,96a67c8f-6159-48cd-953e-d6269bfd6504,"102003,104176,10421,105306,10638,107053,37808,39201,40503,46269,5897,73312",1751773633,2025-07-09 19:37:31.407534
0f38aa1b-d5a7-45b0-b175-c0b33fd6e550,15018612-62bf-4731-ade0-bf38b44f97a7,106413,1750638655,2025-07-09 19:04:31.645408
0f576bdb-e563-47a7-bf78-6501ed958d7b,34666ae2-6764-48e4-9d90-86eb05e62069,"1662,23425,26891,91611",1751587362,2025-07-09 20:37:31.608351
0f596c44-3291-49dc-82d5-413174203cb6,6fafde3c-1c55-4b79-a3e6-c3e6a84dbf0c,"100106,102325,104635,105852,105957,106597,10817,11632,13083,14390,16157,2163611,26782,28012,30070,3229,34564,40549,44940,55524,58583,58586,58658,61600,61602,6341,65742,77946,85175,85488,87377,88364,90991,95637,96942,98610,99216",1736747030,2025-07-09 20:16:31.381882
0f609aba-2774-4217-8d62-13daf0d36e19,111e9d66-4b54-4dbd-8a9c-9f3dd6b9c84c,"102968,1287,163,18152,25206,35836,58583,59332,71602,82172,85619,92301,94776,95697,95750",1751597292,2025-07-09 20:37:31.608351
0f680c3d-2358-4ef1-a571-250d84e7bf36,dd887ea7-660a-4647-b079-7e8bc9b6c613,"105848,2027414,37808,48457,56285,58583,61602,8906,99232",1751767797,2025-07-09 19:25:31.714795
0f70e1da-5131-4df1-b592-c713cf837e7c,7a5d5e05-252b-456f-bc59-6b1fe2718881,"12462,15989,24324,31758,39299,61883,88533",1752085777,2025-07-09 18:49:31.587698
0f72f8c0-a241-4d18-b921-f3e066b62f68,a33cbea7-b01e-4c94-938d-c0cea6240c95,"106465,106479,11632,2146772,41089,75100",1751650057,2025-07-10 19:01:31.560317
0f824443-430f-4a54-bd73-09ce408ffd64,ba3e7459-4ea3-4ca9-8842-fcc223cebd2e,"106278,109836,94227",1752366691,2025-07-11 05:37:31.442568
0f9edafa-494d-4ca8-ae96-d422af9f7e76,fa7c9b73-8379-4381-aca8-8657edf5bd08,"108073,11275,20795,25503,2607,40214,97092,99216",1751904382,2025-07-09 19:22:31.604565
0f9fca89-b30a-4853-9c97-5787ef543515,e9d4da27-5175-406a-bacd-3593d545202e,"11275,2071,2210221,52746,5376,92312",1752287711,2025-07-12 12:40:31.55665
0fa348bc-4edb-48dc-87d4-0fda5dba4732,abc52b6b-f7b0-4531-b5cd-0c7b4e9ea45f,"100268,105089,53636",1752193193,2025-07-09 19:01:31.673767
0fe12ef1-8bda-4cea-90cb-a7c6625c2e45,c60caac4-607b-4a64-8a82-ca53ab309336,"11632,1254,2607,62782,85627,95062",1752037725,2025-07-09 18:55:31.759641
0ff552bf-70da-400f-8f76-4a4a3b829a4b,a15e8b79-21d4-4999-8f82-eba60bdb00a7,"105591,105978,107102,108295,108663,2162166,2864962,2864973,53561,5369,82308,87931,91231,96098",1752103231,2025-07-09 19:04:31.645408
10005dab-86de-4feb-b733-97065733d087,f1676435-d0ed-4cb7-88ca-3dc7ea23b1ea,"100784,105089,107444,77369,96083",1752332208,2025-07-10 18:58:31.529937
100d39fb-4251-4c3a-aaf1-ab5089f7beb4,0f179550-1b91-4f89-9511-be899df095c8,"104640,16124,26891,30335,38441,73312",1738564598,2025-07-09 19:49:31.570096
101c2cab-555f-404a-a765-fa84a63decf8,7a58c8a9-3588-4a75-9611-e262db2cc1bf,"101528,2144967,2686,35348,3599,53561,57130,6674,75100,85175",1752377159,2025-07-12 12:37:31.584738
1023dcf3-770e-428f-8f7b-cb64ead702f7,668e8644-2e54-4597-ac45-d13651d76c19,"104876,11275,18283,25652,29843,46130,58576,6463,901,94631",1751833422,2025-07-09 20:37:31.608351
10289923-1fcf-4199-a8dc-830c953b2d80,4b294e5f-b53f-4f35-8545-2f7053269634,"101325,25711,26487,66021,87408,94817",1746161546,2025-07-09 20:34:31.516539
10395c50-8213-4f86-ae3d-ff8c9fde9474,41361bb4-372c-424f-8722-c8b116e461b9,"101097,14934,58563,85619,99159",1752385079,2025-07-11 19:07:31.675911
1046515c-007c-4f1f-b4af-b2ed51faac47,cce55f9e-a970-4963-80c1-7cbc5a523565,"107902,40336,83378",1734638272,2025-07-09 19:43:31.642855
106acaa3-a935-4eb2-8cd7-e79cbe6cf954,26915146-eeec-4e31-885d-a01d3f08eadd,"104099,106650",1750478915,2025-07-09 20:28:31.628044
107ffab3-970c-44a8-b551-dd11b8cbf9c6,a75ded67-3ee1-45e5-8c7c-aeb1e5664498,"92357,97412",1751371114,2025-07-09 19:37:31.407534
109d6ea1-4fa8-4c2c-a63f-219d7ed7c948,32e7b2dc-a877-4942-9cd8-428f80600328,"104640,14522,37808,40503,40504,46269,50523,53561,58563,58583,65905,68297,75100,87627,94599,94601,94631,96098,96397,99195",1752226228,2025-07-09 18:46:31.426409
10ca7093-24f8-42b1-8a8c-837e653e772c,10426d9a-18f4-4419-9ea3-32d1a100c69b,"104100,105504,108886,15791,1639,19221,29461,30439,48574,53561,58583,83266,94800,9672,97304,99263",1752141451,2025-07-09 19:01:31.673767
10d27f6c-99df-4f4e-9497-a8e7942f465b,fb9ca2a6-ab03-4bb4-b67a-25061c43a9eb,"108074,35071,38441,51931,79524,83129,86543,92854,94817,95673,96547,9672,98747,99344",1752004800,2025-07-10 18:55:31.478294
10d7b0ff-7b7a-4309-a190-f097708c1b64,d1436faa-bf84-4c9e-a111-5aeaa76b6724,"100164,101097,11275,35731,4160,58563,79739,94769,94800,95272,96418,9674,97224,99229",1747336557,2025-07-09 21:37:31.433645
10e9586c-54f7-42cb-8f14-10a6a6cfcf13,e441a8ad-fba9-418c-a019-7e05e6ab4903,"101670,105447,105451,105459,105504,107776,1623,30878,32281,65145,65149,813,81852,95800,96370",1749795811,2025-07-09 19:55:31.439331
10f7c460-45e9-441b-96f1-cc7545608deb,128cc09e-f57c-4153-b883-e18f11f7d165,"105933,24250,25503,2607,37808,4388,48392,48517,48574,58658,80749,83129,90413,90584,95515,97304,99263,99344",1750906380,2025-07-09 20:19:31.511716
111f447b-f9a9-48f1-80b1-e182666e2c84,e3a012a9-5b2a-4dd0-a13f-1d66df010558,"103939,105555,106161,109285,2855138,2855396,47755,83696,92283,96083,97304",1752252113,2025-07-09 17:45:20.222232
112c23f2-0bb9-4cb1-bc58-f82bdbc472ff,6b336da1-02b4-49cc-a48a-c900e4dd2e1b,"103279,104641,106862,107514,10772,107999,35836,37100,40504,44935,50679,54066,58576,5883,68177,68285,75100,7521,83129,90584,94800,96660,9672",1751919391,2025-07-09 18:52:31.536339
112f831a-babd-4889-828f-d0430bf371f8,718047de-da79-4dac-8ef7-f5d5f71f1aa5,"104970,10727,10956,1704,19180,2068228,26396,32336,50408,58583,77792,83842,96640,97006,97624",1735632983,2025-07-09 20:31:31.402227
11323473-be61-4f83-89a9-9a177b0a912a,0679b2d2-df6f-40a1-80ea-a21b1da308b4,"1524,53561,90584,96083",1752122777,2025-07-09 18:55:31.759641
1157ef24-4142-496c-94ed-bbefeae4267c,bbf619ec-39ec-4d78-82ad-02923bdc9aaa,"107249,110193,110194,36580,6615,67022",1752041466,2025-07-09 20:37:31.608351
11816697-d116-47d2-8d8a-d37dc1393847,fb7318bc-b5df-433f-850e-1b39b75e7572,"101777,81865,84942,85626",1748789262,2025-07-09 19:52:31.520152
11844b30-be38-4f7a-931b-17ea5512bfad,615fcc31-37d4-4f62-b355-c7831293c97d,"37100,41088,6743,813,8908,94776",1751329721,2025-07-09 21:13:31.422326
11926cf8-9c7f-42b6-8457-dc672888a316,273ae852-6e77-4ec7-9c32-01b9124b9320,7521,1751581271,2025-07-09 06:09:20.135845
119524d2-c47a-4f2c-bc79-ff6efc69e3d7,151c512d-3cfb-408f-8bbb-9ac80f1b8172,"106237,24070,31260,32532,57130",1750033643,2025-07-09 21:16:31.455148
119e73dd-2bb1-445b-98c6-a70267d56f68,d7234d09-ea6e-4791-9c10-5edaa34cef0d,"15359,16632,52889,94601,98634",1752288320,2025-07-10 06:01:31.512189
11aa02ca-b6b5-4259-98e2-3fbcd0f2152e,c039b307-a069-41b3-b99a-5b5fba243c8a,"102397,106746,21299,22069,24259,36495,46130,56209,58576,62662,71296,83672,83696,85142,87315,96248,96397,96953,97304,97791",1751763441,2025-07-09 20:37:31.608351
11abcead-d963-4c4c-9269-273681d46570,fd671fab-e21f-4a9a-a9aa-69f41f4e89e7,"100015,100041,100048,102411,102494,103381,104926,106728,108881,24120,47319,48517,48574,82818,85175,87080,92184,92186,95097,97304",1751067482,2025-07-11 00:16:31.65555
11bfe02b-ac34-4a0a-a2ef-338ee7fb1b0a,181c1617-4ecb-4bf9-9c66-8938e6e85f5a,97021,1735836550,2025-07-09 21:22:31.50472
11c12d9c-65b4-435a-a007-382f1562c6ff,c8fa123b-d3bc-4634-9469-e3a1527b9cb0,"89704,95437",1751852294,2025-07-09 06:03:20.402123
11d4a662-4e25-44fc-8acc-c140d5a74bcf,3b5892c7-e400-49d2-a025-5270f506df09,"101833,106548,106804,106841,107359,107360,107813,1161,14934,34133,4075,41584,51931,58583,67682,824,88167,88721,95442,97175",1732841081,2025-07-09 19:55:31.439331
11d5f461-d9fd-4513-904c-6881b5f57de9,a7c95f6d-848f-46cf-bb5e-7de128dca94c,"100295,105626,106413,107860,12597,1662,48574,58583,7509,85163,94060,97711",1751427565,2025-07-09 19:25:31.714795
11ece26e-6fbc-46a1-8aa7-df89900a5e1f,00a0674c-e10b-4573-8072-00e0670e97f8,"101097,101820,18283,2267218,25615,25708,35348,45782,71936,79544,83129,97479",1752469189,2025-07-12 12:40:31.55665
11fb7c11-d436-4cd1-b726-cef2f15cfbd9,75c5e7e1-282b-4df4-9bd0-923015488d7a,"105441,106551,13007,4249,50523,58583,82309",1752123855,2025-07-09 19:01:31.673767
12070890-5fea-4348-8c4b-9cbd54b60aa5,8df0afae-309c-404a-9654-8d7d1d2164b8,"101731,104493,106789,107018,107473,108487,26728,5353,64427",1751073286,2025-07-09 21:19:31.485127
121a354a-58f7-44d3-b653-9046dee1a87f,f05094dc-2eea-4354-8906-7d24d36ff07f,"103444,3227,72802,85783",1751653811,2025-07-11 00:16:31.65555
124012d7-79cf-4eb8-933a-bbe19dac7f42,b48603cb-73ff-4c8e-ac8d-f86ae0b41076,3946,1752282766,2025-07-11 19:07:31.675911
126f4e4f-9d82-43db-9057-c3de263ec87f,7a15a5a6-e289-4549-a8b3-39c275667431,"100343,106015,106688,10730,107577,107902,11605,15839,2174404,2822736,29843,33580",1751752261,2025-07-09 21:25:31.482511
12715e60-f268-4ab6-86f8-3f17108188c6,0ecc16b3-6133-492a-87db-bc6abd9a6541,"11632,55493,58658,61600,64427",1752149675,2025-07-09 18:58:31.654225
12752298-21ab-45f9-8023-0470c21907e7,949651bb-191f-4991-8bbb-b6ab645333d4,"102633,11520,2148652,24250,3060,35348,35462,52753",1752426962,2025-07-11 19:10:31.371089
127f1b5f-a8c4-4513-8ef8-29859b285f50,41176e95-52db-44f9-a1ab-320232ed06ad,"104176,10770,108513,109462,11632,13170,1523,38441,42294,46269,47057,55493,68987,79742,88891,89482,92854,93754,94599,95637,99216,9926,99263",1751305680,2025-07-09 19:10:31.750627
129cde4f-c52d-4ed6-aad5-79ca68116000,1b4301df-2023-461a-b105-f5e64e15471a,"105885,2031001,2148665,70586,7098,96078,98872",1748668510,2025-07-09 20:31:31.402227
12b3cba7-c666-4af0-b4f9-c92a59c3a7e3,e3ebebed-4edd-449f-a703-55892ff2acf3,"30439,52394,94227",1752114436,2025-07-09 19:07:31.585047
12b56758-02c4-4014-8248-41b3c72c0cfa,a1a0913b-5165-4aac-a610-7239f77666dc,"68987,85783",1752047995,2025-07-09 19:01:31.673767
12cabb69-aaae-4f81-aec1-76b90549d93d,787ba96b-1b7e-4097-87cf-34852b1a3d26,"101968,103429,62662,7521,94601,94776,96083",1751312469,2025-07-09 20:28:31.628044
12e52d5b-656f-4c0a-8650-b42d356ee406,a4b6d083-1f6f-45fc-bf60-6dd0af1fde70,"10303,106355,108295,15791,30439,79524,79742,94800",1751841702,2025-07-09 19:46:31.620522
12e85465-e51b-4c53-8d5a-528d774a2163,955f30a0-8a8e-4b0a-96ee-7465619c05b7,"102850,106189,32878,6615,71602,8526,9656,98741",1751925248,2025-07-11 00:16:31.65555
12f58dab-775f-4877-b1ac-83b7912e1384,b8f5eff0-ad72-4a61-a57c-267844057f30,"104652,105763,12120,18226,34198,40187,88108,91690,94631,97066",1713764055,2025-07-09 19:52:31.520152
130ea9d5-3e6e-42e7-83c5-8c80a783a0ea,0f55a6dd-cbf9-4079-9630-f45bf49f86de,16772,1752106752,2025-07-09 18:52:31.536339
133bca97-39b9-414f-95c8-f0c8a433493a,14e52e2f-d557-46c6-b297-16d438022fbe,"104876,10766,17995,2089603,2159135,25652,33493,62662,65905,85163,86958,94599,94601,95409,96953,97479",1751598481,2025-07-09 20:37:31.608351
13428772-566e-4e93-907f-a8009e98a77d,86bb0d71-5c73-44a6-b60a-0f5f00e4a2c8,"105448,2261545,67997,81402,95254,9729",1747997864,2025-07-09 19:52:31.520152
13727fab-7bae-4635-a060-3fa80066374b,1036eb2a-4c01-434c-a314-12e09265c96d,"105089,79524,98700",1752336268,2025-07-10 18:52:31.513517
13758e8d-426e-4982-9f2d-60802cd0d6e1,64b986c4-48f9-47b6-b3f9-6efa06d2f71f,"101528,13046,15516,159,295,30195,39299,95800,98389",1730522648,2025-07-09 20:46:31.392832
1380d3a8-ab7e-455f-8ea7-0c8446b364e9,01d0d00f-7bf9-4b97-8041-9c09f3f6448a,"58576,5897,79524,98075,98700",1752042019,2025-07-09 18:55:31.759641
1389292c-0d41-4ab7-928b-592308799d09,26c6cab3-65ab-4880-91d2-c9a19ffc3fe0,"104424,107503,107693,2254649,44169,51439,85121",1752340543,2025-07-10 18:52:31.513517
13bc6093-4b01-4404-b39f-1a64e64787bc,657a6957-5cf0-4199-a994-af1042e3e27c,"106323,19237,26487,37808,58583,61602,77957,96701",1752093840,2025-07-09 19:22:31.604565
140c9f30-79e9-4e8c-9174-3b7479567ae9,568ccd59-f662-4f74-a7a0-e774237a3887,"109694,64249,98821,98823",1752103989,2025-07-09 19:04:31.645408
141d7faa-559f-4ab2-ae37-660a42d357be,7707cd0f-0582-4bee-97fc-259c4612eee9,"18065,19221,19231,20030,2813504,32486,58658,73312,9810",1749254814,2025-07-09 20:28:31.628044
14211ab8-9957-4524-8de6-efc43b2dd71c,69de8a76-5975-4059-acfb-b39a5fc3387e,"100029,105847,27693,47057,67166,93015,94525,95361,9819",1736487428,2025-07-09 21:16:31.455148
1439300e-c397-4bea-bad2-a9ef9d8cef19,2e881412-39f4-4d12-9586-32d471ef79d0,1662,1752300934,2025-07-11 19:04:31.380296
143ec1d7-4d0f-4202-8fbb-1907ce1bfd79,ebc0f827-9824-4a56-bb67-761c81391478,"102644,107099,19538,26490,31838,82818,90542,99216,99263",1751684909,2025-07-09 20:58:31.613441
1451f4ee-0b87-4f6a-8640-bbbdb51b5f6a,2d83b435-4a58-44b6-864a-2e3ee04e1fce,"102173,104380,104673,108907,14002,2144703,22722,270,85913,93839,95933,96049,96193,97304",1750532709,2025-07-09 19:43:31.642855
14562fed-bdb6-4205-bc5d-c8f6a416ec2f,669802a0-0196-4de4-a8b2-804c6259b6b3,"100745,30505,95689",1752019699,2025-07-10 18:52:31.513517
1456cb83-61cc-4602-9c85-8862009dd696,89c3ef87-23b2-4315-b5cb-dd772619bbb8,"102968,107682,108468,109406,165,2184663,46889,6463,70583,80463,86414,94692,99403",1751941688,2025-07-09 18:52:31.536339
14b3f44d-21c8-4c1e-8709-57075e5119ed,33c99abd-6fb8-486f-a1d5-8a8d49a14196,"101068,107107,35771,460,98634",1727238512,2025-07-09 21:49:31.460853
14bf8ba4-5175-4781-a923-6dec412aca4a,a6e3cfdd-5f9e-4c06-88ae-91a55ea29ceb,"106550,56209",1751723548,2025-07-09 19:07:31.585047
14c64ca0-78d5-408b-85f6-0c786d89dc9a,07cc89a9-6461-4640-8c26-3dd8e9efa553,"103030,104640,1910,25652,58583,5883,95750,95933",1751466933,2025-07-09 21:01:31.521295
14e0b3c4-e4aa-4034-ae41-59c95c7870e1,57112fdb-d388-45e4-9575-07d2c8ed8bde,"43779,50395,72397,98387",1735624059,2025-07-09 21:22:31.50472
14e2ee28-ced2-47c7-992e-7884ca30abc1,6476c1c7-b6d9-47f1-8b18-aa24e9ff787a,"101292,102084,104617,104809,106513,106551,108074,11275,1254,13029,1662,28223,38750,40336,58583,65289,68987,72943,79524,82308,82309,90755,92920,96083,97042,97217,99403",1752058615,2025-07-09 18:49:31.587698
14ed622b-d813-47f8-8df1-e398e0dc2764,d5897d0d-2a54-4731-a739-09ef1872b2fc,"11079,1983,2202487,42294,43144,58583,73907,75100,94377",1751078232,2025-07-09 19:01:31.673767
1513447f-e128-4bad-9e88-ee1d6efb4818,1ae83f96-d27a-4c22-afbb-29946710ac96,"101741,107310,11632,2164368,37100,41020,51261,58576,58586,91788,9192,92313,97338",1748385956,2025-07-09 20:28:31.628044
1528378f-07f3-4870-ad38-3951bb6e0829,1fd9e797-76e2-4f5f-a778-44d5c68c1f50,"107752,2164658,2164899,48574,85180,86852,94800,96324",1751659784,2025-07-09 19:25:31.714795
153e04b6-cf93-4860-9d07-a1c6d858128b,8b96ba89-607c-47bc-adbf-ccd662302602,"104876,105626,106002,106486,11061,19221,39195,40157,41089,56285,57298,58586,58658,77946,80749,93978,94800,95834,96397",1751523737,2025-07-09 20:40:31.784592
153e50c7-c3f4-4639-adce-35f91ec36607,0bb71c30-531f-4627-ab80-4aeb013a3cc0,"105265,42294,77885,86191",1750122403,2025-07-09 20:43:31.463099
154137db-51b2-40e8-92a5-0bd8942a2b5b,cb54cfa5-8278-4cec-89f0-0a59bcb91d88,"2047817,2048243,2074319,2245404,2813504",1744939005,2025-07-09 21:34:31.499073
15435d85-ee1d-42b7-9978-8d3c4879b236,c34890df-d7a1-4498-9969-db60f8d6836b,"105970,109837,13980,22469,83732",1752438973,2025-07-12 12:40:31.55665
154a3cf0-b12f-4ed0-9293-24927c55596e,41ee0d6e-a1a6-4d90-9dc6-e01d3680ab58,"104970,10727,302,40527,41089,45782,5403,54603,70369,79458,88108,96660,96953",1716870032,2025-07-09 20:31:31.402227
1558e96f-c825-4eb2-802e-8884381209ed,602bdffb-385a-46f6-b1c7-e639c9f9b506,"106480,107632,107693,109698",1752348909,2025-07-11 19:07:31.675911
155d79c3-b874-4e2f-ba23-17322a12da25,503aee73-9ed0-49d1-bad3-ad428be9158a,107577,1752278961,2025-07-10 06:01:31.512189
15606102-e5df-4d93-90f4-9baf7aba95d5,54862e07-b270-40b0-851a-581958984964,"13237,77885,96024,97078",1750376223,2025-07-09 21:34:31.499073
15658e34-ef76-4613-98ee-9cbaf61a9f78,88b4bd6a-25d5-4c66-a29d-eedf34add325,"106240,12012,20795,39201,459,84865",1751831525,2025-07-09 18:55:31.759641
1577ca41-2c63-4b58-a824-0f18717cfefc,ee535670-05bb-4a7f-82d9-0450c446b47f,"105725,105816,14002,2052,2071,36485,85175",1752127547,2025-07-09 19:37:31.407534
157946b1-383b-46a9-93e3-38f34a9f08f1,9da02dce-9c72-4e36-8e68-df9f3e61b029,"24070,48466,58576,73907,96802",1752207413,2025-07-09 18:58:31.654225
15b75711-1e7a-4a43-b7c6-4b895ab7e362,f1025d0d-b5d1-4558-bed6-5d306abd2dca,"100328,103995,104630,104925,106195,107285,1910,83341,96225,97412",1751750802,2025-07-09 20:58:31.613441
15be3cc1-3bca-4dc5-be7b-67ad49c06976,e9a5621d-bc85-406b-9e69-92103f782f24,"15791,19085,2858649,30439,34559,4235,51265,86543",1751982331,2025-07-09 19:25:31.714795
15cbe6fa-c179-411b-b173-01bbbba35a2a,bc807d00-6c48-4440-bef2-05c376f0f5b9,"100255,107860,2155599,2158,94377",1749666606,2025-07-09 19:46:31.620522
16114523-7046-4614-979d-92f66a92b5ac,c310ce44-6458-4381-95b4-1a6c1edd5e1c,"2132729,2155604,2864973,43336,58586,7521,85163,94097,95097",1751645891,2025-07-09 06:09:20.135845
1618c8c5-1c02-4011-9fc1-035fd1acfdc7,220001ee-e6e6-4b6b-a82b-8b39a6647af7,"103511,104485,104876,106741,109194,109281,109506,38441,41097,42294,48574,53561,7542,82476,84087,90177,90206,93015,94025,95933",1750344734,2025-07-11 00:19:31.492721
163cfce3-d9a4-4108-becf-1fbedb248f0b,f6d49fbf-0f43-4040-9a24-e0cf86e12483,"106400,108735,109512,11724,14760,43137,58658,61602,62728,83685,91618,96547,96660",1751651832,2025-07-10 19:01:31.560317
166715f8-503c-4f8a-b130-2e2bfebe3141,aa5bf897-0283-4fe1-a348-7cb572372b6b,"105089,15791,24702,30439,38441,51931,69106,7521,81224,94799,94800,97078,99344",1751759993,2025-07-09 19:10:31.750627
167cc200-f511-403f-977d-352d2f06ccc5,8f746297-604b-457c-b3cd-1c1881298832,"107581,107793,2839495,2864154,35256,52394,97224,98741",1752104307,2025-07-09 18:58:31.654225
16a6f5d3-ab9c-4f3e-b86f-d620f1d17c7c,c6c4ee5f-426e-4568-ab9e-db980316de87,"104100,107740,11369,19221,2478,37262,71188,79742,83266,83521,94601,95353,97006,97304,98613",1748922620,2025-07-09 19:43:31.642855
16bc844d-a8f9-4285-be06-2c50a190d372,7743402a-bc79-4b9e-8463-b2066d8b83df,"105905,106467,109024,11517,37808,42294,46130,53542,76470,82069,83702,8715,96248",1752433755,2025-07-12 12:37:31.584738
16e2fea1-54a2-436c-8b90-3da773d99616,c05ba120-9561-4f76-8732-673e8aba66d0,"105724,106438,11632,18981,30548,46106,94378,94817,96083,97711,99774",1721772835,2025-07-09 20:34:31.516539
170b8ea0-746c-482f-9bb2-aca3d75c703f,9e381c60-0094-4ef9-8b27-7c52278a7238,"11789,20774,2238801,2478,52677,52753,67937,77425,8715,93017",1748143917,2025-07-09 19:55:31.439331
170f8ba7-3eec-4de0-a877-8577d3b5b903,a57fef9c-80f7-4a79-aa66-caa494265e31,"10765,14061,21353,2544,62782,80024,95409",1749183297,2025-07-09 20:28:31.628044
1710013e-0fc9-4b39-82b5-90bbd8b266df,9012e5e9-9d12-4f34-a9ce-c76196358f24,"105275,107579,107898,11517,1910,20337,23793,25656,3227,34636,42294,43575,49176,49705,50523,58583,65959,73815,80049,83675,8641,87354,89008,90541,91309,92675,95750,96397,99498",1750965631,2025-07-09 21:04:31.429108
17124508-8ca6-4404-9858-0077649e80a1,509aadeb-ce54-4fe7-bcb7-91e2a5862a88,"10638,107860,108766,2607,38441,89310,89996,96660",1750485063,2025-07-09 19:46:31.620522
1742b850-b859-41a9-814c-5a9e57a63b60,acf85f1b-2d94-40d6-9e9c-42c47d28dc01,"100575,101730,102462,104485,106550,108439,2194974,2207675,2226467,2828276,2828277,37808,42701,53636,56083,56209,58583,58586,62740,83589,90541,95694",1751686517,2025-07-09 19:07:31.585047
174f0a3a-7811-4ee6-8dc7-4d76ab417440,a5045f62-6d9e-426f-9ade-bd82a0f2e3f5,"105422,10638,106658,107153,17995,43861,46889,65145,7309",1752186076,2025-07-10 19:04:31.302353
1754ffa9-6353-4b8c-85b5-559a2d83f187,49add35c-87b8-4b79-a303-fb4dab6ce781,"11275,12189,12397,2607,3229,42294,53078,58576,58583,58658,61600,76470,97479,97790",1752111222,2025-07-09 19:22:31.604565
175ca8b8-a8b1-4afb-a86b-60dba0f64f2c,a6797a49-ce3e-4f13-ae45-411c10e0a18d,"106370,109506,109566,2607,53542,84942,94817",1751516654,2025-07-09 20:58:31.613441
176a9e8d-9eb2-4af4-995d-d5e907ead55f,32ff824c-dbba-4166-830f-82ec33b54edc,"101796,11632,13082,2254649,29016,35548,45782,68987,73907,77789,833,88487,90362,94440,95515",1752016655,2025-07-09 19:01:31.673767
178ac8bb-da90-4319-b96a-f4f194b1fef4,4521b646-0cd2-443b-b949-888333c56502,"104099,105981,12010,12166,26620,2792,37262,37803,5376,58583,83390,86823,88728,92548,94025,96248,98557",1745620785,2025-07-09 21:34:31.499073
1795fade-de89-4305-9604-0f6d6957ea98,bda2157b-d1a1-4c17-88bd-26a2bea68858,"102331,103999,106240,41791,43137,47319,5353,62112,80024,81402,88253",1752004106,2025-07-09 18:55:31.759641
179b6c0e-f2fa-48bf-b2d2-381264f35c58,0a55fb04-e0e7-48bd-9ec2-2a7bb0dadbe1,"94601,94776",1735865123,2025-07-09 21:22:31.50472
17ae9aad-da4d-4450-a742-27d0dfefebdd,20dc6557-ffb7-48c4-bc58-6cfeef13ea60,"1662,2052,39201,99263",1752323608,2025-07-10 19:01:31.560317
17c195a9-ef2b-4bb1-817d-238cd3120ef7,b26d0b55-1e17-4bd7-9a60-a385593ac1ea,"102494,102719,96078,98906",1751845070,2025-07-09 20:52:31.34132
17cd30c9-f38f-402b-8558-4c246a6b0a5d,7c4cc736-6d48-49e3-a704-3a9bc2cbef17,"2082705,2093058,2100414,2100417,2105548,2105682,2106735,2107017,2107020,2114285",1714842802,2025-07-09 21:49:31.460853
17cd4c57-9e25-4eee-8007-ca76c2c1c584,2fe604c1-9dcb-4d12-86ec-c54a32b3f4e1,"100164,104204,106601,13935,15359,15520,16773,18283,27581,33577,75100,76470,94169,95697,95886,97224,98781",1752129108,2025-07-09 20:52:31.34132
17d56a95-66dd-4376-aedb-405794072aae,4c7e696f-06f4-4c8b-9a2f-0d863acf4527,"1910,2607,58583",1752053739,2025-07-09 19:01:31.673767
17f23400-05dc-4606-8f84-8257eabbeae1,6f60bba3-a7c8-4b94-b1e4-6aad163e381c,"38441,58586",1738299583,2025-07-09 21:34:31.499073
17f3f7f7-6fa7-4f98-9442-0997afbe84cc,599aec5c-87f7-40ca-b715-eb64ae3da92b,"102173,23425,3227,48400,58576,85163,89163,90542,94145",1751323735,2025-07-09 21:01:31.521295
180cc00f-951e-4fdb-ae09-27155dce72c6,a35e56a8-e49b-4d13-b361-5ed1f06ca3b8,96625,1752250326,2025-07-09 23:28:31.266574
180d36ef-e7f9-48a2-8cc4-58deb03e8ac4,b708e95f-d4dc-4452-99b8-496aa426fc11,"105626,22347,23425,63940,98075",1752031682,2025-07-09 19:25:31.714795
18120317-8867-455e-8fa8-cd585f37060c,6e39abbe-8844-4160-a72f-ff713c752dcb,"106267,1910,62892,99371",1750164663,2025-07-09 20:34:31.516539
181591bf-2a96-4278-a272-f907ac83942c,8671b000-4f31-419d-95af-2f07cd66a74b,"13029,2174716,46269,83129,95750,96083,98741",1751939873,2025-07-09 19:37:31.407534
181b3411-625f-4896-a915-5b073c91583d,462ff8fc-3c55-4a23-8461-5bc0a978ad2f,"103658,104401,58131",1727891700,2025-07-09 20:34:31.516539
18233556-31fd-4198-997f-2d17b5373d24,be80287a-095c-440e-bb06-7d082a817d17,"3229,39201,3946,48574,53561,67147,94227,97304",1752407428,2025-07-11 19:07:31.675911
183011d0-0120-4826-b8d2-faf3d83f5f67,e1fa08f4-9e00-4d55-85fa-4bde5db41fb0,"102494,104523,12134,18284,4007,53599,73312,96977",1747472531,2025-07-09 19:04:31.645408
1853a26f-4e16-4622-9b0f-90bf0fa8b4ac,45faac9a-82b9-48a0-b7e5-b0cf4bdb9b3a,"105956,106565,106717,106932,40336,43573,44935,460,51299,54635,58583,66118,74434,74787,8174,9365,961",1723406436,2025-07-09 21:52:31.305656
18567d63-ba40-45c8-adb3-8787db173703,fb4bd362-288f-4a80-b543-cf81f41c2290,"18283,83702",1751318214,2025-07-09 19:04:31.645408
186323c4-7e1a-4054-99aa-1bae51ceecf4,24f1b73a-7853-459b-9c28-9760ce8f7acd,"91231,93978",1751244603,2025-07-09 20:40:31.784592
1864a8b9-de17-449d-9082-06bcae564935,bd1b4435-16ff-4323-b08b-6189dd75e895,"104013,11632,20796,25206,33577,40709,46130,58583,58586,64586,813,88463,94601,94800,96249",1752118980,2025-07-09 21:07:31.368637
18674b97-eb4a-49f3-9fea-f9cb09b0b98b,29ff55e4-7f23-41a9-9477-cb87abb0e652,97224,1752119806,2025-07-09 20:52:31.34132
18731349-0625-4b12-83aa-a20023749110,c11bcb1b-4296-47ec-b4db-f9e7f97184be,"1063,106413,11275,35462,6615",1750641374,2025-07-09 21:16:31.455148
1889db28-a020-4e67-adbb-a47588ba28b0,2badbdce-7398-4cf9-b531-4c43648c3172,"102416,11632,34588,42704,5764,58583,62007,77959,9672",1751051347,2025-07-09 19:01:31.673767
18b63597-5735-4ca1-b8b9-01253f2d50f0,5d618d3c-808c-420b-b844-0f25214125d0,"105119,10791,108401,11724,13827,24250,86828,87072,88981,96083",1751322156,2025-07-10 19:01:31.560317
18c23b66-cdab-42b4-bf95-f1f764f78e94,1238fab5-44bc-433a-9f04-1da26b341c04,"105602,1910,2055263,2194562,2205361,2245754,2252134,2833280,2856773,30439,4235,6463,9643,97224",1751949685,2025-07-09 20:49:31.280575
18c2eb94-16c6-4e8a-b98f-ebc1b8deef5f,51d2ee95-07d8-4a9b-a722-606c1693642e,"105018,107345,1910,2048240,2176981,76470,99216",1752366612,2025-07-12 12:37:31.584738
18c3d10a-5e63-4af1-b809-009966b67f4c,a0ec83e8-6c57-4238-bc7a-50619e98ff13,"102578,2057452,2068,67594,77946,82290,95272",1746418142,2025-07-09 21:34:31.499073
18cee283-d75d-4b93-9fd5-76f2fbfc781b,06436e02-cf48-4b05-a100-c5e70e97df4f,"104876,20800,26891,35484,58583,65289,65902,72943,79532,83696,84811,85774,88859,88892,95947,96083,97210,9819",1751454318,2025-07-09 20:40:31.784592
18eaff0c-8a01-49e5-9be6-f272e5b04f43,9c2cf208-84dc-46a9-aaa8-aa66fbfd4420,"105411,108337,108509,109910,3042,35918,52413,79742,83471,91308,94025,95573,96083,96225,96942",1751250588,2025-07-09 21:04:31.429108
18f27128-26a1-455b-9e70-31d479586175,a3027920-4b15-4d74-8a5f-3f97c309030e,"101334,107713,108569,1311,18643,19221,2237722,2266451,2817577,2827063,33580,42704,90177",1752377048,2025-07-12 12:37:31.584738
18fe732b-60c9-4531-88f0-d3911d951043,20253481-394e-4545-b125-a51ff1f78bc6,"102968,104723,24250,24702,2802,37808,38441,5353,64427,99216",1751799058,2025-07-10 19:01:31.560317
1926dd76-4201-499e-8547-f25f829f94b0,325293d9-2183-47a1-a1a2-e99ee063a1c6,"2262733,2822644,2830327,2839042,2839043,2839046,2839048,2839050,2839051,2839052,2843847,2876648,2880013,2880792,2881019",1752252353,2025-07-09 18:49:31.587698
192b2cfe-0833-41bd-939a-53a9621b5a59,ac68919b-7284-4203-9477-8f8129ec0533,"104723,106550,13237,2055050,24250,30439,48574,61600,69106,77946,83129,9672",1752291990,2025-07-10 18:58:31.529937
192ca392-5ebd-451a-9d2c-48d4de5f7436,9655d8c8-6222-4341-8c45-d8ecc72eefbb,"108338,109901,17286,2149398,24250,57298",1752216505,2025-07-09 18:49:31.587698
192d30be-8e62-41a4-8d09-36ed1a6a0ede,8dab45e7-c558-4a26-8a71-49f542027ea4,"20795,25503,58583,90584,96083,98700",1752080166,2025-07-09 19:07:31.585047
1949b0fd-35a5-40a8-ade4-3a423a08dded,5adffb1c-b379-4d0a-8424-9eeb27113572,"11632,1910,49705,53561,64427,94769,99216",1751246024,2025-07-09 21:04:31.429108
1958c60a-839a-4393-a036-67c54aec09af,7a3b8612-c730-4579-ae16-0ae1c770fcb5,"50539,58586",1751752460,2025-07-09 20:37:31.608351
196289de-7d79-4cde-8576-365a43e2188a,8e518887-89ff-480e-8eef-c20b9b9b1232,"101322,48574,55493,58583,74888,91215,94800,96701,97304,99344",1752164134,2025-07-09 19:01:31.673767
196a3b36-bb4e-4df4-8b1c-6df7138ef469,c6ec1489-abd5-437f-87bd-83068a709403,"107760,24092,26891,77946,88660",1751892571,2025-07-09 19:22:31.604565
1970f1a7-d2ef-4bc4-98bd-59b8a7565d14,c43e04e3-f6c8-4934-a858-b4fe461d85f4,"105626,44610,76470,85180,94074,95947,97227",1744728914,2025-07-09 20:25:31.345235
197bd442-eff5-4e4a-8015-5e3e14c8de06,13f096ba-5579-401b-a722-4438fbda3179,"102494,105531,105657,1060,106411,107540,107858,108000,15326,17995,22290,25206,25503,27561,27605,29171,30335,37132,44218,48574,73312,80749,81812,94025,96397,96699,97270,97304,98555,98670",1747601928,2025-07-09 20:28:31.628044
1989be55-a308-472a-9f63-70d95664d1ac,2b56319c-a6e5-4d62-bef5-258252ae702a,"100527,10791,108122,2248703,24250,40955,55493,74354,86325,94443,97790,99216",1751248947,2025-07-09 18:55:31.759641
199b6219-b7b8-4d59-bb5b-3655ac517d01,2ac3ee92-09b7-4c3a-9d02-36ba63bd52f6,"101540,103381,105918,105970,25656",1750611093,2025-07-11 00:16:31.65555
19a34fe9-d604-4a56-9329-ced66f45fa41,19fab2d3-fe24-495d-8be7-caa964943cfd,"101609,104356,104357,12025,26728,5461",1751092117,2025-07-09 19:28:31.448042
19a9b401-c3e1-4258-8cc1-1cbd4f77777e,4eefca29-ed8c-4880-8d90-137103f4d83a,"100611,105833,1254,13644,1910,24092,37132,94631,95750",1751681849,2025-07-09 19:22:31.604565
19c8c30e-afd5-4f66-9a98-cd04e8e5b3c7,56ccb0e9-f10a-46a4-86c1-7bb3b7a168a0,"104117,108201,2116282,26489,42699,5771,85163,89647,94776",1751520671,2025-07-09 20:58:31.613441
19cdc1f8-c3ba-4a67-ab3c-61f9e06b6a1b,7c2811db-541a-4b84-a2d9-eea4e81e71bf,"109120,58578,58630,81647,83341,95857",1750653504,2025-07-11 00:16:31.65555
19d52952-d2c7-442e-bed1-0ce2747b79ed,62f6d8c8-0ddb-49a2-b4a5-fc5f1d2df3d3,"100029,101096,105448,105504,106469,108513,10956,11520,11633,12012,12462,13082,14905,14906,17914,2048239,2055050,2164903,25442,25503,26986,32337,346,3569,38924,39623,44282,4701,4756,51288,56648,56846,58576,58583,58658,61600,65902,68300,70952,73907,7521,76470,86679,88364,90413,90996,91212,91255,93558,93953,94599,95272,96660,96920,9810,98557,99344",1751084165,2025-07-09 20:19:31.511716
1a140863-bfb1-45d3-8be1-7fcc9ec667bc,1083eef0-6877-4cb3-acc9-03546001cbc6,"107760,15359,16951,22069,48518,4854,53561,67149,79524,94062,98736",1751821875,2025-07-09 18:55:31.759641
1a1bb221-8d88-4ff3-a038-538beeb658d6,b69c8728-1ee1-4e62-bea5-9c0b1472514b,"104203,107344,10772,107747,107829,17834,26485,76412,962,96625",1752119126,2025-07-09 18:49:31.587698
1a21d33b-df5d-4b34-96f2-cd3e4073fd7d,b09d6bb6-5b2b-4a25-8b8b-6ecd8c5d48a6,85433,1723052975,2025-07-09 20:22:31.445516
1a2a5e09-d91c-4b96-b0ba-322f0ac0784b,14bf344d-0bff-41c4-a37b-b22fbc0d30dd,"11275,18052,19329,24679,25433,26741,5771,73907,95750,98544",1752469856,2025-07-12 12:40:31.55665
1a34ec77-8674-4b09-bf69-a5e8b6128a82,1a3962aa-222d-4388-a332-cbe904a16745,"108606,108607,1254,15403,48062,95933",1751495647,2025-07-09 20:58:31.613441
1a3668ff-260d-48f9-98b4-dc2e416a1b78,a7ca905e-8302-4f7d-9672-bee7e3d1e01a,"104573,104623,11275,11369,19221,26637,58586,67997,69106,86543",1750626146,2025-07-09 21:25:31.482511
1a39c8ae-ffd2-46b3-a001-1052259ee203,e2b0ecca-9d09-414d-a2f4-e083600129f5,33585,1751497197,2025-07-09 19:22:31.604565
1a4bb3e0-f0a5-4a3b-b8db-1883655fb505,5291bf28-3364-4d40-9715-7502d77a3ae2,"58576,96083",1751921164,2025-07-09 19:22:31.604565
1a6c670a-a8cd-4986-bf67-e93e87216f3b,7a2fe9c1-9537-4888-898d-6a670b139ae8,"103744,107451,17915,19219,24588,3510,36852,84118,88799,96977",1732982264,2025-07-09 20:22:31.445516
1a76ae23-2b33-4fda-b268-043a0a89c756,4a120db2-3030-47c6-ba82-0bac8bc7e6f7,"105665,107632,107756,109137,109584,109698,11632,2033211,2226133,25611,2864175,42294,53077,53730,62662,65742,70833,75100,80252,92305,99090",1752205548,2025-07-09 18:49:31.587698
1a7df259-4612-42aa-9ddb-516dae9bf71b,f6ae52fc-f813-4364-a6b8-b695f9a8f8f0,"109285,11275",1752462130,2025-07-12 12:37:31.584738
1a9347f6-740d-4247-9132-788d23f2c247,4730d752-9af3-44af-9aa7-f34174a4312f,"10171,102615,105750,107006,107739,79524,97800",1752106417,2025-07-09 18:55:31.759641
1a94cbdd-fa7b-49d2-8f8c-f3945ae563d1,77280907-e890-4bc4-be09-eeb4d4c1b6bf,"105306,15791,39201,89482,93670",1752285130,2025-07-10 06:01:31.512189
1abd4269-cf9b-478d-9fa1-01a099852104,e02634ff-4337-4e1c-b2e4-91b651c38dcd,"101796,42704,61600,68177,69564,92428,93985,94555,95834,96664",1736782129,2025-07-09 21:43:31.40037
1ac15a5e-a9f6-4384-a0a2-a7fbf8d1a1da,4fd2a986-9f3d-481d-b531-52aa3b64b6e7,"101323,24250,56295,58583,67594,76470",1752434762,2025-07-12 12:37:31.584738
1ac89e5c-96d4-4df2-a39b-a35eec4d41cc,17e35588-d50a-4034-aad0-656ab30b400d,85619,1752213083,2025-07-09 19:19:31.413237
1acc28bf-9c9b-4417-b5b8-6533995dce70,19f0e89c-5723-4aa1-b4b8-2a1e98f8f80a,"105016,3474,38441,40213,46130,52945,55524,58586,58658,6351,68297,71188,71906,84590,877,92262,94800,9672,99263",1735663774,2025-07-09 21:22:31.50472
1ace9841-32fc-4c55-8743-b672bf4b0e7c,b835b86d-3e7a-4ead-8619-896be6d04957,"100535,101095,102896,104229,104423,104826,107018,107211,107301,108242,108336,109287,109479,109670,110021,11632,17267,2048239,2048243,2067925,23062,24092,24536,25503,2811005,2839496,2864962,31736,3569,38441,40549,46829,81813,84729,92301,99263",1751730488,2025-07-09 19:43:31.642855
1ad45cd7-5b5d-4194-9915-82cdda95fce8,f8777be1-fc6f-4423-9e0a-78a6653de38c,"101097,105093,105626,107672,109179,16041,16188,1763,33493,37132,45782,58563,58583,58586,77071,83129,84942,90671,93985,94025,95493,95668,96225,96802,97304,97565",1751671350,2025-07-09 20:58:31.613441
1adbaf76-f837-4a3a-863a-c55476a01d96,601c85b8-5b18-49ec-ae08-c47f2fa6b1fe,"24571,30439,53561,77946,83266,94799",1741661310,2025-07-09 20:01:31.36324
1af5ff5f-de52-433f-b1c7-0d9795c6cc2a,9df24a2d-dbf0-4a3c-be28-a8db3e8943c6,"10303,21833,2260789,58586,61624,62782,75100,96083,96802",1751695800,2025-07-09 19:25:31.714795
1af93f3d-3d10-4f46-a694-fb65c3f71b79,983df35a-1a8f-44fb-8000-bb4e7f605e62,"106754,142,16807,20013,2068,37447,39299,46269,48574,5353,56285,73303,76470,87218,91262,93978,96701,96953",1751250123,2025-07-10 19:01:31.560317
1afdcf4c-38f7-4874-8afa-057c6c363df3,8710c080-68fb-4ed8-b86e-05a3c8f784c8,"107860,108513,109116,12010,12597,27463,28839,35632,3569,4023,58586,58658,93978,95444,96942",1751081140,2025-07-09 19:46:31.620522
1b00ee26-b2bd-4c63-9738-6463397f2232,a1b0b883-2f0e-4a86-ab61-c171ec06c5bd,"101619,107210,107514,108122,109884,112,11275,19231,23543,3229,50539,53561,58563,58658,62731,69106,80749,81402,85874,89482,94599,96729,99344",1752085393,2025-07-09 19:13:31.292515
1b0dec3b-8985-4f3f-b8e4-c188e2c4a677,d80bdf47-9705-49ef-872d-fec3885508e2,"108107,12138,2071,25656,58583,61602,96100,97304",1750972649,2025-07-11 00:16:31.65555
1b10e4b7-1f43-4591-bb1c-07e1a61f01b8,40a7e6c6-f114-412d-9a86-f0b787d6eee9,"101616,102916,43336,47113,47114,53542,70395,80531",1734661243,2025-07-09 19:40:31.494332
1b2771f4-ac4e-4faf-8b20-4bc1e33b245e,052a0068-d755-493a-8596-2d61690d9908,16772,1752108213,2025-07-09 18:52:31.536339
1b2be2f6-c942-4f6b-80ae-56f2a2933d87,97cb62ba-9218-4586-9b28-c639dc0d11d8,"8715,96707,98480",1751232421,2025-07-09 19:04:31.645408
1b3c689e-e295-48dd-8618-a632eb72e892,57f76738-e442-458d-83ba-17ee3eaf80d5,"103427,12597,2824589,30439,83471,85118,94377,99403",1751947476,2025-07-09 19:22:31.604565
1b41be66-9eba-4ee8-b3a0-513f03591d44,ea149438-c600-41e1-bd8a-3875492ce8cd,"107614,25433,40504,42704,67594,7521,8445",1752448955,2025-07-12 12:37:31.584738
1b4b49fc-9c0d-4877-a403-cb5fca866024,890a7c16-2eff-4c8f-af0f-1bbf91c8202e,"11632,24562,37808,53561,94631",1752186988,2025-07-10 18:52:31.513517
1b5ad7e4-1951-44b7-8a69-73fe8de772c4,d4436bab-8bbe-4010-80ad-61ac95d7dc75,"100860,102494,104931,104933,106234,107459,2070606,2132590,2365,2832291,2833408,2851734,2851735,2851741,2856643,2862931,44549,64573,90055,90185,95493",1752205586,2025-07-09 18:49:31.587698
1b63bb20-7b0c-4193-b9a6-e9a7025d14fc,232f1944-4710-4a72-9b93-a9534d030294,"102923,108228,87333,97224,98754,99344",1752130142,2025-07-09 19:07:31.585047
1b677c14-0e1b-4055-8990-c27e24835d45,87a677a5-ed4a-48e0-b988-0e3a5094907a,"105942,10817,2115930,2115935,27700,2792,4380",1722598977,2025-07-09 21:37:31.433645
1ba5c675-3e26-4914-9070-b500c678ed76,e5f6c959-6639-493d-ae52-54acf3c142de,"4180,44549,44552,60111",1751779573,2025-07-09 19:28:31.448042
1bad2e22-e277-4567-a4d5-0d58412ab80a,04215a9f-195c-4d65-956c-30cbab8305be,"21350,80749,81812,833,96701",1749237563,2025-07-09 20:28:31.628044
1bb93107-e3c7-4cf5-b948-ad1367360ed1,6eb69933-96e2-4927-bbff-07fb567bad26,"102462,12010,13237,27548,27605,31065,34931,41020,41795,47319,51931,58583,71188,73907,83129,83378,87201,93754,96699,96701,97712",1749618208,2025-07-09 21:49:31.460853
1bd6210c-6350-402f-b650-c42184d6c1cd,d9472db8-2d56-440a-8ba7-cfe2605b1b7b,"105396,25652,37100,37447,38441,46829,62544,68300,71406,95637,96701,9672",1745310449,2025-07-09 21:40:31.522517
1bd8d40e-b1cd-445a-a21e-9d5a16be0f07,cb4ec893-7c46-4b2f-b5a4-5664ac68f40a,"10438,1063,106746,7978,81865,87828,89706,94866,95673,95680",1752053156,2025-07-09 18:58:31.654225
1bf0ce40-72bd-425e-a0d5-e6c0da4812a0,d0d9b480-5206-4ebc-95fa-890a6db9379d,"107902,27582,94601",1752429626,2025-07-11 19:04:31.380296
1bfabc2a-816c-4a8b-be2f-1d68826ee875,2675f055-ca54-451a-aaf6-4262a72133b1,"103931,103934,104239,106817,2242739,24555,25652,3471,48517,48574,58658,61602,83266,96348,98906",1738078976,2025-07-09 21:28:31.336454
1c47971c-be9c-448d-8c2b-5194116388d5,346270c6-7b8d-4ba3-aede-0f7e4d4fe248,26976,1752334819,2025-07-10 18:52:31.513517
1c5061b4-064c-44c2-8a75-cede21ca9312,4605ee7a-59fe-44c1-aa03-863d3fe7008d,"2158,37262,40503,45782,781,80698,80749,93015,94800,98557,99839",1751668640,2025-07-09 19:10:31.750627
1c70bd1d-a254-463c-8992-3c04f1b4c955,f3bbe60a-8537-4093-83ea-79b607320f23,30439,1751819951,2025-07-09 18:58:31.654225
1ca10fd1-5519-411a-bd1a-c117010f1392,063b847d-d777-424a-b5e9-0f34e1524f40,"104919,105348,23848,37808,46829,51318,53561,58583,62483,8595,91643,94096,94599",1735576176,2025-07-09 19:40:31.494332
1ca844af-2e37-441a-a343-beca05a5bcb1,0297cc18-e248-41ad-8aea-2f3e61218d42,"105978,107860,23329,24250,45113,58563,6101,84118,94799,97304",1750803595,2025-07-09 19:01:31.673767
1cb03640-83c3-4faf-9aa9-aa57da782aa2,6c711685-1f42-4fc3-971c-b0f57791616d,"2217079,2248000,2248001",1752377894,2025-07-11 05:37:31.442568
1cb71f68-018c-40c7-9539-9d7b7293ccaa,fe9c2a90-92ae-4157-9270-95447a889822,"105594,108124,12417,15534,2158,29351,46945,67144,81813,91212,93839",1749847279,2025-07-09 20:16:31.381882
1cbe7db7-34fe-4fb8-8472-065b9daacbc0,6e5b9a5b-311a-4c83-9f1a-051842c47310,"2830642,2862133",1751504521,2025-07-09 21:01:31.521295
1cc55a0c-bfbc-47f0-9bf0-303a37210fda,ae15999f-ac67-4598-9479-bff9f0c38e9f,"107748,108337,108766,109480,34929,47119,50378,61602,9193,97224,98670,99171",1749840692,2025-07-09 19:46:31.620522
1cd9e861-b020-40d3-a47f-ffda15ac0f28,93419937-8921-4ac5-b61f-cb6b020a22d9,"103717,106076,24250,38441,85180,99216",1752035357,2025-07-09 19:25:31.714795
1ce0381a-0562-4dd2-b43a-576b7b3607c1,2ceb435d-30bb-4309-bd86-085497dae0cd,"104380,10510,110018,14845,17271,1910,2607,63257,7521,82818,93839,94769",1752443341,2025-07-12 12:40:31.55665
1ceb0901-8129-47f9-8db6-95a136f3dd71,519f4c3f-b01c-40af-93c7-5d0a3276e81d,"106448,14105,58658,61602,83378",1738021826,2025-07-09 19:52:31.520152
1cece146-2b40-4840-aefc-4bb53318460c,97124ea1-593a-405f-9526-bb285915fe13,"2048239,2048243,2064240,2236545,2253598,96701",1746243862,2025-07-09 21:34:31.499073
1cef4098-9b6c-4718-b469-97bdbc1feb38,87fdaa60-6a16-47a8-94a5-f72289786ca4,"101957,102341,105626,108487,108892,17912,2089619,2205410,2268052,24092,41089,42357,50679,81852,86543,95256,96670,99224,9926",1751267302,2025-07-09 20:40:31.784592
1d0476a0-2144-4a7f-bf61-4be5f43b6b73,dca6f598-bf0e-4858-bb11-24c52e746ca6,"102908,107954,1910,22175,35567,37444,42294,54107,66991,73949,82430,83478,94066,97479",1749735759,2025-07-09 20:28:31.628044
1d0a248c-44ae-4936-b8e6-ee779016462a,bf255c67-ba79-436e-845a-a0830acb0c89,"1910,25652,2849101,43144,46269,48518,48574,53561,87080,97412",1751145213,2025-07-09 21:04:31.429108
1d14cfb4-8b41-4567-a9cf-01c0d72d3668,dfc0fe21-551f-48a8-87c3-10eb396289e3,"18358,22742,39195,5674,58583,58586,85849,89305,94800",1738725406,2025-07-09 21:40:31.522517
1d2e6b21-dce8-49b3-8d36-916434c81dd2,24e93b7f-a7a4-413e-a9a0-fa5981e37e27,"1662,2049403,21833,50679,93754",1751419224,2025-07-09 18:58:31.654225
1d36070c-27f9-4fe0-b6da-459e2f99aea7,44bce271-830a-4f09-9cf9-b6b8dfec7a0e,"102042,40503,43779,97304,97338",1751246855,2025-07-09 19:28:31.448042
1d3f048d-1d87-4789-8aab-5a50b582af25,79316162-e85a-4600-a8f1-3d9cb9a032d4,"101776,101777,104203,106240,107155,108432,71734,81224,88860,89466,90426,90584",1752438009,2025-07-12 12:37:31.584738
1d40db3b-9721-48f7-a731-4dcdf3645e0e,8d113d01-6fd1-4d62-b0c6-64380566c456,"104630,106551,13091,25503,46130,56648,58576,68987,82309,95952,97055,97224",1751905704,2025-07-09 19:22:31.604565
1d455d12-fdb4-444f-b22c-1714c83a6795,cd96bfe5-71f0-4a40-8eed-f9909b4cf186,"37803,40336,58198,77946,83230,94935,95673",1723940542,2025-07-09 19:52:31.520152
1d488aab-c217-46b6-b9d2-c759bb4f6cff,15ad3435-56a3-4c72-8fa4-92061034caef,56295,1752414098,2025-07-11 19:04:31.380296
1d5bf510-347d-4ede-a078-cb025708745a,154b6354-6920-4a8c-b424-4f7d668fd971,"101291,102042,103861,104590,107320,270,28832,40063,45836,79734,8651",1743397654,2025-07-09 21:19:31.485127
1d669ae9-348e-4238-a216-34791dd5a8fa,2fa51628-61c1-4c92-8f23-3368d6b922fa,"100154,44218,52394,58131,80150",1752028959,2025-07-09 18:55:31.759641
1d906802-8dcd-4a52-9c7c-cd9a3792fba9,7c72cf2d-ce6e-4809-9b92-6cda28cc5b33,"10949,24092,38105,44610,95097,95272,9672",1752212991,2025-07-10 06:01:31.512189
1d9e8d32-2434-4146-81b5-54ec1b2698d0,2bedabe3-9b96-45f9-a946-1297d0feaa69,"107902,67594",1752418262,2025-07-11 19:04:31.380296
1da0e0c2-ba18-49d1-b5c0-12e5c6c4fb02,b88acd21-f46b-4b44-9206-c558f7054818,"102185,102376,10303,105015,106361,106371,107711,17834,2067944,2086592,30878,48517,53561,75298,84783,91002,95272",1733380230,2025-07-09 21:37:31.433645
1da5bcea-638f-440f-b5b4-d1810f52abdd,f1a1a16d-04e0-4640-a849-70d8ecd8787f,"13237,25503,27605,37808,48574,53561,93015,95750,95918,96359,96397,96802,97304,98555,99216",1751410362,2025-07-09 20:40:31.784592
1da8fa80-afde-4135-8a51-cc8535f38611,be7645f1-04c1-4615-8a73-1caaf456baa6,"10510,11633,1662,24070,61602,90413,94776,99216",1751205198,2025-07-09 18:58:31.654225
1dab83b3-fc77-473c-b891-4d8d69a3acb0,fb7fb48c-a87c-492f-a354-f0b40fe0a428,"109433,26891",1751227040,2025-07-09 21:04:31.429108
1dd1466a-2386-4013-8eae-d0e2295f21a7,5d368a3a-a46d-41ed-894f-aef68f634c5c,"109805,56209,7521,95918",1751580932,2025-07-09 20:40:31.784592
1dde77e0-152c-455d-8960-32b54b210514,21bb7edf-73ec-4d52-ae13-d53e84c77965,"105447,12138,33577,40504,58658,96802",1735603374,2025-07-09 21:22:31.50472
1dea423f-5c35-4431-806a-741810363da6,203422ae-02f0-4ddc-8745-1383c0bb72ea,"16757,2116227,2246343,3530,63412,84517,88809,91116,95702",1751838671,2025-07-09 19:37:31.407534
1e1ad3f2-f729-4c46-889c-cc6a7033252a,cff39426-b658-42da-bdd0-20754d4734de,"104765,105081,2170144,24963,27711,86828,87652,88762,94599,94601,96397,96670,96952",1751147126,2025-07-10 19:01:31.560317
1e286532-2398-4484-8b43-4d035932c3f5,9c8857e0-e3dd-40e5-b2a5-b7fa8e90aa87,"2792,35462,39208,44377,45435,5524,5614,56846,58583,62662,68177,78866,9129,93750,95700,96942,96953,97175,98491,98817",1751571246,2025-07-09 19:49:31.570096
1e3522c0-5647-48ac-8b17-5cbc1bd913b4,91c74975-c9e2-4b0d-afb2-632b40759986,"102087,102173,105448,16948,79532",1751520806,2025-07-09 18:58:31.654225
1e471791-f62f-4910-ad07-7a00f69eacea,b9fb7429-6c11-44f0-9c3e-2c59c00b3692,"100328,104310,105723,107179,23425,3227,38441,40499,42294,46269,58583,61602,83702,84087,95750,96397,9672,99216,99263,99483",1751669394,2025-07-09 19:28:31.448042
1e488287-628b-4115-abc4-fddc4a255c49,aaf2b833-b2c9-404f-b4eb-8aadeeac7714,"108766,2207700",1751053013,2025-07-09 19:43:31.642855
1e6392ca-10cd-4368-a4ff-7fd4b49c9ba2,5b5013a4-8aa6-426b-9571-08b024380b9d,"102240,104291,106344,107036,12621,12837,20307,22002,22068,31878,35731,5764,7978,86002,8950,90329,93738",1724476577,2025-07-09 20:22:31.445516
1e7184c7-16a5-4e5c-abf6-2c6fc6fd9307,ff5491f0-617e-4504-af3e-ef737775335b,"100068,106114,106409,28995,54066,61602,64427,65902,81224,94025,94450",1752393215,2025-07-11 19:07:31.675911
1e817a4f-7082-4534-b8cd-bee556125154,d1fcb247-c78b-49b0-bad4-eeac946eb170,"106601,108431,32022",1751656080,2025-07-09 19:10:31.750627
1e885196-484e-44e6-8738-ca4bdf3b0ed0,9997d7a7-5881-4ffa-adc9-055579c420e5,"2048239,2048243,2064781,2067791,2161145",1737177644,2025-07-09 21:34:31.499073
1e89c259-1d50-469a-8c3b-5fe050eba3d2,bd3de692-c6ac-4fe2-8b5c-1a36c6dd6f0d,"14002,1910,3227,35052,41097,49705,50523,55493,60612,68177,83665,84942,8641,89190,95750,96397,97871",1750378432,2025-07-11 00:19:31.492721
1e8acf0f-8275-4aab-9f98-21906767f681,5cd944a6-2630-426d-b3d7-c89a6da3c2f2,"3227,3598,47319,53542,58583,81402,83696,88285,90671,95933,96397",1750352593,2025-07-11 00:19:31.492721
1e951d84-32dc-4444-a775-2a3d684dc7b3,36c51247-ab8b-4bfb-8fd3-6e976255f01b,"107485,108237,109457,2252649,92620,99403",1752116762,2025-07-09 18:49:31.587698
1ea8920d-96d5-486f-8f8e-2df075087e93,7131d407-a351-4daa-af6d-359b5da66b33,"107752,107898,1910,96513",1751598550,2025-07-09 19:10:31.750627
1eae0a42-7b21-4c32-949b-65acce06150f,177a373e-07ca-4a12-8d10-e42a4856caaf,50523,1740670172,2025-07-09 19:52:31.520152
1ec1c60e-b24c-4344-8a5c-1504181eaaa3,50bd9515-f09c-4bcf-a3b4-44343ca7ecb0,"10638,98358",1751771896,2025-07-09 19:40:31.494332
1ecc826a-0cd2-4ef2-b4fe-34d9215d98cb,c9caafae-c8b6-4565-bfb1-4cb9588f1aef,"101833,103233,105265,108881,12010,13007,16951,18283,24070,26891,41587,43137,58583,7521",1751391876,2025-07-09 21:01:31.521295
1f087338-432c-42a2-beff-eca94ef7d1ae,ac96233a-7e62-4b68-b286-f805948f2576,"24120,87316",1750780268,2025-07-11 00:16:31.65555
1f2842f2-0c5e-404f-a2dd-08b431de6356,903683fc-486d-47c5-a401-5ec52c7d0d92,"100954,91624",1752457265,2025-07-12 12:37:31.584738
1f57ee53-95ad-4b35-b77e-b86e6147e0fd,d42cec96-8794-4b14-9cf7-bd9cb7913034,"37273,84858,850",1719622199,2025-07-09 21:34:31.499073
1f6aab77-35e6-4cfb-9b43-bc1bf8dd3226,dd3f4829-4de9-4769-a158-e529d3220954,"13171,78218",1751752469,2025-07-09 20:52:31.34132
1f6ce123-7a19-4637-aa61-ac30194dda93,b8592ba1-61b0-4022-9df6-37fa7f57045b,"10303,10329,104523,106015,108755,10913,109664,2172957,2226133,25286,2871159,3076,4178,48517,50614,56648,58583,61602,86543,86828,93015,94379,95800,96397",1752436602,2025-07-12 12:37:31.584738
1f7591df-a852-4e73-b6ea-ec484d0d3fb1,3171acf7-d4cc-4f78-8548-16b4d496e71a,"15684,38928,40063,88799,96701",1735794958,2025-07-09 19:40:31.494332
1f8a231b-4b03-4a68-bc3b-4ef9e8ce5b66,e1c139e6-e559-4c85-88d1-414f66217fe8,"2264694,2818129,2836182",1752327764,2025-07-10 18:52:31.513517
1f8c9c77-029b-4165-9b2d-3251dc63ad7a,f645144a-afd9-4dec-a7d5-e27f94275af4,"101308,102500,104913,1704,2121196,47105,47401,48691,85209,89720,89827,92602,92961,97021",1734857456,2025-07-09 20:34:31.516539
1f92f090-2f4c-41b3-86a2-5d323c5b5df5,b907cec9-b582-45ea-b2ef-ff5d42f5c3e0,"102001,104906,106467,107052,109091,109929,19538,53542,5816,83471,96083,99371",1752110432,2025-07-09 18:52:31.536339
1f9b0029-9bd9-4d63-8f3b-e25deeb4e13f,bf8bf337-547f-4bc1-96c7-3ac059ba900a,"15791,26485,2792,3229,38441,52394,94799",1751943720,2025-07-09 06:03:20.402123
1f9e57de-d6c3-4214-a530-78425803efa8,316a566b-878e-41e1-9615-a2da013e15e2,"100816,101265,101292,101906,103996,104640,105723,106550,107281,108074,109487,15359,15791,16213,24070,24250,28707,33577,48574,51931,55493,56285,58583,58658,61602,65902,76859,85175,94601,95160,96547,97078,98747,99216",1752071607,2025-07-09 19:22:31.604565
1fa71c9f-1561-4d40-aba7-2762ed8001a9,bd90759b-8186-4085-9ccf-cbd77e726049,"58586,80749",1727983875,2025-07-09 21:34:31.499073
1feb26c0-09ef-4a4e-919d-4adaf8951c0d,01920000-39ac-459c-a273-26feadaf0215,"101608,67594,97175",1733113170,2025-07-09 21:43:31.40037
20294f91-6cb1-4203-9a17-207bbf29f568,596e39ac-6527-4343-925c-2fb632b84b2d,"100343,101062,102052,104767,105073,105953,106400,106585,11633,13237,1739,26485,2832285,34295,5511,58586,80749,83378,86543,86635,87023,90413,93086,94833,96513,97078",1749178043,2025-07-09 21:49:31.460853
2033e04d-bd93-4152-a0df-f330dfe3342d,b4854c06-55d9-4ca3-89c1-e42bc76357e7,"107860,24120,24845,26728,35052,38441,46269,48517,58563,58583,62662,91611,94169,94800,97711,99216",1750689176,2025-07-09 21:19:31.485127
204e4b7b-002d-4e28-8f10-e2d62237cc18,3e6fc436-6a9a-4da2-b79f-0508a9c487de,"100102,109007,110091,11275,11633,19231,24093,47319,48574,50523,51931,56285,58658,64427,94800,96083,97304",1752254226,2025-07-09 20:25:31.345235
20533cf1-7dc2-4d4f-bc86-f8b4265479e5,2f93910c-0a1b-4379-9672-2a5217318172,"109521,2068204,2839482,58586",1751676080,2025-07-09 06:06:20.285942
206d65c4-4f12-4e7a-8eee-6bb2975c8e61,48d4e16a-2a37-4eac-89c5-9709c16af4d7,"101095,101199,102462,105447,105763,10727,108513,109228,14519,15275,15791,19329,20795,25503,2843,29359,30197,35836,38441,39299,49005,50679,58583,58586,5884,61858,62531,62740,64699,71936,83258,85163,87408,88674,92714,96547,96942,97959,98184",1752204986,2025-07-09 20:46:31.392832
20726313-8ed3-4e60-bb34-c1a1ccb78fd4,b5b9d063-1879-47b8-870f-0d4809736919,"106859,12010,30150,46325,6071,94025",1752204974,2025-07-09 19:19:31.413237
20733493-79cd-40e4-9e92-a0ec25a30e00,9144372a-5d5a-42f3-88c3-218f7fccdd1d,"102415,107989,109285,11516,17042,19540,22467,22469,237,2607,26986,35236,42699,44939,49181,58576,58583,58586,69554,824,86685,92119,92186,94800,96960",1750563203,2025-07-11 00:16:31.65555
2077003a-da87-4a96-9ea9-695353f19e08,efd488da-658b-4790-bf43-9f9dc1120355,"1662,9644",1751825584,2025-07-09 18:15:20.13639
20a018e6-35ca-46cd-8657-7a957aa3a535,8814229c-b081-4bf0-ac84-c14696dea7ad,"105115,13240,4701,92262",1730908186,2025-07-09 21:16:31.455148
20a3958c-d9ec-4e74-b7f4-0de873e6b5fd,8fc0d1f8-d30f-40ba-b192-6bccff906085,"104816,108514,108608,2132590,2813473,62970,85353,86906,88232,88487,89311",1750027762,2025-07-09 21:40:31.522517
20b49c61-8ccc-470a-9e33-10fc9834f1dc,9d5897b0-2eef-4baa-a96f-38d3f0b74565,"103108,104850,10594,106362,10727,1704,20774,25660,26637,29470,29820,5897,82818,92450",1735496360,2025-07-09 20:34:31.516539
20b926f6-1f8d-450d-b3a6-b3d056b8b8d8,23e1011f-5004-4d92-b350-b7f0eb8a5c09,"106601,25860,50523,61512,94817,96802",1752291091,2025-07-11 05:40:31.338301
20ca6030-d696-47fa-8d6d-1af3e1418b84,e67220ec-c589-4486-b6c1-c04e7f56ffc2,"100005,105626,23425,2802,98783",1712544496,2025-07-09 21:34:31.499073
20f48567-a3f4-49f0-924f-1bc49de08f9c,2b9ba58c-8770-4fc7-9553-12792c12250f,"106795,107776,108445,109408,110190,15791,34421,4023,56209,58276,67594",1752120632,2025-07-09 19:10:31.750627
20fb2640-c264-4e49-b7d9-66780ba47e7f,6a24e7f4-aa29-4037-b0dc-224570b443d6,"12462,15989,24324,31758,61883",1751930312,2025-07-09 19:07:31.585047
20fceaf8-546c-42c2-84b0-7f84695bdd00,b18ac89d-b790-468f-a850-98e8302112fd,"100328,101365,103714,105265,109285,109503,110030,11632,31059,42075,42294,46269,48574,54635,54661,64427,71296,79524,84087,84168,85180,92259,94648,96225,96708,99371",1751744528,2025-07-09 19:40:31.494332
210862f8-8118-44c6-bda9-e4b1355d122e,0a89c5c3-f43c-4260-b48e-2866953a5af4,"107764,108301,14905,25503,28986,38441,40213,46130,55493,56648,58583,62662,65228,68285,73907,77946,79524,82069,83129,87377,94601,94799,96729,98555,99216,99263",1751807295,2025-07-09 19:04:31.645408
212fb0e5-5b32-4b4a-9c13-f89cdb7ca1fa,80764475-b8ba-491a-b6e8-e8a99574fc20,"103931,38441,4498,63303,98700",1752008986,2025-07-09 19:22:31.604565
21397a52-8abd-41a0-b5c1-cd360b3fff3e,9ade3af6-5cf9-47af-8c14-98a0b9ea4e93,"17915,37100,37132,37808,40336,48517,58586,94601,96249",1734493140,2025-07-09 21:13:31.422326
2153b96e-b6b8-4c20-a9d7-47da8d132d9a,b143efb2-6377-48ab-9ed8-c576e40a3da8,30195,1750623721,2025-07-09 20:43:31.463099
21766064-17a1-4d11-a9bd-9dc1a45404b4,83f2d8ab-42fc-4ff4-9206-d3c4c3afeaba,"101322,102317,103444,106409,109385,1414,2214691,2214708,2829549,2833359,2850939,38771,46130,46269,58658,61602,70420,76412,79524,80024,85180,85188,93931,94169,94800,9672,98301,98747",1752263609,2025-07-09 20:25:31.345235
21820672-dbe3-44e0-b114-333cc5343adb,a2076552-e541-42c4-9a25-86d23e0aeea5,"101095,101096,104176,10638,11632,12010,19231,24092,29367,3229,40213,53561,56648,58583,58658,64427,79532,824,92306,92854,94599,94776,96083,96555,96660",1751298341,2025-07-09 20:28:31.628044
218800e9-ccd5-4cb8-8e68-258ef375774c,8b595c7b-300a-4ddc-8d49-1be0fd7ee380,"101906,103093,103938,103991,104176,104919,105422,10638,107154,107286,10730,107779,108625,108903,109165,109166,109197,11275,11504,22487,30312,34337,35567,39201,3991,41026,42699,44761,45771,52394,53542,54062,781,82818,83266,88531,90541,90542,91611,91756,94942,96225,96659",1751918147,2025-07-09 19:37:31.407534
21a109fa-6286-4473-8475-7f023ecd1b71,46137f01-0c64-481a-be6b-1c7e47edf8d7,"108510,34202,36763,79801,8129,824,93022,94799,96193,97006",1752018652,2025-07-10 18:52:31.513517
21a69ccc-7d50-46ab-befd-cdceb6f92510,4f11e38b-833e-486b-87e0-17740bb504a9,"10766,30878,3102,850,85619",1738000690,2025-07-09 20:43:31.463099
21b69eb4-708d-4f22-8252-f19c6197e340,b83f8a6d-fca8-402f-8766-a38055131af9,"100295,2252134,27615,45435,49705,87743",1751607920,2025-07-09 20:40:31.784592
21bdca73-4608-4c4e-b469-4b5b094c4f5c,a736fe11-acf8-444b-b6b0-9b3f59e195ac,"2802,58583,65742,94378,94800,96083,96701,99216",1752173125,2025-07-09 18:58:31.654225
21c9154b-acdc-48fa-b48b-3427b217a5fc,3aaa346f-216a-45df-83c5-31a33259c5d2,"12138,36443,54659,58583,58586,58658,61602,62782,95409,97092",1740933362,2025-07-09 21:34:31.499073
21d8be51-e8ac-428a-a6d1-7f88e6f7f8b1,8fd07300-c1bb-4784-af1c-d708d1215c0e,"104798,105767,105769,108880,108881,11632,14002,1910,31925,40966,42294,43870,53561,58583,58658,64427,65959,8641,87965,92312,95750,96397,97304",1750291404,2025-07-09 21:01:31.521295
21f0dee9-2359-4b48-9f78-af80a9e08fbf,26a77c94-17fc-42ff-a012-bc6c3d349629,"107730,11275,140,25611,5376",1752121709,2025-07-09 20:46:31.392832
2205038f-9006-4428-a4ea-0df0cd3f6202,e5333a6e-2b84-4464-9c13-46401becce0a,"105129,107428,108735,64427,89482",1752207992,2025-07-10 18:52:31.513517
2222c728-2710-4861-92b5-4ea7874eac9e,77a69387-e802-4b7d-8cc3-5b5566f144f0,"102491,103332,44940,50523,5353,64249,64427,73907,76470,77957,80024,85180,85849,93738",1751651857,2025-07-11 00:16:31.65555
22267789-a202-49d5-b4e8-9c85c6409cfd,78af64fe-a39d-46ab-b406-8ccbda5e954a,"103443,107679,108301,108735,109533,11369,1662,34924,55493,69106,94800,96083,96555",1752361127,2025-07-11 19:07:31.675911
222d89bc-514a-4157-9542-b9c9392be169,49b61e14-b474-4b85-a23a-95d3e306471b,"10303,25503,4116,78291,93754,96030",1751562645,2025-07-09 19:22:31.604565
2237a621-8696-4f95-9b76-d64bde1de3fa,db2a5f23-e733-471a-99fd-bd193ae1556d,"103093,16124,46829,50912,53561,58576,58583,6351,94799",1735715293,2025-07-09 19:40:31.494332
224e8b9c-66be-42dc-a22d-fac2f2ca1883,3efcf6c8-6d1f-47fd-ac9c-42d75e99ecb8,"100613,108244,1424,2131942,35348,41088,42294,43144,50523,51404,68297,79524,91191,9672,97550",1752264010,2025-07-09 20:43:31.463099
22839974-774c-41a8-bff8-40b19eb5bd38,538b48a1-b089-4ae3-a7a7-4ad27bd259de,"101731,106005,107558,108892,2149398,2268065,35462,58586,77149,81812,99216",1751942272,2025-07-09 19:22:31.604565
2286e33f-b030-4019-a215-e3fd0080d020,35ff6c48-9ef6-463b-ba85-f9fa0e4605eb,"2214693,2218173,2851741,38441,61602,94817,99216",1751074864,2025-07-09 19:43:31.642855
22a87da0-2846-4b52-926f-39ebd31f4c57,bb6e5493-0c6c-48d2-8c61-070d97aa17a8,"100025,106395,11527,25652,53561,58583,62662,83685,83700,8715,97304,9819",1734900239,2025-07-09 19:43:31.642855
22d976c0-85aa-4b48-8ce9-3566a1739609,088b1845-cc86-4ac7-aaaa-fd77c2b39044,"10329,11275,25615,2564,34932,47057,83167,96083,96723,97338",1752181052,2025-07-09 18:58:31.654225
22e799bf-a004-4635-a6f1-30698e318e5b,4e5086c3-7fa1-4356-9613-9d9d4f89c8e4,"101325,19266,22175,26598,30551,37612,460,66089,66991,8201,94066,95493,96699,98607",1752372430,2025-07-11 05:40:31.338301
22ed0fba-4a85-4c44-9754-215c6f558375,13894761-6280-4ccf-87a2-3754459108bc,"23425,25652,94097",1751652236,2025-07-09 18:58:31.654225
23110f94-3c1b-44b9-9506-259e637758ab,70e588b8-21b8-4bce-ad90-0a864ddd89c6,"1305,17995,23425,25656,43144,58583,58586,71406,83665,87080,99371",1751910141,2025-07-09 19:07:31.585047
231c5de8-0208-4bae-8d97-4e874f21d6cd,d92a71ba-8ed8-4ae4-96dc-9d95a59c0c33,"107752,108295,2030982,2194701,2855138,52826,71728,97227",1752108463,2025-07-09 19:07:31.585047
23255fdd-0f5e-455f-b8f8-e971ff3d4fa8,2f3c4cbc-0aa0-4a9a-a7e0-74fa323dda29,"13082,96083",1751591900,2025-07-09 19:22:31.604565
23499333-3ef3-4d35-8e29-07d3ad1817f6,bfe26b45-142d-4e5e-8494-cd1022cf63df,57297,1751687796,2025-07-09 18:58:31.654225
234ce9f3-c85c-4f5a-899d-3851a73ce97a,1b771f75-7eac-4230-9896-d9f952f8f9f7,"100954,12138,13933,40499,50523",1750986090,2025-07-11 00:19:31.492721
237f5975-af56-48db-9acb-d0f7a5f823b7,e6e15eac-64b5-4af0-bb38-1b88422b0faf,"108338,58586,93985",1746226948,2025-07-09 19:43:31.642855
239a0ff4-4de0-405c-9980-840376d8e321,0481035b-61fd-4fd3-9257-0d8df8105846,"107318,107740,108977,11520,2132647,2196108,2251842,2260027,24633,2829239,2831759,5767,6147,83521,83647,96699",1748772904,2025-07-09 19:46:31.620522
239b85fa-86b6-4a66-a3bc-e240bff0bd93,91e6c7f5-fb2a-4ce1-9dec-019dffd3daf7,"103655,108812,11516,44074,83341,88531,8856,94800",1752021015,2025-07-09 18:55:31.759641
23a6a422-21bb-4d11-a2a0-f7855f80f26f,e1f6c453-9ca2-4a3d-a91e-095852e6a0a3,"11632,15243,30878,35052,38441,53561,79532,84513,84515,86828,89704,94271,97788,99263",1735961632,2025-07-09 20:28:31.628044
23b0fa13-6ac4-4273-91db-87a924801d8f,7d7871f4-f29e-48e6-99c6-1ad36b7c5824,"105641,108445,109408,11520,98461",1751848597,2025-07-09 18:52:31.536339
23ed0e69-45c1-448e-b8cc-41d32a59f22b,7442a885-588f-4cf0-b070-e5bd69795559,"102188,104578,109488,1662,83681,96324",1751277076,2025-07-09 21:04:31.429108
23ef181f-3a5c-4feb-8d61-86f277fae43a,ff0ffbad-bf63-45a2-a6d2-10477182a62d,"82309,98712",1752122352,2025-07-09 06:03:20.402123
23f943b9-60fd-45f5-a30a-cc24d89f257e,969470ee-b385-4d6c-99de-2680deeb44d8,"109746,11275,68762,73907",1752359458,2025-07-11 05:40:31.338301
240943a2-b22f-411b-9157-2b4e4dd380ab,cd9c0d4e-27ea-4d23-bcb7-f95898154cfd,"106413,106448,107751,16632,22175,65742,75298,79734,91756,98389,98607,99216",1741532124,2025-07-09 21:19:31.485127
241cd579-08a3-4774-9dc1-93d209fb20ec,22fd4556-cbfb-4d2b-aa54-bd68c14d3157,"11632,11792,16937,25656,37803,40503,58583,60612,65145,77149,84090",1751380962,2025-07-09 19:43:31.642855
241fc987-a2aa-4892-91b0-2ec3ba56cbd6,94165705-63b8-4307-ad53-c4b4bfedee53,92637,1752210957,2025-07-09 19:16:31.314342
2425ddd9-378e-4187-812c-3af4d73f1ce7,f138b836-2c9c-4f08-bbe6-cc47e977b0e8,"102397,11061,30878,48365,52394,81864,95118",1741461782,2025-07-09 19:52:31.520152
2436078f-f7e8-4fa9-be2d-512b92738834,d7b41913-accf-4ac5-8457-ee7e8a5d1ce3,"10057,102923,103385,104019,104764,107860,10790,11792,12012,13237,24626,26744,36443,37447,37808,56285,58583,58658,59965,69106,69798,79742,81224,94688,94800,96942,98783,99398",1747927329,2025-07-09 20:46:31.392832
2436d8f7-8662-44a4-982d-0d6cc1e92424,9bb81d07-9c43-4c42-9c3c-6d1080c07370,"101325,11632,20800,24584,3229,38441,46269,53561,61600,64427,64586,77946,94799,94800,99263",1745984664,2025-07-09 20:25:31.345235
24377c49-f8c1-4a6f-87b1-c2f6eaae8305,10e43661-52a2-4319-bb95-0dc7ba6fa12c,"106746,56295,67425",1736402813,2025-07-09 21:16:31.455148
2439872a-03ac-4583-ad50-2bfcf42ef3e1,943d1990-403f-4a36-854f-91c0a9279e56,"105641,13933,25656,58583,63307,84168,96001",1750698020,2025-07-11 00:16:31.65555
24424fae-6d44-4337-86f4-83afe0159860,104a7c1e-1c5e-4a2a-bdc1-ebc5d9b13572,"11275,35462",1750828179,2025-07-09 19:46:31.620522
2442b729-57f7-45c6-9b68-21932f3b13a4,bf766ed6-d812-4041-b9c2-fe7c8b395131,"102524,104099,105017,105626,106551,107760,23425,30878,31298,31758,43144,58586,68987,73907,75100,95062",1751854662,2025-07-09 06:03:20.402123
245d84c7-9683-4b98-b902-73dbe3d11a10,7d06fea3-11f2-4862-ba18-786166ab26f8,"105626,105763,108358,16632,37100,40504,4498,58583,75100,83129,83216,84783,85180,92694,94601,96660,96953",1744412100,2025-07-09 21:13:31.422326
2499a37e-f0d0-4d0a-8af9-faf053276c56,16efe42e-8248-4dfc-b795-1e594338b7da,"2072770,2114543",1750631644,2025-07-11 00:16:31.65555
24b22245-3212-4766-a8fe-642c0692bcdf,b155a058-e385-47eb-8d5e-7bc2e68d1765,"101096,1063,27605,37489,40504,54603,58214,68297,95668,99216",1751515704,2025-07-09 17:45:20.222232
24bfab57-5292-408f-be8f-b8d906792399,b24ae075-0bf7-4734-a736-05ef30d0904a,"104442,107650,14519,15270,15977,17459,18990,42075,6972,87333,96083,96656,99263",1752367095,2025-07-11 05:40:31.338301
24d7b4d8-3dd5-439d-b616-4f269da28a41,34fd006f-1761-4018-8c05-452803ffb397,"100899,101796,108385,1627,16937,19220,19221,24171,2536,25504,61600,68297,81402,83517,86828,88990,89367,94217,94278,96030,97323,97551,98781",1752346244,2025-07-10 18:58:31.529937
24d9eea8-a515-490c-bec6-a88790d22128,84e519ea-668e-4d80-8476-5a911593f605,"35204,3598,71188,76047",1752202107,2025-07-09 18:46:31.426409
25051d43-5e59-4d04-9c83-87565f8a1ee7,bd6b27c7-d272-4a48-9934-798b8ab7f543,"22175,58586,80749,9672",1739427733,2025-07-09 21:34:31.499073
25144bb1-8106-45c3-aeab-2319dccc5d40,9f368440-7910-4b7e-b6e8-7e1eb59ad4de,"56295,7521,84942,961",1752429767,2025-07-11 19:04:31.380296
251c3c83-14e5-449e-a0a7-915f6d374652,90cea47d-9848-469d-9aa2-69742ae77530,"14293,95160",1752171974,2025-07-09 19:13:31.292515
25257a1c-8569-411a-8603-52458d7470b1,44a5443e-66c0-4576-a4ef-c969dcc51f68,"101424,102773,105080,105756,108288,108361,108600,110310,2830405,2855141,3229,35348,51404,58583,6329,63940,68177,76859,9172,91742,92078,92305,94450",1751830912,2025-07-09 19:25:31.714795
253ec10b-daf3-459f-a479-3bf74689eecd,90cac36c-55aa-4b23-b9f6-37005e21e062,"106479,106481,13890,36789,67257,97300",1752202812,2025-07-09 18:46:31.426409
2562286a-3bac-4477-b3f6-652d6c9cbcf3,eb6729a9-e373-4367-b951-b8b02db9b5ba,"102173,17119,19180,3227,43861,54062,94097,97479",1751654086,2025-07-09 20:58:31.613441
2578acd3-e316-4c53-9076-8b6d7fb560d6,c8b126c8-6526-45f6-a2c5-35e4bac08d92,"10790,108281,10956,19221,25708,64693,79742",1752289097,2025-07-10 06:01:31.512189
25821f21-0233-4df3-9eae-66002cb4fbd4,a9c93894-d76e-4429-904d-ba16268d61c4,"104480,11517,37808,38441,83702,84168,96225",1752459288,2025-07-12 12:40:31.55665
259d974b-4225-4e3e-aa62-2ea85c7a87d2,e0c95bdd-4f83-4807-8e27-b7da459aab63,"10766,11633,11795,18052,2048240,21058,24571,25503,28986,34770,35836,37447,37904,41020,41097,45783,65905,68297,76470,85175,86828,88276,93892,94800,9672,98557,99216,99232",1732384586,2025-07-09 21:13:31.422326
25b1bd8c-af1f-46d9-8f20-e313dea18c70,e5b5fc70-4435-497b-86b1-153f2fa5536c,"21293,42398",1751082094,2025-07-09 19:01:31.673767
25c90d77-a561-45de-9f2f-1cbad71ea14f,9a1f644f-9a22-4965-b39e-df0953ec842d,"10260,105766,10790,23425,30312,38213,50405,58583,92306,94601,99216",1729900568,2025-07-09 21:16:31.455148
25d105c7-0e34-4173-a202-a80b60cbdb16,566b0ed5-de89-47e8-a0a2-e32cae27a746,"105017,105018,105695,106040,106362,106700,23591,26891,28805,47057,55220,6204,62535,68987,93927,9450,96337,96660,98491,98873,9926,99975",1752028173,2025-07-09 19:19:31.413237
25e3f4a9-1015-4f9b-98d4-3b0b6ab15558,e05fb35e-b98b-4c7b-ae7d-0266f2ed3cfa,"105626,11275,22793,25615,53565,66021,67594,94169,94817",1738507799,2025-07-09 20:25:31.345235
261e507d-d28c-42c0-abd5-74cb4b30029b,04ac0ee7-22f7-4c0a-ae53-2968bf364736,"106744,107285,31838,37808,4495,46269,5376,58583,62782,83521,94799,96701,99371",1751261987,2025-07-09 21:01:31.521295
2639d581-710e-4901-9a31-f467a4d44f1f,9f4eb254-4085-4c7a-9af1-7e05953fcb94,"102001,109924,109925,110251,26789,91701,93606,97653",1751860393,2025-07-09 19:37:31.407534
2640a06c-dc63-4a99-b0e2-6d42cc32772f,7cdd6a3f-bc3a-4668-a39e-1c86af99b0ed,"100775,11275,23425,58658,61602,89163",1751820033,2025-07-09 06:03:20.402123
268671c8-efe3-438f-aedf-5531fb10ab99,a311334d-3978-4652-bbf1-719604df848a,"106551,106746,14002,2164368,35632,41097,85175,94800,96100,96610,97304",1752331137,2025-07-10 18:52:31.513517
2694c5b2-329c-4d4e-9767-d77389a0cf61,abc90a3b-891b-48d7-8d6e-0575e9dc6a42,"103669,103717,104711,104723,104876,105081,106245,109194,2150906,50523,70012,85180,85188,94631,95799,97092",1751857595,2025-07-10 18:55:31.478294
269c28ac-4486-4ee0-b4f2-511c08a11db3,09096092-f82c-4eed-8bae-08da31622475,"22411,34588,5625,90584,96248,99263",1749999278,2025-07-09 20:46:31.392832
269ea35a-073a-4114-bcc8-f8e3770b59b3,01ef5fd3-cd29-4a4e-90b8-8827b3ed0206,"100101,104723,105065,18981,24702,35052,37447,58583,59409,62662,77953,83230,85189,90584",1752086118,2025-07-09 06:03:20.402123
26a5ce98-3d1f-45c0-a2f5-0fa7006d552c,ad286aeb-a4ab-439c-b4a3-9e4c0b50f02c,"2145913,2152010,2255763,32843,76859,80749,92435,9854,98837",1751699922,2025-07-09 19:25:31.714795
26bb4bad-9fb5-40c8-b61a-358bf8659241,eaf11f7e-cfff-4844-b932-724a39ab5552,"18481,2032115,2041578,2041582,2068529,2209655,2249334,24250,37447,40214,43144,5376,6261,67954,772,88674,91262,94817,94835,96405,9674,97078,99263",1752095829,2025-07-09 20:37:31.608351
26bcf6f0-a121-4669-a367-a167fefe0b0a,c5beecf2-f668-4a11-bf40-212b9d615d00,107739,1749428653,2025-07-09 19:43:31.642855
26d2e52e-49f3-40ef-9a13-ccedeab966a1,8932c616-c85f-4df3-b898-9cddf10fcaf6,"107632,28223,4653,51208,63587,82308,82309,99479",1752028621,2025-07-09 19:22:31.604565
26da8a0c-28b4-479e-b3a4-8a8d78234501,13d67a35-2a6f-47df-9652-da8eca2ccf79,"18283,2029937,2086595,96083",1752089821,2025-07-09 18:49:31.587698
26db6153-53ea-48c1-a85a-145cb00a3562,1ab33894-39ed-49b0-ba93-291d7fbee38e,"100775,102462,103954,104203,104839,105554,105675,106176,106367,106450,107203,2686,27548,27581,2792,2823249,29358,29359,3227,3569,38441,46130,46269,47319,49005,51228,52753,53561,56285,56846,58563,58583,58586,58658,59332,61602,70579,72397,76412,79544,79757,84072,84570,84666,8558,86725,86852,88592,89482,89827,90073,91496,94799,94800,95272,96942,9819,99039,99344,99593",1746658166,2025-07-09 20:31:31.402227
26de1e82-c3e5-485b-a6db-9614a61f4020,689b7eb2-858f-46f8-9c70-0c849c1c6617,"105447,19231,29431,38441,50523,58583,60612,61602,64427,74509,96397,96660,97092,99216",1751569348,2025-07-10 19:01:31.560317
26e8d1c0-8844-4a4f-a81d-9c6123af4cbe,737f730a-3c67-4bd6-82f7-f149e7a71671,"2198999,2206706,2209674,2209686,2209691,2209692,2210258",1732006546,2025-07-09 20:43:31.463099
270433b7-4f49-4f3e-9b8f-cf81c5762a0b,89f60518-1068-45d3-baea-61e99bc36654,"107285,1910,2052,37132,42405,70929,94525",1751598316,2025-07-09 20:58:31.613441
27087599-5a7e-4a8a-b5a2-583186b546ce,1126028b-ed15-4eba-b24a-84ed8212760a,"102173,104380,108881,108922,109119,1910,50523,53542,89395,97080,98613",1752453163,2025-07-12 12:40:31.55665
2711cd66-ccb3-4709-b961-23be4ec44029,7a978ade-b3ff-4462-8ccb-a04541ad8e13,"19220,19237,40444,84570,85175",1750579765,2025-07-09 19:55:31.439331
271eb2cd-5aa4-4bcb-ae1b-45e571e7f7f4,2a2d45e7-f335-4829-8fc7-d518a9c0af40,"38441,53561,62662,93946,94776,94961,97055",1749964761,2025-07-09 20:01:31.36324
27350965-b7c9-4913-908c-436dcac0059c,7e761cf2-32bb-4bfa-8664-55c39d72eee5,"38441,39201,39299,4498,50523,67994,91690,98700",1752253578,2025-07-09 20:55:31.375308
2740d998-58c4-4b62-8eec-67012d7c47af,6d69f053-7245-4286-a887-4ea8f508144c,"104544,105081,108892,3486,38441,57295,76470,93978,94800,99216",1752187438,2025-07-09 20:46:31.392832
274450db-e2f9-4670-8289-3313e5f0e2ce,327217ea-8bcc-4e56-bcfe-52340aa0a09c,"106413,34588",1750600678,2025-07-09 19:04:31.645408
27484d5d-1423-47bf-b961-517f0948c135,06137630-60d5-4bbc-bdbe-a7c95f43854e,"100739,104876,105626,22497,23425,24571,24584,30255,31758,33493,35236,41089,42294,44935,46269,53561,58583,68219,7309,87333,88463,93978,94599,97550,99216,99267",1751527792,2025-07-09 20:40:31.784592
274ca538-c90b-4285-bbc5-707d3015de9d,0c807772-dcab-4944-81bc-a58e17825996,"105115,105883,106482,107421,15570,31838,32116,38441,7201",1731088709,2025-07-09 19:49:31.570096
275b2085-407d-40ad-9de9-288c5a322656,f64ee455-29ae-4a7f-8d5f-1c291ec5f23e,"102107,10638,107184,19085,19541,2242736,2248311,88661",1744071751,2025-07-09 21:25:31.482511
2762b597-b467-403a-a800-dacd839b25be,6dc72620-c93b-42a5-a4ba-6d327c99521e,"104616,107334,1254,15506,19329,2256523,40501,58583,80749,83986,92165,94449,97092,97565,99232",1752380074,2025-07-12 12:40:31.55665
276f9f4b-7367-4e0b-9f81-a52920388864,30ec492c-61f5-4cf0-a9c5-48777cf6a5ac,"1662,7521",1751856688,2025-07-09 19:25:31.714795
2777124e-ec71-4b4f-b94c-b0d12e8cfa37,3540edba-7865-4ccf-8b6d-a9b3036dfedb,"14522,2067953,2075618,2193305,2194562,33028,41587,42956,46269,47319,49516",1732367320,2025-07-09 19:58:31.343729
278e6c64-fa1e-4224-bd71-d79e55480278,c9012847-9a91-414c-8ec1-9c06585b509c,"100328,101371,102715,104701,105266,106018,106027,107179,107989,109285,79524,90453,90542,962",1751174376,2025-07-09 21:04:31.429108
278f386e-038b-4173-823a-56f27657928a,23db7f4b-9143-4454-8977-16873f2d9d1c,"105724,2048243,26485,97021",1735966641,2025-07-09 21:34:31.499073
279fd619-8844-49b5-a282-aacbfd826f7a,f068f6ed-9f44-4e39-8fea-3c72dd0bd243,2048635,1752354275,2025-07-12 12:37:31.584738
27a1fffe-802c-46ee-bd29-2de020d3e7dc,ce014fb8-6abe-43d5-9666-c9bd0a90807b,"107155,107902,2251842",1752455456,2025-07-12 12:37:31.584738
27b33bdd-0888-47fb-ab71-ee6659f9b590,b268514d-e559-454f-a7ac-c01b9364da19,"108295,108735",1752087449,2025-07-09 18:52:31.536339
27b41db1-71e0-432f-883b-2122c8f3771f,3dbeb038-b047-46c2-9560-fbed81af5c7d,"2833359,295,58583,89636",1751845423,2025-07-09 19:25:31.714795
27b8a0ed-aff2-4447-86e0-c5ccb4626e5e,6df90532-ea86-4d17-a6a1-2e8873cf2186,"103997,10956,1255,25503,460,61602,74787",1716580886,2025-07-09 21:49:31.460853
27bb5a97-5bda-4c2c-a927-d3b49c8e719e,7c021cad-d890-4dd5-ab94-f339bc955859,"104640,105422,105953,13933,41097,55717,95573",1751732163,2025-07-09 19:40:31.494332
27d3b994-70c4-4d94-9ab5-5ef87db23641,30a30e9f-6104-42a1-929d-2d62cde782b7,"1060,58583,73907,96049",1750123440,2025-07-11 00:19:31.492721
27d5424e-481d-4f07-aad1-89338c098eae,40e150e0-5a37-48ac-9eba-fc4935c54e7c,"104616,104756,15917,38440,87828,93931,94776,96625",1751810864,2025-07-09 18:58:31.654225
27e29872-b1a6-4c74-8e8f-97c84fce2867,8080f66f-a1de-4daa-84ec-59d29a81e544,"108513,87218,95673",1752454371,2025-07-12 12:37:31.584738
27e9ad94-e837-4ce7-b3b6-330b4a8a7be7,eeab6dfb-6105-449b-a0a3-dadcc78d61de,"24070,2825413",1749821656,2025-07-09 19:49:31.570096
27ef1b98-e09d-44a6-97af-b3afd9130ab5,75ee3f9f-1869-478c-9004-9f18650486a5,"105555,33405,39201,39299,92312,94450,96083,97711",1752341773,2025-07-10 18:58:31.529937
27f5d110-96d6-4883-a4be-ee08264b37b3,e1408e35-23d6-46bb-9093-2d8867d6234c,"101291,10171,102615,109530,12187,13012,13240,13241,163,17995,20774,2115927,25503,30718,38441,40336,40405,41089,42919,43336,47059,48574,58563,58583,58586,64427,7509,81224,8715,94273,94776,94799,96699,97304,97619,97782,99263",1752298963,2025-07-10 06:01:31.512189
27fcd853-1e34-489a-988a-314ea9074d06,13591aab-1dbc-462d-89c5-8ea960dd8305,"104778,106167,107793,12621,24250,80014,86543",1751504183,2025-07-09 19:07:31.585047
27fef916-10d3-4b49-a84c-82d9d5355651,4db5b884-c647-4a5f-9cad-1b155414bcbe,"104969,19566,223,74889,97101",1748894784,2025-07-09 19:49:31.570096
2801d9a2-ef6b-4019-9807-b52e8f2bd2dc,2062645c-8d52-4706-ba5b-af33b088a97c,14293,1751136144,2025-07-09 21:19:31.485127
281a3c33-e47b-47cd-b0e0-7489d7cf153e,709e2088-8e3b-47f4-8e28-fd10fed1eb5e,1662,1752274160,2025-07-10 18:58:31.529937
2840acb4-ccd7-4f94-873b-b2e2a3dcd7a2,e4f14059-1de6-4456-b38c-6748073b3683,"108314,6541",1752065511,2025-07-09 18:55:31.759641
284e4616-474b-4768-acb6-ad94b18b48b5,4a7dcb93-2876-4160-838b-eb8a668087ab,"101292,102633,10349,105119,25503,38441,45782,58576,94631",1744869025,2025-07-09 20:28:31.628044
287a5dfc-aaf8-4f9a-b684-62c19d5f5bb4,5f987a85-a591-4e2c-a36f-cd917f34c6b7,"105465,10638,17007,24702,27483,30195,50679,52753,62662,81224,92312,96942,97006,97304",1749443371,2025-07-10 19:01:31.560317
2886b33a-84dd-4dbb-99fb-07b4c10dbbde,5fcfbbcf-888b-4995-88e4-3ed9cd034451,"108980,2254649,2265441,2837842,28505,5456,80142,90570",1751894692,2025-07-09 06:03:20.402123
2897e320-0914-4143-abe4-91dcf6eb5e8c,bf8b9f56-b296-4faf-a152-3cbb011ab352,"104619,105199,107518,108000,1662,20822,22347,27952,39299,39334,42330,4495,53561,66404,86828,88728,9672,98349,98783",1751916409,2025-07-09 19:22:31.604565
289952c9-a479-43b5-8174-557747e2a183,4cb31328-9025-4d90-83ab-b8d922891690,"101928,106015,106504,107993,11551,16191,1662,1910,25652,53542,6470,82818,92638,9656",1751683579,2025-07-09 20:58:31.613441
28a45049-b758-4f98-8432-7eb45708747b,dd66414d-9d1e-443e-bc51-f27d9adaea9b,"101608,10329,13933,27582,40503,7719,87652,96397",1751737509,2025-07-09 19:40:31.494332
28a7f06d-cc1d-41f5-9781-b58258f6d0ec,96589ff0-5ff6-4fc1-9a9c-9e9b7645edd5,"107760,7880",1751216994,2025-07-09 18:58:31.654225
28df4cdd-b75b-4fbb-a6d5-71683e3f1a09,9d784371-9b76-4960-a13b-f98e4fca3bdf,"104773,13091,14760,32279,46269,53561,58576,65252,95272,96249",1737092986,2025-07-09 20:01:31.36324
28e1e28f-92ae-4f9c-858b-9571abad2661,9d6f93c8-aebc-4cc7-947f-66a5127e1566,"106114,107074,107752,109330,2814687,2831146,76717,86679,97055",1751426128,2025-07-11 00:16:31.65555
28edc058-2d24-4758-afd6-8d733b1b47a0,aee476d3-74da-4d30-a5fe-f898b1c466b2,"105589,11275,24259,37808,40336,52394,79524,89482,96707,99090,99263",1752080141,2025-07-09 18:49:31.587698
29105fac-8570-4ae3-a725-cb212588b199,1bd93c01-4534-40fd-96b9-4939e9e0b8c8,"105391,109713,28227,2830903,5353,75298,96083",1750569895,2025-07-09 21:16:31.455148
29112ab4-ba05-466e-a8f0-42f45eaf3535,0fafd86c-daea-4f66-847f-ad66c2d78f54,"100013,100924,11750,16619,22695,42794",1733336619,2025-07-09 19:58:31.343729
2922ba9a-ae72-4a72-9248-455ede3c9355,e5ef05b8-1434-43dd-a4d0-d37889ed6f5c,"37808,58583,94599",1752113669,2025-07-09 18:49:31.587698
292a6f6b-9e4f-4c09-8374-a4bef3238459,467cccb4-56ff-4d37-8610-0d82dc50fcac,"1254,13082,34337,58586,84168",1751944599,2025-07-09 19:37:31.407534
29604778-0d23-4dea-ac2c-616fab663d2e,59a163a5-3014-477a-92f8-c0661441a6ae,"105130,11504,13644,40966,53542,84087",1751905872,2025-07-09 18:58:31.654225
29a21b85-a88f-4084-99f9-c5d0ea09e5fe,11d68cce-084b-49bf-8edd-ad46b55d9e65,"100214,102173,102494,104485,106018,106923,107082,107095,1910,2052,31791,40406,52753,76470,83341,83471,87023",1752063728,2025-07-09 19:37:31.407534
29ad1665-97c7-4b57-9f16-c6b2bffe4838,cedf2633-7de8-4673-a51d-c58a2b7d15be,"101324,102331,105448,105451,105602,105847,105976,106812,10730,107862,17267,25712,30878,32281,3569,44619,58583,58586,63105,65828,81649,9365,93868,93871,95670",1737599924,2025-07-09 19:49:31.570096
29f7165c-8c0d-41b0-9936-60a2f33240f1,929bbccd-ba7d-4093-8cd5-62bba6dc844a,"12010,25652,27690,48574,96083",1751508187,2025-07-09 18:55:31.759641
2a115a9d-18ae-4bf0-b3ed-bb172306165c,62033a72-9f39-4367-9205-f9eac752e937,"102494,104176,105012,105724,105843,19221,2035273,2035476,2055263,2068204,23425,24070,24584,32531,5353,58583,58658,64427,71936,90413,91567,94817,96660,97078,99263",1751321764,2025-07-09 20:40:31.784592
2a1339a9-a9d5-4bcc-a05d-d30f6a432c12,74c76fd9-3ead-4990-a866-c6723e65e9c3,"58586,94151",1751414530,2025-07-09 20:40:31.784592
2a21ad42-ca5e-4a5e-aa9c-827e49d6dc4f,175b21ee-41ad-4980-8ea5-688d016b1dde,"104485,10480",1751992621,2025-07-09 19:04:31.645408
2a2f7bca-151c-4eba-a4d6-996741a45200,3662f0e2-ca6c-4919-82be-2a714be23058,"101325,106535,11632,36490,38441,45782,50523,53561,65905,83129,87792,93978,94631",1751765580,2025-07-09 18:55:31.759641
2a3a6003-5141-40e4-a1fb-8e47642b99e4,1a7247fa-847b-414a-8b85-ea3cd8c98f29,"10727,2478,45113,97224",1736899419,2025-07-09 20:19:31.511716
2a47fc09-0be6-41a1-b7df-2b1d449769bb,b2151f37-aca3-4b8d-b490-116ee3246f9a,"101393,105931,108452,15791,16632,17119,17914,2174713,2174716,2174722,2174725,2174750,27692,2852903,2855138,40213,43575,46130,46269,52394,5614,58576,72397,79712,79742,83732,86084,86616,86907,92283,96603",1751664565,2025-07-09 20:37:31.608351
2a4f1f60-e9bd-42a6-817b-607a55bef231,860563fe-093b-4686-a90c-9f1b161a5ecb,"103378,105723,33580,85163,96942",1751143651,2025-07-09 21:07:31.368637
2a50c6f4-7ef7-476f-8b1f-c5229c645e3c,9463c591-dbee-421c-a205-57a8659488ac,"106226,1910,2607,7521,83649,97304",1752083153,2025-07-09 19:16:31.314342
2a6a802e-5c72-46bb-858e-27ff37b35edd,4c20c4e1-6b59-4061-8aa0-c5906075c5cb,"11275,91624",1750559508,2025-07-11 00:16:31.65555
2a701e6e-3f79-4919-8833-9622653e2c55,16cff4ce-7355-4a14-96d6-98685931f851,2052,1752095926,2025-07-09 18:58:31.654225
2a86ad19-3166-4ac0-8bdd-87fd92ffb0a8,fc740bfa-5bdb-4e34-a766-30b6a4685653,"102237,103381,107298,33236,68761",1751169589,2025-07-09 21:07:31.368637
2a87bf3c-bcc0-44cf-9738-34c63abea5a2,c434d40f-dcdd-4ba6-80f9-39e7c4d2bb70,1662,1752365672,2025-07-11 05:40:31.338301
2aa371d0-3238-45a5-8f8c-1e674816bf2d,ebf7bbdc-c346-4d66-89d1-41dd23f03313,"2055291,28995,36866,94601",1729820140,2025-07-09 21:13:31.422326
2ac5ada6-7727-4256-ad32-125743b836f1,1e8d0ae7-8944-48e5-a835-989794d4de54,"108513,3227,3229,42398,58583,64427,65742,7719,95450",1752203295,2025-07-09 19:07:31.585047
2acac246-336a-484d-8ba2-318e953a9374,1435d73c-60b0-4c81-8c87-43da75bef5f3,"105626,106395,107740,2607,37100,37808,48574,53561,58583,6197,62662,83521,86373,97304",1749052942,2025-07-09 19:46:31.620522
2ae902d7-58fd-4340-9611-d5de1d66db8d,8879708c-aff9-490b-bc69-295376a2491c,95160,1751850400,2025-07-09 21:10:31.289723
2b005d5b-81ce-4239-b199-69261c328ba2,3ad2a631-dfc2-4ebc-b9aa-a3fdaa742194,109487,1751580947,2025-07-09 20:37:31.608351
2b0356fd-663e-42d0-aff6-67e15c5761ef,2ad9afda-97ea-4031-a90b-bc657a270715,"2146772,2150359",1734998351,2025-07-09 20:19:31.511716
2b25754f-93b3-4a34-a6de-e20df9d85009,9e2ef3e1-ade0-4bf4-ae4e-1ad287529547,"108735,28663,29954,35969,43144,83258,85783,91690",1749988430,2025-07-09 21:43:31.40037
2b2602c3-532c-4606-8566-d200a9fda803,a5d7bac2-c7ce-4966-8b17-f9e730be7989,"10303,104099,18065,2260015,37100,44218,50378,58583,61602,65914,68300,75298,88527,95364,95409",1742147018,2025-07-09 21:40:31.522517
2b2e6523-327c-4651-bf40-8a3a69021a1f,95da47bd-1263-4504-9cb9-43856c6f6365,"85783,97224,97790",1752122568,2025-07-09 19:22:31.604565
2b36cbf7-5d54-4b5b-be0d-d1b97f361022,c9fdb4b7-4705-4b98-b14d-a3583432aa55,"10421,106691,108185,16124,2027420,2089613,58583,58586,91643,96249",1735637455,2025-07-09 19:40:31.494332
2b44de54-2e22-41d4-99c9-1f53fd9edfee,7dde7a1c-d3a2-4bb4-ab60-cbc0c2915fee,"2212846,2223111,2231919,2238733,2247982,2249230,2249315,2836889,2836891,2846794,2846795",1748047884,2025-07-09 20:19:31.511716
2b47c79b-685e-45b8-bff0-591e6a77543a,27ef663d-91af-4477-b3cd-c9f0cbbc6574,"19538,53542,80749,84168,96707,96802,98610",1751398318,2025-07-09 20:58:31.613441
2b5852ca-5b71-48e1-80b0-a7e165258519,d03794e0-2754-44cc-9eb9-70fa524412f5,"101323,107760,108056,11857,18438,73907,77946,94631,97304,97412,99321",1751683475,2025-07-09 19:28:31.448042
2b5d5420-d228-4c04-8fd2-4a2d1e9a9644,75bbbc0f-a41c-46c6-b026-9b36d1876614,"30054,42704,53089,53561,8715,89574,9157,93978,94631,94769",1749665053,2025-07-09 21:40:31.522517
2b95031c-9b13-4be1-8d71-4ce9d6c0e3bf,858b13b5-d985-4ac4-a732-399a9684817c,"106501,20795,22937,26485,2838502,48751",1751861975,2025-07-09 19:07:31.585047
2b9cccb5-67dd-4492-9f1c-77ef6c3aa65a,17f06a45-b879-4186-8a72-b5ce972be918,"105017,105941,106047,11632,12731,26728,35348,42294,46130,53078,58576,58583,65902,68177,68297,813,87965,91611,92219,92685,93015,94817,95272,97711",1751361964,2025-07-09 20:40:31.784592
2b9feefe-c0f8-45c8-8d06-68373f6e2f3e,93d663e1-c4de-439c-9fad-8ce224f1ff6f,"100816,103381,10421,105555,105918,10638,15403,53561,65677,83696,88532,89509,92295",1752027258,2025-07-09 19:34:31.343546
2ba26fff-1934-48d9-abcc-822ef8698267,62ca857e-d4a6-4a1c-83d8-7a0121a908d8,"100001,108340,12992,25615,26789,40213,44934,58583,58586,68297,77959,90266,9672,979,99216",1752127841,2025-07-09 19:07:31.585047
2badb93c-2ed8-4f9a-95c9-b98e6a9264ba,130c2edf-6e95-4bcc-b7ba-1c43fa6d2c43,"38441,423,51248,84783",1752035885,2025-07-09 19:07:31.585047
2bb7900d-94c8-413b-a4df-1846cdab3568,25b2f155-53ab-4ed6-aa39-dd30e3507342,"108613,27605,40504,50539,56285,61512,80749,94800",1752457304,2025-07-12 12:40:31.55665
2bb94acb-d32e-4418-81b1-d404320e3555,3a06c99d-cacd-447f-ac0b-2f7f75982d7c,"107359,107360,107361,24600,30886,32550,41020,58658,6391,84454,8906,94601,96729,98712",1733545634,2025-07-09 19:55:31.439331
2bb9bf3e-6537-427f-bf91-84d11ad1c854,e8dbcd29-12bb-4176-b46f-dcdca4875658,"18102,42294,46269,50523,51931,53561,56285,86827,92854,97078,99216",1751217951,2025-07-09 19:01:31.673767
2bf43cc9-f8a7-4799-aff6-f5348224026c,6c5d6d4c-c847-48af-acae-3a97b0c4eb57,"102736,104176,106082,2189,2607,27605,48291,50523,53561,61600,65145,85110,86543,87023,89648,90362,91708,95750,96397,99216",1751338080,2025-07-09 21:01:31.521295
2bf9ec8e-a1c4-4c16-9889-30a1e5fb6081,52ca017f-71f2-42d2-b6f9-c18302a80e9b,"107265,2092421,2115937,2193178,33580,95756",1734458089,2025-07-09 21:22:31.50472
2bfce3f9-4a80-48e8-a7db-dbd007f65f2d,ecfd3a45-bc73-4dc7-83c1-f5c6d7fd39a7,"1662,24070,30439",1752332060,2025-07-11 19:07:31.675911
2c08f424-513f-45de-b8bf-2e83ba4a1d48,d809012d-6e52-4fe2-a4e5-4dd86a298035,"110319,2838365,2852556,94025",1752167274,2025-07-10 18:52:31.513517
2c0a138f-2398-480f-9009-84c05661c36a,1c57f7e4-4e52-454e-bc87-29965f2eb9fb,"2071,20774,2162,27605,3562,35632,3664,44897,45772,50520,58586,6600,71543,86084,92118,94151,95097,97224,97338",1750805099,2025-07-09 19:43:31.642855
2c13e453-c230-4575-a415-cb37c448eaad,4cfbdcba-5208-412a-bbbf-5289bc90ccdd,"100043,107153,14002,2052,37808,45772,58583,58586,61602,95750,95933",1750454327,2025-07-09 19:43:31.642855
2c31e017-77f8-40ed-a17a-68f19e258f10,d7be185b-3bc6-49fa-95f0-fb6572097db2,"37612,45259,58583,87831",1750869755,2025-07-09 20:28:31.628044
2c3dbced-a858-4576-834f-e11d7490b9fb,e26d1465-fd1c-49a1-aff5-5ab6ffc4f9e1,"102922,2174713,2174725,2185839,2196108,48574,94800",1748022089,2025-07-09 20:34:31.516539
2c4f7efb-0002-4592-9814-1396a9a3d1ec,3881cc84-99cd-4182-8d5a-09f393066132,"105626,13237,94631,94817",1751495338,2025-07-09 20:40:31.784592
2c5bcc3a-e037-42df-8de7-2c59ae5d75bf,f052d9e5-3769-4a1b-8107-11bf71f688ac,"11632,24250,48574,48942,50523,53561,58583,68987,80749,94799,94800,96701",1751773374,2025-07-09 19:25:31.714795
2c624dca-b5e9-4c0b-9c42-861d948d3100,7b56b27c-9f31-4904-9562-3481672cb11e,"104442,107285,108115,109546,109562,109832,2247494,2828603,2841277,5883,67642,77425,96083",1751844597,2025-07-09 19:25:31.714795
2c8468a6-ea51-4b76-a15f-f8f0a485b668,cda19452-d65d-4117-90cf-053972a4025c,"2052,38928,39334,56295,58583,62531,91612,95689",1733982452,2025-07-09 20:28:31.628044
2c9a9636-a581-40cb-8a36-5abe4471e391,8d786cd5-f374-49d5-8893-4f8d38b79707,"104640,16191,24702,58576,76859,92611,94800",1752294978,2025-07-10 06:01:31.512189
2ccd7db9-d4da-42d0-baaa-3b504d1348fa,0d3bf782-6f9b-421e-9dfd-bab11b7f2bec,"100729,10421,104440,104859,106267,11275,15791,24702,29425,30439,3131,35071,37808,42330,48574,51931,52394,53561,56285,76859,83129,86875,93978,94800,96676,97304,98741,99216,99263",1752438565,2025-07-12 12:40:31.55665
2ccefb36-6fd3-4220-9c56-41eb1cbd6400,0af4219e-d35f-4d35-99b4-914d6177f4ca,"107764,1196,23848,25503,2802,30195,30505,38441,46269,64427,86543,94631,96888,99216",1751049163,2025-07-09 21:22:31.50472
2cd50320-bf57-475a-8f53-6281be6df9fa,5762e813-3891-4158-9e91-8fc197a1d386,"106024,11254,2843,295,45782",1751869543,2025-07-09 19:25:31.714795
2cecd511-941c-4e13-adb6-6d614382968a,b25ab7b0-ea1d-47b2-a8bf-a3b1f5c9be51,"104192,104768,24153,46269,48274,5376,73307,76470,85163,86543,96610,9672,96997,97066",1725577763,2025-07-09 20:22:31.445516
2d3061a4-1c8c-4d97-abcf-263d260782c7,84a5e10b-6174-4c62-a945-19b453703930,"102923,12010,2194562,2245754,2245765,30878,37612,46269,59345,87333,94769,97224,97338,99344",1746241878,2025-07-09 19:55:31.439331
2d323823-b167-4b5a-ad57-eef32c995bd6,f9494b72-9cd0-4dc2-93b2-72076182bf8c,"101438,101928,10895,26741,30367,34929,37100,41088,42294,460,46750,53078,53561,5461,58583,90992,9365,97224,9850",1727712328,2025-07-09 21:13:31.422326
2d463a11-aafa-4a4f-a5b6-1bcb07aed6bc,ee3ae23c-782f-4bb3-b9de-1d110b941735,106413,1751055325,2025-07-09 19:04:31.645408
2d55a944-a321-4870-9d75-b808c445f787,0e62fe03-dd51-4f61-96a7-15f16761154d,"103977,2057452,35348,59332",1716512408,2025-07-09 21:34:31.499073
2d69a837-6ffd-4e8c-b334-1b03e9b6faf8,8ef91944-e1e3-4446-8365-f752cd5c1671,"15877,23425,25641,65914,73312,80749,91701,94631,95474,95750",1750480750,2025-07-09 19:49:31.570096
2d69af81-7bdc-472f-b23b-3b47fa027885,3425b893-024b-4d74-96d8-9c5d49ac4540,"106410,2038254,20795,2158523,2253323,25286,2841277,50539,58583,85175,92920,94378,96545",1752025006,2025-07-09 21:16:31.455148
2d6e55ee-1aa2-4dac-85c3-5867184abbb6,f59efc43-49a8-460f-a11f-b2c399a97382,"107551,107838,108239,108269,108270,108271,35530,79742",1737337150,2025-07-09 20:34:31.516539
2d7106e2-5b24-4dec-a114-f8c8dd0c9456,f5c99202-b198-46f7-8b8a-f81221761173,"2839469,94062",1752366127,2025-07-11 05:40:31.338301
2d7c3d6b-6402-4464-b4f7-f02664ab62a0,dbc29d1d-e15b-46be-8f3c-83059d84e01b,"102417,102916,17995,18255,2194699,2194701,30878,50523,5376,62662,73907,83892,8394,94450,97055",1752043783,2025-07-09 19:07:31.585047
2d81b671-4b6c-432f-affc-f43b10208288,e7844cce-8f78-4614-9e42-5861cef7de78,"100043,10438,16612,17915,24250,25286,2607,29425,32025,37808,42294,42330,46130,46269,50523,55493,61602,69106,69724,77959,80749,83129,83378,86543,94060,94601,94817,96248,96942,96953,97871,99216,99263",1750771676,2025-07-09 21:34:31.499073
2d8aeacb-a25f-4d8e-a2a6-b9bdfbb64c30,ca0471df-871f-401c-8503-1d5a35dfb671,"11369,1910,26789,95933,96397",1750262474,2025-07-11 00:19:31.492721
2da1a052-bd3d-43a2-9093-8ce3493bcc5e,f6bce4f9-3c6b-493a-9c5e-0a5144e4cccf,"58586,97304",1751494586,2025-07-09 20:40:31.784592
2da25d61-b426-4d3d-8d85-8bc9a325ae44,7e765c2b-1682-4e28-a3f0-d7b9c57741f7,"1662,62782,92312",1751302626,2025-07-09 20:40:31.784592
2deeccdb-ddd0-4e69-b2e7-78062e377b43,1682df88-4202-45d1-972b-804f3ec6289f,"100178,104718,105978,106400,107060,108287,108881,109355,109479,112,159,19555,2267201,24324,24536,47922,49004,54860,61883,63798,68227,83647,99248,99263",1750455493,2025-07-09 19:46:31.620522
2e00036a-f1ef-4c49-aff7-2e52093910d8,0f57ebf6-4251-4480-8f86-451fef8d1f87,"13240,58586,94151,9672,99215,99216",1744737993,2025-07-09 21:34:31.499073
2e0890f0-53f7-433d-83ef-5b7c662bfc7b,471464ad-b1b8-4f6d-b786-ebe4cb8744d5,"104176,105438,13007,2792,41023,56285,58576,58658,5883,94800",1735417049,2025-07-09 21:22:31.50472
2e09bc7e-b147-41e7-a7be-82459d212fc0,0ceb13ec-74b0-477f-b4d5-3c10e09acacf,"103999,12010,17915,24584,30505,45782,53561,84942,9129,94800,94866,96083,96248,96660,9674,97092,98906",1752121840,2025-07-09 19:10:31.750627
2e0c45b8-5083-4176-aae1-1124e57f547b,03140038-7357-40dd-bf11-01696a0a11cc,"102408,102594,104523,108333,109189,11792,17119,2071,24702,30312,32439,38441,40091,45772,49705,54704,58583,58586,83696,90892,90995,92014,92020,95097,95750,97304",1751696850,2025-07-09 18:58:31.654225
2e4276f6-6aaa-4401-9b44-8b3d19e8b0b8,d827f820-3174-43c5-8c04-147250228dc6,"102341,105089,11275,17995,38441,42,5353,53561,5764,68177,79544,81402,86186,95272,96083,97224",1751914866,2025-07-09 19:19:31.413237
2e512239-81d5-4ac0-87fe-82e9b7e04c35,34be5fc8-ea97-436f-b095-a06fd6aa542d,"2258095,25503,30505,53078,6463,94631,95474,96225",1751684431,2025-07-09 19:25:31.714795
2e648ff9-167a-4300-85eb-385916adbf6a,ba44924c-013c-4311-be26-d0034643f511,"104054,107740,107860,51931,56285,68300,94800",1734221998,2025-07-09 21:28:31.336454
2e67959c-087c-433f-9181-649fb55b98ae,092f2b73-f61c-439d-b807-ba8d92c8251c,"106949,107197,107693,107698,108846,19096,25503,25611,41089,45782,61624,68987,79524,79677,82308,85175,93015,96083,99403",1752389192,2025-07-11 19:07:31.675911
2e8b7b97-6fc1-4608-bd39-a11aecbe1fa8,1092e0f3-8dbe-49bf-acea-da399d99e5fd,"105626,107739",1751684750,2025-07-09 18:55:31.759641
2e8c7540-794c-40f7-b03b-d047e4d798bd,cd4a3505-7a60-412d-b8ea-8c73344a1ccd,"109198,83732,88518,88532,91701",1752242635,2025-07-09 19:34:31.343546
2e97a453-e5f0-4963-975a-c1929332220d,f942d48d-707d-4e20-aa52-efc19fde069e,"10765,58583,58658,89346,93754",1751443177,2025-07-09 19:25:31.714795
2ebe7900-4cad-4820-9428-8019502a09b0,7afef44a-4c04-4df2-944e-199781e89093,"10392,105360,105948,109957,109958,31250,35683,4653,90558",1752203640,2025-07-09 18:49:31.587698
2ece36aa-ee25-4ba3-95dd-f3758d6bddad,54ba0fa4-778e-4371-8101-48d8867ef775,"2551,91691",1751503518,2025-07-09 17:45:20.222232
2ee4b304-1a00-45d5-8986-dc51a245e8b2,2f22bc54-ee9d-4699-8f97-22873434f68d,"101659,10303,107203,17995,37100,68987,79524,94450,95442",1752099925,2025-07-09 19:25:31.714795
2f028545-80ec-4903-b491-edc8f13861e3,2824e073-ab57-4160-b8ad-49d76e36d0e6,"103097,105578,106550,2607,29431,38441,46269,52394,61602,79524,95673",1751825553,2025-07-09 06:03:20.402123
2f040b88-fc94-431e-a5d3-a8ba7da062e8,5cebdbbc-ae50-4fc8-802e-8e5d33b4ca8d,"2009998,2011645,2012277,2025137,2060932",1718297695,2025-07-09 21:16:31.455148
2f13c55f-c41e-445f-9632-6629fee78654,748552e1-6c6e-4735-9384-2a5661fdb91f,"102173,106550,18283",1751980778,2025-07-09 19:04:31.645408
2f140b2d-64a2-40ee-9327-647792098a0c,0e19abda-caaf-40c2-a3f1-bd3e398bd19b,"104652,13644,26999,40290,50523,64699,80150,94961,95272",1752210217,2025-07-09 18:46:31.426409
2f2e48aa-7162-47da-99da-626463c340f0,56e9c190-9a5d-49cb-9e67-4aca7ed1b657,"25514,64560,68227,79948,98700",1752271482,2025-07-10 18:58:31.529937
2f39c411-b945-473d-b936-60f363d03888,dbebe381-ae97-4e2b-bc65-899801e0efdf,"14293,28707,4369,58495,90362",1715951095,2025-07-09 21:19:31.485127
2f54984b-1daf-40af-a2af-0a0d4ddcdb34,34370736-738c-482f-b2c4-ac6317f07f8b,"108064,24092,29367,58586,94776",1751598078,2025-07-09 19:01:31.673767
2f614202-a101-482e-b626-1dde0193541f,d5d1a824-1ad2-46df-b8da-0326138e40d4,"105265,108881,108950,53561,54603,61602,79524,824,84118,85849,8595,94450,95160,99216",1752162356,2025-07-09 19:31:31.303473
2f679014-6fb0-485f-8e84-3f997cb44e33,40bacef1-0d7d-4be0-a6b2-80ce202e2b51,"24555,2824445,2873784,88660",1752115078,2025-07-09 18:49:31.587698
2f6a130c-a9f8-49f3-93ea-1ef147eca16a,dadd7937-e973-4ab0-97c5-d913dc669a5d,"102491,102986,19329,2209651,2209668,2223127,2266143,24250,25503,4023,46130,46269,48574,68297,68987,87333,94800",1750052705,2025-07-09 20:31:31.402227
2f6d1240-d767-468f-ae69-cdaeda52d1c9,91f26f63-96b3-45f7-9f9f-f61f59e2c083,"102492,102824,24250,2478,76470,81224,92604",1752338170,2025-07-11 19:10:31.371089
2f79b49f-c6ac-42f3-86a2-2a0868b05614,dcf2720d-d256-470d-ae05-08a13e9a6b48,"18283,50378,6071,7521,94279",1752116716,2025-07-09 19:04:31.645408
2f9a33fd-e339-4549-8868-406b6165f98d,4b2f99a0-7237-44d3-ae0f-fe0c4e85d71e,"104961,105724,106077,15684,20795,23848,25860,26485,2792,35256,38441,4931,5674,58563,58583,68297,81402,82458,91171,92295,92716,94599,94601,99263",1735749009,2025-07-09 21:22:31.50472
2f9da3c7-a65f-40d9-a13d-c974c9a3041e,25fe0a1f-caf9-4e22-8ef8-f664e3a34908,"101625,102042,107730,107761,12597,67257,9129",1750819373,2025-07-09 21:34:31.499073
2fad9ad9-0660-4b4d-949e-e06ee55672a7,aed99294-695d-49ab-b773-4efed974aad6,"104705,19085,46269,94151",1752278531,2025-07-10 06:01:31.512189
2ff472d4-749c-41df-b8f4-454de60f8ab9,9a90bf46-7c92-4b37-881c-028a60720f83,"10303,106355,11275,30007,68987",1751743580,2025-07-09 19:28:31.448042
3007f8c8-6a05-4c21-b7d5-d92c8d14e165,f399b122-552a-43d4-b441-83068285bd0c,"102409,79742,8420",1743179942,2025-07-09 19:49:31.570096
302f6f75-1c5d-40d4-9899-c9c8601924f8,24de1108-246c-477a-9e1c-ceb86fc11f82,"4701,98736",1751675514,2025-07-09 20:37:31.608351
302f93a6-52e2-40e9-a347-b090b1c39d34,edaeecd2-f975-48a2-9dab-18642e924af1,"100214,107285,108200,108903,1910,23425,24250,27605,29351,48518,54603,72397,82818,84942,85163,87080,91629,93015",1751198352,2025-07-09 21:04:31.429108
3062b195-7913-4cbc-bbad-92a35a9c8de3,1d9200ba-646f-4f78-97df-79f32cb0ac76,"37808,46269,58576,58583,94631,9674",1751909372,2025-07-09 19:25:31.714795
3081b0c7-32c7-4014-bd1e-8501b78de9ab,f755976a-06ab-4e1f-82cb-833bf83cc2cc,"102237,10303,105151,105402,105558,106357,106888,1254,18645,2564,27605,38330,42294,58583,61883,83841,88534,95437",1752199525,2025-07-10 19:01:31.560317
3083b919-01ee-442e-ae55-939d7279709a,37ffc964-3f43-410c-b9ef-2c40f602025f,"15914,1662,2086596,2088288,2242738,2848458,63940,6743,92271,98836",1751826589,2025-07-09 19:25:31.714795
3089dd71-1e33-4f76-b4c2-20adc7ddb9c7,572ac525-cdf8-464c-ac70-04bae4fceaca,30195,1750795224,2025-07-09 20:46:31.392832
3092e9c1-e30e-4a34-9f08-694c11a94bea,8c831485-1dff-4bac-898f-678ef6917a1b,13951,1746609183,2025-07-09 21:19:31.485127
3094a6d5-102a-44e2-a0fa-a1c23ebfdb76,d220908a-51fe-4bd5-8068-febc6a17a6ab,"103381,105616,10638,2226110,27605,3625,37808,48574,58583,92320,97304,99216",1751011257,2025-07-09 19:01:31.673767
309757d8-9c26-4ed1-a10f-89b126f8328c,f6e0931c-7a89-4490-bc7b-6befe5d7edb9,"100025,102237,104112,105267,11275,14002",1751421569,2025-07-11 00:16:31.65555
30a03a14-32d6-42ed-88b8-ab65bcc4f042,6524971b-d52e-4be4-b402-36b1045bd31a,"11261,13644,2189,23425,25652,27605,76047,77071,92186",1723168303,2025-07-09 20:19:31.511716
30a7217f-2062-4d27-8194-a0bdc390f8e6,beb3e486-7cb6-412a-a8d7-4e1b5f500bab,"102889,11275,23971,24070,37808,38441,55493,64427,94378,94601",1751821829,2025-07-09 19:10:31.750627
30a869f3-8a70-4a01-bd00-9a51fc410dbd,df28b582-c606-46a2-ab8b-9b2dac6077dc,1662,1752289860,2025-07-10 18:55:31.478294
30acfb9a-98a1-4e6f-acff-ed345e872e57,1eea16fa-3f67-475f-9347-e28a2a99f95c,"20287,50675,96659",1742525854,2025-07-09 21:40:31.522517
30edd36d-df1a-4ef7-b3cf-9d175d4b8859,17867dc7-2ba1-4e3a-a494-97ff006286f7,"105017,107320,107740,107902,2155255,24536,41089,89828,91562,92306",1748939836,2025-07-09 19:46:31.620522
3100ab6d-c9d7-4cd0-ab95-20cdf13e18a4,a70a13b6-808f-4213-aacb-c9621a8c3564,"104399,106278,108184,24250,26485,49005,6017,79524",1752299055,2025-07-10 18:58:31.529937
31047a81-9887-4e0b-a87d-e3ee40e0b3ff,63194347-7e51-43dd-bc9d-448e57459d66,"25652,40213,459,61512,69106,83129,94601",1751738722,2025-07-09 19:37:31.407534
3110ba69-8912-4550-8d00-e2730579e209,89e82d75-4bce-4366-9ac2-5b02273a1b72,"101731,103429,14808,42294,90000",1751850432,2025-07-09 19:25:31.714795
3133231f-eaeb-44e6-a8e6-fd6ad80d796a,c8744b43-a8e3-4576-b14a-d59f8f3abb0c,"104057,38441,42704,76470,93978,94631,9839,98700",1751741296,2025-07-09 20:37:31.608351
3141afb3-0784-4754-a95d-6bb9d2faa5fd,2d88cece-d6eb-48d3-9000-341519add851,"100328,100329,104936,109696,1910,84168,91701",1751248130,2025-07-09 20:34:31.516539
3147f621-d250-4241-ac3d-09547752a321,bd2b96c1-63df-4892-b0be-fbb4352532e9,"103321,24702,35532,41791,93754,9926",1751409192,2025-07-10 19:01:31.560317
31528ddc-c0c3-496d-a1ae-4f2a9504029b,a6481b2e-7ccb-42e7-b417-13a2c56d1266,"105458,106494,14061,14492,23687,2559,2607,41097,62782,68297,96446",1738545366,2025-07-09 21:40:31.522517
31539861-3772-4160-a089-02fee82b514d,dc17b241-4d25-4a33-b7b7-f8daea84abaa,"108399,108402,23425,38441,41023,89984,96942",1746808094,2025-07-09 21:46:31.314864
31563275-22ab-4bb2-a692-a3260608ab16,06666d9d-08c8-40ea-ab79-eb0cfc92c6a4,"102341,105444,11501,18643,20800,28227,40091,40504,58583,61602,90362,92664,93015,99216",1750564816,2025-07-09 19:43:31.642855
316fbc3f-018a-4cea-9745-6aefc9b13200,5ed1ee28-fa94-44ef-af7f-33b214797012,"101730,105447,105460,106067,20800,43779,77789",1745985535,2025-07-09 20:25:31.345235
317671af-79b0-4a86-a161-d77150a7bccc,926c733b-c9db-4c8b-ac3e-9c9e0135090a,"2007,2413",1725683731,2025-07-09 20:22:31.445516
3178790e-6867-44e2-9ac9-d344783273e0,d4657d90-552f-4981-bef8-cdcf2a6eb0b5,"105766,10730,107650,89997,97227,97830",1741498547,2025-07-09 21:16:31.455148
317a6cf6-5f37-487a-a8d9-5e78773bd71b,3177c5e5-1d61-43a4-bb92-71141c66f155,"101369,107212,107699,53561",1744313334,2025-07-09 19:46:31.620522
317ac099-1a8b-4e08-b17e-db7198b62667,ac5ee312-5241-44ba-92cf-4ecc938b0b42,"101369,103717,11632,24250,25433,26485,26744,29204,34929,38441,42075,53561,58583,62542,77885,79532,81849,84781,84783,94113,94631,95700,95886,96225,9674,97092,98675,99263",1743371172,2025-07-09 20:46:31.392832
31b73ae1-2b3b-40d1-8fe8-2504ad0c21e9,6aebd38d-f7bf-43db-aecc-322628aea10a,"100225,106467,33879,38441,83673,91212,93978,94800",1720927462,2025-07-09 21:19:31.485127
31bfe1a0-5de5-430b-aeaf-65185b9ad256,9f330afd-9ed4-4790-8fde-f9f7b3d0bde3,"106045,106395,106494,108122,48574,58658,63587,92312,94800,96659",1745818938,2025-07-09 21:40:31.522517
31d5543e-6e49-481f-ae98-52c05939ce76,49059d0b-f4d6-478d-8881-6caad8648639,"100868,102736,107898,21293,27605,40499,53542,58583,71296,79524,83685,88463,95573,96397",1751856439,2025-07-09 19:37:31.407534
31e93711-9eb3-489f-b1ac-5ccbd89cd349,306b34dc-8a66-4ddb-be99-ae8ae4b9618e,"101095,103182,104099,106413,2068,23848,38441,46172,94060,95573",1751164577,2025-07-09 21:01:31.521295
322364cc-e3d9-4847-85c0-6b67d18a848a,b32255ea-8be6-4b4e-a142-5acaa028a9f4,"102716,105810,106369,107154,107372,11521,34337,38316,43861,44218,460,46269,46829,5584,70344,71188,83341,96225,97080",1751765277,2025-07-09 20:55:31.375308
32284997-4a5d-402b-ae26-027ee684871d,cab019e5-e317-41d1-be6f-f50b6da9f0ab,"102408,105555,106732,107898,37808",1751857409,2025-07-09 06:03:20.402123
322abf77-1546-4579-8729-4de8c22e7129,f0f01c16-fb50-4429-b21f-39ac7aa4c98c,"51931,9672",1749911504,2025-07-09 21:16:31.455148
323b5a0c-4ba8-42bc-b3c7-30c9fed74c7f,4adaba94-c633-4ef8-84dc-70caf5c6a05d,"80014,94599",1751567234,2025-07-09 18:58:31.654225
3242cb92-50a8-4f93-beb8-edf29e3b8ebd,d1b4af5a-d672-4d2f-9aa0-dfca4983a8f1,96625,1751852608,2025-07-09 19:22:31.604565
325b3820-4ed9-4d81-801e-9538917cba13,e3649824-3c36-4868-bb6a-94dbb08130c5,"1910,86191",1752461973,2025-07-12 12:37:31.584738
326f2ee1-70d8-4503-8867-7e6f59929c2a,fb36d9d6-4f4b-4882-8e39-af864ca3bf29,"106862,11632,2035270,2035273,2037293,48574,53561,58586,94161",1751676049,2025-07-09 20:52:31.34132
32827798-4766-4dbc-952f-130c3ca30102,680b6a9d-2d63-410a-8f37-56fe1309aac7,"101322,101323,101325,106355,107074,107693,107752,107753,107866,2190214,2245763,2607,2818454,2832284,2839453,2839496,30551,42294,46269,58583,73293,93624,94227,94800,98700",1752163444,2025-07-09 18:49:31.587698
32a78acc-af93-4c04-97f9-72df89edae0d,1a907c19-0368-4473-9217-0f5d45a2f7e4,"106409,18283,24070,2851762,48574,99216",1752251489,2025-07-09 18:46:31.426409
32b81490-e273-42db-9c3d-164cc1e1825c,8f238e77-118d-4255-8056-1bafecd6035f,"18206,2141121,2141641,2839455,2839496,89509",1752450305,2025-07-12 12:37:31.584738
32c20520-b8d3-4052-a91c-235eae658e07,f3da3792-2b35-4eee-acb4-30ebe49d5939,"105723,106005,17906,2144967,2155604,50539,80749,95160",1752159329,2025-07-09 19:01:31.673767
32c8d5ae-76aa-4952-9eae-f8c1a442c0ae,8eac0f72-4c4f-49f3-9494-16f4756f1a82,"20538,24584,29746,33962,46447,47119,48574,62538,6470,94440,97055",1751698533,2025-07-09 06:06:20.285942
32cccc90-e8af-4cb0-9bfa-31d1f1754829,18451e4e-96e3-40a9-99ee-29e24f0f01e7,"37262,62782",1752088550,2025-07-09 19:22:31.604565
32d9bb9b-1495-43c5-a54f-3f59665ef898,c37af484-5d45-48fb-81fb-9f61d0800e05,"106732,107898,13091,19541,86895,86896,96225",1750989979,2025-07-11 00:16:31.65555
32dc239f-1083-4e81-b019-96bf468e5d54,71d347e4-3eae-4c8b-911a-f64d929f0de0,"101292,108015,11632,51931,58576,62662,86543,90567,94151,94776",1752033316,2025-07-09 18:52:31.536339
332441ac-cee0-45f0-845f-2a44d638e4a2,f24642bd-bf8e-4ec2-86b6-398b2cdfad10,"107359,16914,68987,71728,88121",1730244932,2025-07-09 19:58:31.343729
3327acf9-b37f-452b-98d9-b6b1906a6d7d,bc009c6a-7321-4e97-b66b-d512d40a9400,"100074,100359,28707,45435,48574,54659,65905,7521,80749,88533,94365",1751844335,2025-07-09 18:58:31.654225
3331ae0c-89b4-4831-9d2c-be37ad1ea843,620b6fa8-8e27-4286-ab8c-928bfe0ac8fd,"2172559,4870,58658",1752198611,2025-07-09 19:01:31.673767
333a6efb-aff2-4a4a-a7af-fd4b2499a3da,f8fe1b22-5fd5-4b3c-88c9-ed2c94ad3059,"102492,103178,104355,105326,11917,2030,45433,94240,95673,95697",1720843086,2025-07-09 19:58:31.343729
33470511-b3ad-4ec9-9d6e-6a03ef854418,d7aeb921-3222-4ae4-8537-33f41551b6bf,"10421,108804,48574,58586,97304,99224",1752296911,2025-07-10 18:52:31.513517
335e7aa9-8b92-4634-9b28-fd6022a88fb1,581da6c4-9efe-4992-990f-26f85c049f9f,"10303,105626,75100,90584,99216",1751600909,2025-07-09 20:37:31.608351
33621d5e-a76d-45dd-a124-3944112211a4,34d6bad3-70ff-4120-a58e-26e9ff98d67f,"107857,11632,11654,12011,17119,25004,26744,27615,295,43137,4588,53561,58583,76412,77953,94025,97021,97217",1744481487,2025-07-09 20:16:31.381882
3362322d-55a2-448e-9cd7-7606e9ff73de,119cab71-6e1a-4963-b890-df4f0bb3843d,"11275,4931,52394,99483",1751766247,2025-07-09 19:25:31.714795
336c020f-2ea5-4953-91ee-77e8eed33dd4,37dff853-39d2-47e6-939f-b2c1f3c2d80c,"106076,107514,107733,10956,12542,60565,91277",1735842404,2025-07-09 21:22:31.50472
33a8de96-1411-444d-b522-ba76c0c6f7b6,2851a2eb-bc9d-4060-a742-c1c0689b7c08,"101433,108497,1439,40336,60612,91788,94631,94648",1751586008,2025-07-09 21:13:31.422326
33d3286c-b032-4926-8738-a4666a886d48,5abf931a-733a-4fee-a4a4-5eb93622843c,101330,1727405300,2025-07-09 20:19:31.511716
33d8eee0-ef59-49ff-a8e4-42b57171f4cd,af8c963c-786c-4337-911d-05cd39b95bb7,"101233,10329,109473,2068,22175,25615,2844241,58583,62782,674,95442,98670",1750059476,2025-07-09 19:46:31.620522
33e6f6a9-d195-4e58-a26b-6c0493642910,4544a8e2-7d25-4705-8b83-d70b743ecff7,"10421,10817,12010,1662,42294,51931,56876,58586,94599,97224,99216",1751936448,2025-07-09 19:04:31.645408
3421d825-a3d5-42a7-ad28-1296dd290bb5,6b4aa616-89c3-4db7-a701-512b7da65c5e,"100380,100898,101080,105903,107279,107285,108735,11632,11792,2041578,2103154,38441,72397,94601",1751528059,2025-07-09 18:55:31.759641
34291cd5-8b6c-404e-9338-bc6e8a0b4fde,3bc85fa0-648e-4512-8fd5-c3bb787b84d2,2874934,1751575932,2025-07-09 20:58:31.613441
3432ae51-ee8a-4346-bf25-a4c17b77b7f7,5758752c-516c-4e5a-a872-1e6b49bb5f5c,"108324,18065,2089603,25503,32040,53565,56852,58563,77789,92262,93978,94525,94776,94800,98692",1751859117,2025-07-09 19:19:31.413237
343f2069-d50b-41b7-b4a6-3d1f1c1fdb71,1cee71b0-81d1-49a1-80c1-01e88642b76a,"101381,107760,50523,94631,96977,98781",1751994178,2025-07-09 19:07:31.585047
3447a896-f79d-4db6-b922-ce621303217a,88d8797c-be58-4873-973e-3729fcd23479,"2202441,71602",1739121267,2025-07-09 20:16:31.381882
344876a9-d257-4b0f-84f9-734df0985d1e,59ff56db-dcfc-4dac-b35b-2c0aa5ea4bf5,"107540,12579,1311,17914,36443,68297,93015,94074,99268",1739851462,2025-07-09 19:52:31.520152
3456f14e-1b22-403b-a1ee-6f71827e0242,21f80f11-82e3-4050-bb59-bf91496b2ee7,"18283,2230029,88990,94097,97224",1751850019,2025-07-09 19:25:31.714795
348f6959-0a5c-474a-810e-40094a7a60a3,dec50140-2528-4dc2-b9f4-9d6b751382c5,"105626,106067,107753,107860,108342,13012,15270,17995,92301,96083",1751770833,2025-07-09 18:52:31.536339
34becbe5-2184-4161-902f-3957e4b89ae0,7791f8fd-2ba0-4ec9-a71c-6cea95f92cb8,"107860,4023,94161,97711",1751061693,2025-07-09 19:46:31.620522
34c382eb-4525-4908-bd6a-abdc67b54b50,16840ddc-09c7-46fd-9610-7c0ffb6427ae,"100365,107155,14001,14002,2068227,2068228,2198281,23591,24250,24339,25206,2848452,2848453,37808,42294,4498,59332,68987,87218,91788,93985,95442,96397,96741",1752431753,2025-07-11 19:07:31.675911
34ef0ec1-3e10-4027-9639-10a5d73db052,ea306406-66dd-4e20-b867-3bfd625a4782,"105641,10638,17119,1910,85163",1751900856,2025-07-09 19:10:31.750627
350e79de-0e02-47a6-a9a1-580635b299f5,0e1c0aab-7a46-4cb8-9048-552914d49866,"101573,104438,105606,105725,106698,107007,107473,108149,108185,1737,1738,18255,2214448,2231116,2478,31298,34201,3569,3991,4749,53561,58586,64427,96942",1736967979,2025-07-09 21:01:31.521295
35123c15-0a82-4c80-832b-ece9ce7740e5,cd187d8f-52e1-4e88-b1aa-2ae615cc6b03,"2038254,2038277,2055050,2068204,2116227,2857457,93734",1751066172,2025-07-09 20:22:31.445516
3514471e-7d32-4491-ab52-255a25b20879,4fe41b5f-8a73-4584-900f-d6fd5e932c9d,"105109,107779,109428,14002,41097,48574,94097,94443,96100,97304",1750462080,2025-07-11 00:19:31.492721
352c0856-479d-4c6b-bcd7-a5dd0e576139,3ea492b3-82d3-4558-9d0a-7c0ea562880f,"101095,101811,107346,108401,1662,2163607,2813504,54066,96660,96699",1751371771,2025-07-09 19:04:31.645408
353e2f6c-290a-4014-afc2-9e441b3cf2ee,b16abcfa-def3-4fe4-99dc-e8b5202ac38b,"107838,1704,26485,2802,30335",1737012363,2025-07-09 20:28:31.628044
357b7b18-c68a-4509-968a-5a6900a5b24f,d1548617-0308-4f1d-8cf2-d780ac059a23,"103938,105265,10638,107082,107095,107993,1910,59005,84087,88534,92120,96083,96397,97304",1751853760,2025-07-09 19:40:31.494332
3589399c-b328-403f-a143-a787885e96c5,3ad4ccb8-46b1-4fd0-b12c-47f7c07519c0,"31295,61512",1752426019,2025-07-11 19:07:31.675911
35a0d669-26f2-46f1-8af3-493896028e46,bfb114e5-d583-4b3f-b770-beddf8394c84,"101722,101731,11275,25004,81402,94800,96676,98636",1741051688,2025-07-09 20:16:31.381882
35afb64d-797b-41d8-922f-aa7d8ac65dd2,baaaa94b-7a58-4b93-872f-ed3f69a3523e,"16632,42294,80014,93872,99216",1749950971,2025-07-09 21:46:31.314864
35ed378e-e97a-4b00-b95a-e270859f2424,91ab8d18-ca2f-4d94-96a3-45b34e4f3332,"2162130,44545,44554",1751780049,2025-07-09 19:28:31.448042
35f10ff5-fac2-4173-8c45-224544e249b4,cffc15ec-8603-455c-9f77-576b6ab14480,"100120,11275,17267,57099,5764,98700",1752412750,2025-07-11 19:07:31.675911
35f53828-0417-40f9-9a5e-73ac47dc471f,4331d5ed-2ba7-423a-be80-9d085a2dba68,"107074,107829,24491,82753,92301,94800,96083",1751860884,2025-07-09 19:07:31.585047
35f54f5a-94b8-49cc-8f1a-c0a97296f6c8,1d8ee21b-ca94-422c-b36d-36f08100e7b2,"103954,104634,104785,16041,2246343,2248714,3227,61602",1752290469,2025-07-10 18:55:31.478294
35fca407-3ddf-45bd-961c-4ed91f8ffa61,35edfd00-e844-4310-991b-449826b249be,"102492,103998,62570,92604,93738,9672",1751157873,2025-07-10 19:01:31.560317
3605d8f2-5404-42af-8424-f86085045b35,7536d9dc-d625-4078-a3c2-2640149609ba,"106469,12570,34460,60612,96397,97175",1750380587,2025-07-09 20:25:31.345235
3619ce5e-c9e7-4efb-9bde-ad952a305ee3,391b2b38-34b3-4002-80c8-3b37d6838854,"106551,96397,96707",1751668241,2025-07-09 20:40:31.784592
362b4b45-ce66-4c14-a335-bf6bc6575394,b94e23fc-d06b-44ed-a2a0-d4f57c95a276,"101258,101957,107758,107763,107860,14808,29520,40301,71921,85516,95442,98192",1746243384,2025-07-09 19:46:31.620522
3634502b-ca22-41c4-b15d-04835a595224,7bb21db5-5a29-45ce-b3b2-3881869457d8,"108085,21058,2199705,24021,33879,58586,65742,67201,82490,90976,95857,98809,99935",1752475463,2025-07-12 12:37:31.584738
3648ad0e-b9d2-46b9-85db-7a549cc7946c,0b7afc46-8cae-49d0-9711-746f66564877,"1662,24070,25503,42294,48574,58576,58583,58586,71728,77071,96699",1752274979,2025-07-09 23:28:31.266574
36620331-cb72-489f-9336-a03be24edd3d,950d9ba0-c005-40f3-9dae-07aaf3be4235,"1941737,1946627,1946628,1949147,1965946,1981112,2014804,2039016,2080752,2083337,2083338,2083339,2083343,2122408,2130575,2167336,2176857,2177581,2177591,2181375,2192139",1730286945,2025-07-09 20:43:31.463099
367a88d8-4e96-48ba-b92c-0f8d09d315ab,d53386dc-d4a2-4da5-a41d-fadd9f095f5a,"2156461,23425,26891,30439",1751853957,2025-07-09 19:25:31.714795
3687196e-3be7-45d3-907c-0f8e2a1683ea,6bf0a632-022d-45b2-a4d2-0a093cbb4ff0,"107860,107999,108820,26728",1750648089,2025-07-09 21:28:31.336454
368d69b9-554e-4850-83d9-770f7fce795b,0b05b992-7b66-4c4c-81bf-34f3e5c2c192,"101325,97224",1751770622,2025-07-09 18:52:31.536339
368ea24f-ed6e-49e1-b22e-66fadd5c04c5,aaa7b21c-569d-4e4e-b546-f58956037491,109698,1752377823,2025-07-11 05:37:31.442568
36982cb3-2ad4-4b50-a6a5-83eaebb33e33,870aa5d7-5312-4adf-b0c1-bdf430059278,"10022,102051,105583,106055,107340,15519,2027415,31838,42928,65902,73719",1739589558,2025-07-09 20:19:31.511716
36a42d02-df7f-49b0-8842-0215878e9d2f,4e59e224-f79d-4cd3-b1d3-13d6596ac151,"100764,100854,107776,1662,2802,46172,83696,88636,96083,96555",1751435808,2025-07-09 19:01:31.673767
36a5139d-df06-46ab-9f08-87c9e51e7696,b6ed2950-6fb7-447f-af5c-ab2083f68048,104673,1743657762,2025-07-09 21:19:31.485127
36c9cc3a-025b-4e40-819b-34bc4ce8becf,154c88a4-ecad-4ec1-9e89-05c7a9d296c0,"102001,13933,14002,159,1739,38328,43144,43861,46269,53561,58583,90453,91361,97006",1750471761,2025-07-11 00:16:31.65555
36cc58b1-ffad-4522-a43e-7e5dc10f23bf,ac167877-04e4-4b80-acc5-e15c6c7ce199,"19237,26526,35548,40444,50539,64699,66320,71188,76859,85175,95886",1752116601,2025-07-09 19:04:31.645408
36e7add3-b946-46d4-a443-7dd32759ed4d,64aee6b7-cfb4-4471-bef3-0b9741d0a1d8,"101095,104876,105326,24702,3379,46269,64249,77071,77885,81402,94631,96729",1751840771,2025-07-09 20:37:31.608351
36e93fe0-f487-407c-b699-80f0b22f3a7f,d25371d6-c793-45ce-88bf-6f1ca12515ff,"10438,106583,25652,2855143,35532,52746,52753,5353,59409,67997,70583,77379,77956,81224,88487,89465,90567,90584,91191",1752375084,2025-07-12 12:40:31.55665
36f12b3e-66a1-4936-9b23-49d6a4b462d6,5a05dd19-e4ec-4618-9e80-456bfd4aca48,"104176,104380,107745,11501,11517,50523,62662,83378,87024,87543,94800,9728",1750688954,2025-07-11 00:16:31.65555
3715cafa-f94c-4e7c-ae3d-d85c89da6219,790e0be7-5d1a-4f54-9cbe-8f91ea2aaaa2,"107518,11275,11632,24092,85175",1751750978,2025-07-09 19:22:31.604565
3718fd1f-85aa-4404-b1bb-6d78530563db,25a33740-49d4-4853-987f-c50d89b0cd3c,1662,1752295020,2025-07-10 06:01:31.512189
372929b3-d983-4000-ad46-1cc6650ffed9,d3d1dcfb-8b12-44e4-b737-24ba2c697d6f,"26728,30195,38441,57130",1750720410,2025-07-09 20:43:31.463099
373d29f7-6a61-4999-8107-faccb39c5301,6e9c98c1-4423-42e7-a556-d099d2a37ca5,"1662,37808,5883,7521,94378,96625",1752030209,2025-07-09 06:03:20.402123
3741a35b-6668-4f72-8519-40d33a964ea5,bd3f1b48-7772-4bdd-be61-8c19b4838a9d,"105015,105455,105583,106246,106564,107650,29015,3229,58576,58583,69988,7318,80749,93857,94800,95118,96627,99216",1736309777,2025-07-09 21:37:31.433645
3741abc3-a71f-422b-9498-d37ec025ebd3,45d65a56-9a14-4e32-9aa7-9fe3de25a20f,"101833,101968,108465,24070,62483,62662,80672,89482,901,93978,94800,95857,99216",1752125046,2025-07-09 18:49:31.587698
3757b1e5-670a-47b9-8e5a-5bf5a07fd9c3,6b628a53-c4ee-4a6a-b361-ccbc8a077666,"105081,105119,106583,13237,24070,48574,71995,7521,83666,91262",1751593529,2025-07-10 19:01:31.560317
376d0dd6-064b-47a9-b4a5-325ab8ca8ea9,f19f8f7b-bfec-4b65-a12e-53252514290f,"101477,102415,2252636",1750655039,2025-07-11 00:16:31.65555
3775902f-b998-4760-ad64-8e181b805243,705d8ebd-3a96-44d0-b029-cfcdaf41b4f1,"105326,106245,2607,29431,85189,93978,94817",1752433312,2025-07-12 12:40:31.55665
37824eef-c969-45a2-a0df-6499ba74aa85,58bc6820-37ab-40e5-924b-813d199c3376,"103949,105926,1129,43336,96704",1752426389,2025-07-11 19:07:31.675911
378c5030-6607-4786-9487-3e5eb8df271c,425b4ab4-2173-4817-bc16-99034d477fec,"103444,106274,107885,109684,2148658,2214693,2846030,65228",1752249850,2025-07-09 18:49:31.587698
378e7ffc-fcb6-49ae-845d-ef1faf954dbd,758be10b-0aea-403c-8bef-e4bb349e53f5,"106245,10791,107999,25652,96660",1751483412,2025-07-09 19:10:31.750627
37aff60e-e231-4e83-aa8a-fb0677d2f849,84c0494f-9742-4002-9581-aa2d5083f91d,"10022,108115,108340,15941,22670,50679,58576,58583,6463,80024,83266,94227,94601,96603,99403",1752131162,2025-07-09 06:03:20.402123
37be2a91-4842-4de3-80b8-bd5e9f81585c,eb06fc0d-3db7-4a70-b804-9dd35df4f047,"104176,106413,106689,107344,1662,2210830,2253602,23425,42294,45782,46269,49705,51318,55493,7521,824,85163,94599,96083,99216",1751510975,2025-07-09 17:45:20.222232
37c65d6b-8bb9-4c8e-a396-5e2e49d4de24,a49cbd18-0c2d-41cd-ab01-1604fe4cc4da,"2203360,2210794,2220990,2221002,2221011,2223103,2223809,2226731,2228976",1735963788,2025-07-09 21:25:31.482511
37d6cb5e-ebf0-4b4f-bd54-eef3c348ba8d,e4830d1e-dbcf-4d69-8016-62db1252111c,"105835,105848,106980,107264,107459,109223,109746,26485,2828276,2828277,29431,30439,39201,51215,6463,82309,98700,98712,99403",1752218532,2025-07-09 21:07:31.368637
37de6d96-903e-4317-9b39-abf1ee31438b,21e362e6-c669-4683-a024-839e33e7aba4,"106746,108184,109462,24070,43336,46269,65828,85163,89996,97653",1751584750,2025-07-09 18:58:31.654225
37f81ab0-54ae-4176-b4dd-22939015355b,3562ec54-1f0c-471e-9477-02cd6b0b09c9,"10093,105080,106601,108295,108337,108773,23591,25503,2607,31532,42294,48517,48574,58583,5869,61600,71406,7398,81813,90969,92262,95272,95756,96660,9729,98557",1744304218,2025-07-09 19:46:31.620522
37f9fa47-87e5-498c-a20e-c8f02de751cf,76353999-6c85-44db-99b3-8850c9ec79c0,27605,1746759974,2025-07-09 20:34:31.516539
38155754-3922-4242-8383-06099cf5d461,68d398d0-4bf1-4f4f-ace4-dcd3d798c9ef,"25615,37262,59332,62544,83129,97304",1751994296,2025-07-09 18:46:31.426409
38339bc7-9885-4a89-b372-8da2ee6c54f0,64219a00-8188-463d-b946-21eb001de270,"102411,104809,108663",1752294662,2025-07-10 18:52:31.513517
3836ecad-7014-44f7-a687-866fb24176fe,de3fab9d-6a50-4dba-a6f8-d7ad4d5df195,"102084,1662",1752285430,2025-07-10 18:58:31.529937
384bbcc3-8b46-4077-8e82-08d4b07a7378,344fe46e-267b-4168-82a6-b6dda04f0508,"87931,94062",1752401403,2025-07-11 19:07:31.675911
38514ee1-abd1-4a4d-8851-8df0e5d6e25b,6557de24-a798-477c-a56c-b6668a4a1bf3,"107860,108766,24120,26728,6071",1751048289,2025-07-09 19:01:31.673767
38658008-7623-495a-8897-739e1ec51ca5,2204f813-ced7-4da0-a57c-09490aa6adea,"102200,104485,108287,15226,64427,68297,89482,94800,97304",1750940633,2025-07-09 19:46:31.620522
3867cd69-fdd2-4fe9-a2a0-c5bc61d887b1,84c129f6-7e66-41ab-88b5-33bc3ee26a11,30195,1735500593,2025-07-09 21:22:31.50472
3869fa12-07df-4011-bce8-e3346d502efb,94fc7d60-d399-491a-9973-c0c83568e4f2,"107712,108333,39195,56846,76412,95670",1751328446,2025-07-09 21:40:31.522517
387c71dc-230c-4024-8464-f67a4131ef54,848b0485-965a-4918-8247-8052e4591bd4,"104481,105081,106583,13137,88209",1751499143,2025-07-10 19:01:31.560317
3880405d-83ad-44c7-b8b0-ed200c661bdc,2334d0c7-f6ba-4275-a9fa-485b569d1cc6,"100816,104688,105089,106076,1063,10638,13082,16184,18981,23687,23814,24259,24702,3331,35928,37808,56285,79524,95799,96660,99344",1752202198,2025-07-10 18:52:31.513517
3883f130-8a07-47cd-8354-744e30192f07,5f4206ca-0c0e-41f1-bcf5-c6aa5f5bb48b,"101322,101325,1662,2197147,24092,2607,43137,460,46130,58583,61602,79521,83685,8451,89482,90413,94649,94800,99248",1751656955,2025-07-09 19:10:31.750627
38983b8c-fa8c-4954-9196-e2cf9575e871,0bfb08f5-a2bf-4444-b116-f5b05b41e129,"100775,106486,108338,108755,109329,49005",1747404286,2025-07-09 19:43:31.642855
38a3dbaa-d363-4867-9b68-219394bd096c,367bf470-cea8-4065-aa33-afff4eabdfb0,"104774,105103,37612,96083",1750261222,2025-07-09 20:16:31.381882
38a8c544-390c-4524-80e6-099840f2b760,a95537c8-077d-47d3-b150-5bdf2c09f737,"100154,102547,29766,76047",1735586566,2025-07-09 21:22:31.50472
38c9a14f-4aab-4e2f-8e60-5641ad67d40d,2c9c28cd-3f42-4113-a541-ca1e56e3d2ae,"26477,83700,85110,97304",1752288822,2025-07-10 18:58:31.529937
38d30674-04cb-4656-86e6-e863f47de4fe,dee03ad6-7014-4b7c-b301-bbf4a282baf7,"103375,106865,107614,2245191,50409,86823,98555",1747323641,2025-07-09 20:19:31.511716
3910affa-e77c-4675-a887-c3fb95a7ba1e,3c796895-16ac-40d2-8d0b-9e700c99c57a,"105918,106728,1910,2792,34636,46269,63395",1751170605,2025-07-09 21:04:31.429108
391ff026-44bd-4308-926f-3bc1ce525540,ab752950-ce9d-4ecd-a9d4-8abeae8a614e,"101095,101330,22407,51263,88762",1742404200,2025-07-09 20:16:31.381882
392b89de-f758-45e3-bf36-79a067459441,adf46880-d4fc-4e04-84ae-7784db102856,"100328,104305,63412,64699",1751900596,2025-07-09 19:37:31.407534
394bf967-b8f5-49e2-9130-b182802614e9,0658866a-0694-4690-a625-3ca695c7321c,"104054,2242739,2812505",1749697860,2025-07-09 19:49:31.570096
396fc44d-29da-422c-ba4a-8939a4bfba1b,df99a763-96fa-45bc-b242-55b9d8f84a94,"104438,105018,106355,2236541,30551,37612,38441,73907,7521,82309,87931",1751850508,2025-07-09 06:03:20.402123
399894d9-9263-446f-8125-0ece2c184b5a,02ede8d9-2a99-482d-a1fd-549ddaab447e,"101064,104673,77953,84781,84783,94378",1721952378,2025-07-09 19:52:31.520152
3999d6bd-aaaf-486d-aba9-895fcc9a1a31,07e23f5a-48a3-4400-b41c-ae1d6787a9e3,"106252,108295,109115,13933,71921,88161,92305",1751772807,2025-07-09 19:28:31.448042
399be362-a61f-424b-b1d9-e1935c13fcf2,3cc152c5-434e-491c-910d-2be969ae4fe2,"107740,19221,2792,40972,5403,61602,66991,80749,83685,96397",1749859966,2025-07-09 19:43:31.642855
39e8ecf5-ec49-4204-bd91-7a3bf50bd145,85f036bf-5214-46a2-8dd6-276433b77d2c,"105265,2245754,2839496,56876",1752165843,2025-07-09 18:52:31.536339
39f31966-3c5f-4633-886a-317e6a963343,1dc9e764-b937-4ba9-96e8-87717c198ebb,"106076,13237,15791,24702,26485,52394,64427,79524,85189",1752183780,2025-07-10 18:52:31.513517
39fd23e2-e8a5-418b-b89d-b2b06e353012,7185b700-6413-4ba8-8077-32ff8365663e,"17995,2052,37808,46269,84168",1752375382,2025-07-11 05:37:31.442568
3a00fdfc-bf9d-4e4b-9a8e-4036307f916e,fddf7e59-381e-491a-8e76-d120c7b58a3d,"104630,106009,106551,24702,25611,33580,35730,37808,40444,52826,61602,77149,79524,82309,87919,9724,99263",1752275648,2025-07-10 19:01:31.560317
3a2a69b7-1a8e-4366-a85f-d7408fa31b47,569f3c2d-3138-4b84-ab4b-65601d1f1f41,"100641,101810,101811",1743465646,2025-07-09 20:28:31.628044
3a30cc23-0d4e-4ee9-b288-fb099b49ceb9,980a4315-9529-4057-aea8-67a9d6ed8105,"102475,102476,106041,106055,108513,13935,159,163,2045340,2162,25006,39801,40213,41020,48517,5461,57271,66012,68987,81649,92169,94833,98754,98906",1748741039,2025-07-09 20:16:31.381882
3a3fbb80-3188-4f51-a1fd-84db314b9ffb,0357ebd1-a092-4d42-bd5e-528070785f43,"10421,109009",1752365270,2025-07-11 05:37:31.442568
3a60de1e-6a14-4a02-ad4e-c4a8b2aacf14,831ec738-a801-42ce-8043-42bc95cf4de8,"110253,30312,3227,3229,36639,42294,4756,58583,599,6837,7880,93743",1751698900,2025-07-09 19:04:31.645408
3a662aa3-54f2-42c0-bdaf-897d2fe89814,43133729-8f0d-4d80-9a71-7a4f9ded5aa6,"103378,105267,11504,38441,53561,62662,83129,8639,91701,92283,98610",1749415335,2025-07-09 19:43:31.642855
3a6f0575-effe-4831-8988-19e99ea114b0,1cf89af6-3ddc-4fed-b099-7cfdab20d179,"104542,106246,24536,2851741,44897,58583",1750508199,2025-07-09 19:43:31.642855
3a885b22-9bbd-43d5-85e5-52599f6ead6b,28082072-6483-4f3c-982b-bfd8d9c2af4d,"104176,104438,14390,2208064,2836524,50921,52753,83341,96547,97210",1751396511,2025-07-09 21:01:31.521295
3aab8806-08d4-47f9-8e36-28e1025f1838,faf9c27a-54d8-467b-bc06-e68481e576f8,"101443,92638",1751646113,2025-07-09 20:58:31.613441
3abdc6f0-971d-4daa-bfe4-f4be54f358fa,b878a5b7-8815-447d-b371-73498dc2078a,11275,1752119521,2025-07-09 19:07:31.585047
3acf8792-1568-45f1-b478-31a15c7e8890,986dcce1-2de4-43a5-bcf3-b124e1d60e1c,"105641,108107,16191,95933,97224",1751777707,2025-07-09 19:37:31.407534
3ad8b1a5-b474-4697-bad8-c4c451549110,a308e9f5-4f25-4f81-854b-8d859d417c2b,"102494,106240,106413,107155,107999,108074,108333,10956,11275,12597,13091,1662,2246327,25286,3576,37808,38441,41097,41142,58583,58658,6101,65747,76412,82489,90599,94060,94770,95160,96701,98555,99263",1750987303,2025-07-09 19:04:31.645408
3ad9928d-138d-4e35-aa6b-042491b3ab8d,1856ca86-2796-4bf8-ad2d-ca5f8c3adfa5,"105761,94525,98675",1736085422,2025-07-09 21:37:31.433645
3adc61bf-ca45-45fd-aba9-2609acc46afc,042f5927-6c84-489e-a44a-f4c6214efdbc,"104235,105982,18065,3598,37447,55181,71921,96837",1711726143,2025-07-09 21:13:31.422326
3ae35298-771b-4ac7-b5f5-6ffb409e8ada,ce20cc00-9611-40a4-93cc-93f31117605a,1662,1750565700,2025-07-09 20:28:31.628044
3ae8cc41-8d9b-477e-9018-edc4a2579631,d6883cc6-d740-488f-9955-0b3d1efcb78e,"103744,104673",1751244734,2025-07-09 21:01:31.521295
3b06d767-4799-4625-8d9c-2c5aca7514fc,83432762-83d8-4e78-b7e2-3b96c69152d8,"100554,108916,110223,1910,2607,32872,50523,85292,99371",1751600759,2025-07-09 20:58:31.613441
3b0b390d-d36a-4dc7-a40f-a9d2f8aeafa3,c9bfd10e-7d76-4eae-b01d-13cbbf770cdc,"100744,101642,104774,105017,105763,105923,106047,106076,1380,18065,19096,25252,31444,47057,58586,67393,71936,79544,83266,94800",1751693191,2025-07-09 19:25:31.714795
3b0d543c-1c2d-4ee4-9da3-9dc7f77205e8,88a8d3c9-d118-46df-9930-caf4b134ae51,"106246,106413,107751,108333,25286,7509,87408,95573,96083,9672,97711",1750599305,2025-07-09 19:01:31.673767
3b41f764-b2b2-4701-ad73-63954daaf27f,05083ad7-a5bb-4a00-a619-f83de92843c6,"102491,105723,2607,90584,91498,95673",1751514797,2025-07-09 20:40:31.784592
3b474cc7-c366-41c9-92c3-cae4add6d8d8,7c47ea44-3cd7-4467-988b-cfe3886c1ca0,"14522,48574,77959,84248,94601,96397",1751076431,2025-07-09 21:19:31.485127
3b5fb3aa-44b2-4b27-bcb4-b84eed5a5b31,4a38e42a-0ecd-4d1e-9645-fb1b2d6f953a,"109837,19180,25656,53561,6463,97304",1750805444,2025-07-11 00:16:31.65555
3b6a06bf-fed4-456e-85f8-8e7a23e37804,c9875226-fada-4751-a049-029fe3c1dc15,"105450,15516,24070,27605,44619,55493,77946,84781,84783,99216",1750178274,2025-07-11 00:19:31.492721
3b6f178e-7232-4cec-8dff-104b6c0ca494,013ead19-e48b-4530-b35d-1990c3b623c4,"12134,1662,2052,24250,3229,85163,97830",1751760486,2025-07-09 06:03:20.402123
3b7c6773-abac-4ffc-80cb-3f5e79611484,faa2d09a-3241-4acf-846f-514daa963c90,"109022,2143189",1751398880,2025-07-10 19:01:31.560317
3b874ba8-676e-44b9-aead-3de29a80efff,62bae016-6677-48d0-9afb-ab083eafe2f5,"104176,104480,104695,16124,17276,53561,58576,58582,81649,92685,93733",1724976693,2025-07-09 20:34:31.516539
3b883da3-5284-4d68-a1ba-5217a8fc34ff,590e5789-4a86-48a8-b46f-43c1d6b3951a,"105725,16816,2065,2067944,4749,98906",1748649213,2025-07-09 19:49:31.570096
3b9496eb-2403-41bb-a01c-8e7ea47d7c50,7d5179b2-2157-4255-bdb8-b86c80702a8a,"104176,107752,64908,9819",1752026912,2025-07-09 18:58:31.654225
3b969000-b569-48b8-a763-f78c8320a092,b97fbfa0-40f8-44bc-bfb6-5b1260d8a5dd,98480,1751419454,2025-07-09 17:45:20.222232
3b98ee17-bbce-4871-95a5-0be08c00e760,e31e03e4-37c4-4ebb-b8b4-0c4c6b6e673b,"102958,103429,106051,106564,107074,107343,109007,21293,23793,28986,46130,52394,5884,80024,95697,98700",1752339098,2025-07-10 18:52:31.513517
3b9be89a-bb28-4f8c-b701-1069cb26102d,1ed16dfe-a807-4ae7-b882-b15db8041aa6,"100015,107793,108580,159,16772,34505,47922,95685",1751545739,2025-07-09 19:52:31.520152
3bb05214-841e-43fb-9685-53f9dcd4f7b7,b13feab6-e53f-4461-9d3c-7909cc31961e,"107789,108880,108881,108922,109285,109433,109434,1439,1910,32680,42294,50611,83696,86191,89272,91338,95097,97304",1750554844,2025-07-11 00:16:31.65555
3bd17d7a-d95a-4363-857d-a1ec0eaa68d6,e010434b-bf62-42d4-a82a-c3a7e8284d13,"101322,101324,101325,2048243,2176646,2193430,38441,46269,58658,69106,88728,99216",1736977567,2025-07-09 20:01:31.36324
3bf45f49-b426-494d-9bcf-9748c2e64575,11746fe2-d4f9-4cf7-8c36-3ab7f5c69fe9,"102095,105018,108255,11275,24259,36793,37100,37808,56285,58583,61602,65905,68987,7098,93871,97066,97224",1752128897,2025-07-09 20:49:31.280575
3c146fd1-396c-44ec-b92b-b1f4667d162a,c41ba2a3-8c6d-4f5e-ac02-a883d5d21c74,"100154,108295,16759,2048239,48574,65742,7521,76859,80024,94601,97304,98700",1752023333,2025-07-09 19:07:31.585047
3c161224-f304-4383-81ac-c5c046071fb3,c91044be-557a-4acc-9000-53535ef32b91,"105856,108555,109194,163,18977,24250,27730,36485,42294,48400,57130,66012,66320,74858,85180,94102,9672,98681,98776,98783",1750481290,2025-07-09 21:37:31.433645
3c5eaafa-d065-4313-97f3-284bf1816208,f5207a69-c2e6-4aeb-8a14-630de5d3b417,"104617,1254,37132,6743",1751679189,2025-07-09 18:52:31.536339
3c6f891d-dc81-4920-bcd8-7d54d2984967,41051bb6-937a-4d80-ad62-704f4b6a26ce,"101730,103990,105626,107760,108513,1662,17995,18265,24584,2551,25652,26891,3229,344,37262,41088,50679,58586,61602,61624,65914,71936,80749,85163,87024,94443,96446,96625,96699,98555",1751594928,2025-07-09 18:58:31.654225
3c79213c-2680-40be-8994-22917cd36386,7fcde442-b52d-4186-ad29-454279285a5f,"106652,107266,16632,22793,82308,82309,87408,94817,97175",1749389712,2025-07-09 19:46:31.620522
3c9564e7-7ef0-45d0-b191-055ab585e1a0,047de4ad-4d6c-45a8-84b4-fb391b1108b2,"104962,107871,108440,108880,109010,109164,2219367,30308,48574,53636,92118",1751203816,2025-07-09 19:43:31.642855
3c9697a6-a089-4d13-a52c-8d82c12bc654,7a95e263-7968-4f8a-8447-d03aaa1c44d0,"12010,53561,73907,76859,79524,83129,83390,94800,9672,99216",1751003402,2025-07-09 19:04:31.645408
3ca44b9d-8644-4aa5-8df4-9d4247d1b19b,3b8ae8c8-0832-4fd0-8e11-0f0dbccfd23d,"107064,109286,25656,2851736,2851763,2864133,2866517,31838,35348,3946,4460,46269,53561,56295,64427,7521,94800,99262",1752404759,2025-07-11 19:07:31.675911
3ca7a1f3-ff20-411d-a3f4-9d1cf2e83a0e,6a42630d-63e2-4492-8334-f588c3179736,"10290,15941,18989,56084",1752256609,2025-07-09 18:46:31.426409
3cacc942-0c7a-4037-8e47-5566b59f8d2f,6e842c5b-c5eb-4aae-96b8-419865e510be,"2260938,2261384,2261913,2266151,2838394",1751686302,2025-07-09 20:37:31.608351
3caec5cf-2905-41e6-b6b8-a5125d8d430b,bb65d1c9-ef82-4b01-a07c-a678c906f868,"108719,13082,46829,94631",1752030292,2025-07-09 18:58:31.654225
3cc10f52-4c4c-45fd-8910-4401a8b563e4,37b8ee27-1b89-48ec-ae1b-10f3747f45f1,"2131941,460",1718567341,2025-07-09 21:49:31.460853
3cc43225-f749-41dc-b6e3-2bb65bfb02f0,93eaa288-3f48-4a92-b62b-53d26b2c815c,"101323,101540,10766,27605,47057,5220,54107,58131,6602,68987,6980,70399,91068,96660,96977,99161",1715971290,2025-07-09 20:19:31.511716
3cd85600-15c1-4ce6-b060-c8a2ff03b34b,656606e8-7cc0-47c2-8ed6-0fbebde7a19e,"12138,30308",1751661814,2025-07-09 20:58:31.613441
3cee9db4-8368-4ee5-b296-c7dde7971d8c,59ae8f85-0034-408a-b072-947c33a12955,"106730,2218173,51931,74731,87651,99525",1750902777,2025-07-11 00:16:31.65555
3cfe2c2d-b55a-4738-9730-beef3003028b,87961c77-d457-41af-9f65-c39952802fe8,"104799,39201,53636,95933",1751992942,2025-07-09 18:58:31.654225
3d2396b7-793b-44ac-992e-a8a8c028318e,3ed50a6c-a8ac-449a-a462-a60e61c975ed,"11633,96699",1752369274,2025-07-11 05:37:31.442568
3d244334-a470-4ee1-a2b3-cb8eb342bc68,5b957bce-22da-47e6-9ecd-f2f69af8ce50,"104176,105978,64427,824,85163,96707",1751678344,2025-07-09 19:07:31.585047
3d3f39c9-4906-4078-8150-3c9a8b52e158,3f93d4f5-d111-423d-9700-60c4757a404c,"105017,107318,107858,25652,7521,91232,91611,94776",1751431241,2025-07-09 18:55:31.759641
3d418bb4-2a24-4f3f-a73a-558e2dd85ee0,76c1ab39-8473-414c-a454-a19720bcbf1d,"101722,104790,10956,18516,19219,2167218,22411,35533,74858,91168,94891",1731027636,2025-07-09 19:58:31.343729
3d486373-2593-4ed3-b6a0-886f7cd20f65,9aaedf50-2bf9-4cd3-8ba3-6c13cdd3b8a1,107197,1751590093,2025-07-09 20:37:31.608351
3d49fcff-64e3-4a29-b48b-22769ea6bcb3,a963a152-0980-449d-9731-f5147cf5ed6f,"41089,46269,61512,62662,7521,9192,97304",1752425600,2025-07-11 19:04:31.380296
3d5704cc-cce1-402a-8a5d-585410db8408,9901933a-9ed5-41a0-8576-7d5e0797a2fd,"40444,81224",1745200824,2025-07-09 19:49:31.570096
3d58f47f-166e-470d-8fcc-8078d81dd7e8,b1df46c9-2802-4d59-b55a-5eedc6b2c302,"103215,105081,108487,22411,24621,2837066,2838365,38441,41089,43320,50523,5353,62662,64427,67997,80150,85180,97304",1752255472,2025-07-09 20:34:31.516539
3d59e483-0693-4ce8-981b-b649cff86af8,7722ceef-a45a-4312-a3c8-4b73465be8c3,"102923,103942,2132667,3379,40504,41089,48574,5674,58586,61602,67200,86035,86828,90866,93589,93978,94025,94817,9672",1752174171,2025-07-09 21:07:31.368637
3d601ad0-4ec8-4574-9882-a5dab22bfece,3842e42c-c75b-4db7-8455-0c96b333907d,"105017,11275,16772,2802,48518,48574,68987,79524",1752016932,2025-07-09 19:01:31.673767
3d6bf56f-5da4-492c-b317-3611c16758a2,004a8325-be4c-4c62-9e5b-f56efb02e3e6,"10329,105846,1063,11275,11520,25652,42294,459,75100,7579,92169,94443,96083,96701,97055,97092",1751922626,2025-07-09 19:22:31.604565
3d730c11-b91f-4a0c-ab68-e90733778e2c,e9ea0553-71eb-409a-b208-2baea4917d21,"104454,17906,71921",1751513146,2025-07-09 18:58:31.654225
3d826ef0-3ddc-443f-bd9e-cc58584c8ba3,b92a387d-09b1-41bc-964b-c3e636dee883,"105089,107100,107183,107425,11369,1380,14001,28995,5615,58576,58583,61602,69106,76470,93015,94601,96397",1752201997,2025-07-10 18:58:31.529937
3d8bf3fa-e09f-455b-8a36-a0f80863be56,52a6c1e2-a2bc-4038-ac86-965496db682d,"12010,13237,20795,24070,27483,38441,40213,46269,50539,58583,58658,77946,92312,94631,9672,99263",1750282720,2025-07-09 19:43:31.642855
3d9cfa55-4e07-46db-a354-345e1fb66f32,587a7c79-0ea4-4432-b577-80e7086742b7,"102084,107751,1287,163,6463,68987,79467,85464,93672,94227,94450,98700",1751767060,2025-07-09 19:25:31.714795
3d9d4e0c-1c28-4b57-b950-af8e467a0a81,eed77d93-aabd-42fa-8286-3827283cabf9,"107475,109283,109503,109650,11792,46750,97412",1751586619,2025-07-09 21:01:31.521295
3da54fac-917e-470c-9a0f-956abdf3c12b,18b9bc53-3cdb-40bc-ac90-e44c043bd31b,"16153,17995,23425,25206,27006,27483,29843,30459,36443,38441,40503,43144,44901,46130,46269,55493,59052,62662,65228,73907,81813,86035,86323,87080,92638,97978,99216,99231",1751650608,2025-07-09 20:58:31.613441
3da620e9-4959-4846-a51a-17475eff548f,6ea848a6-3e3e-446b-9f95-6a05cd3f8232,"107740,108337,109224,2161145,21921,2245044,35731,44553,47551,51239,51276,90869,935",1748314758,2025-07-09 19:46:31.620522
3df51b81-3660-4c00-814f-2f014ce2ab36,874dfab3-504b-4dc7-a40a-e726707c95ad,"106968,2219027",1748747265,2025-07-09 21:40:31.522517
3e3efa37-63aa-431a-8fb8-d4b9b33f984c,bf7a4fd3-7b57-4708-b6df-03d336dd691b,"102547,107739,18065,96603",1752423274,2025-07-11 19:10:31.371089
3e436af2-b315-4bf1-b576-b37484702194,1ac8db1f-a055-49d3-8f8f-2320ae21ab3c,"102179,105149,24092,37100,62662,85175,92219,94601,94800,97304",1752432923,2025-07-11 19:04:31.380296
3e43da57-ced4-4d7c-be9a-3280026c8509,6ec2df84-71c9-44f5-81a7-429cb6473722,"102719,106273,107747,2030982,2144703,6138",1751416898,2025-07-09 20:40:31.784592
3e4ed76c-9afa-4058-8c33-3f2597e6814f,b17abcf2-3084-4a95-bc2b-01a116213a75,"106355,106474,108770,2254649,90966",1751941332,2025-07-09 18:55:31.759641
3e7079c6-df44-4525-bb8b-4c380ca2d0bf,8553c463-1422-48d9-b176-a8f0e80b6723,"104057,10421,104442,104481,106351,10766,27605,32861,41587,5353,55524,58658,65742,65747,70579,79524,80749,90329,90413,93978,96083,99216,99224,99403",1752040880,2025-07-09 20:34:31.516539
3e74393b-b7fc-4a41-8ade-4e8ff7d376b8,4485af05-6b11-490f-976d-b29cc205cc7f,"101097,105045,11633,12010,15234,1662,19221,23063,51931,58586,7521,85180,8558,86389,94817,99216",1751764782,2025-07-09 06:06:20.285942
3e843961-c2a5-401c-91ce-779ae5ddf5f7,9991024c-3546-4d6f-90bd-00d50182d2ed,"10303,104100,11632,23425,25433,26487,30439,31060,38441,45782,48574,64427,65914,93978,95062,99263",1752032467,2025-07-09 19:22:31.604565
3e9434ab-e59a-4228-9125-721b2916f7bf,9579c50f-ec4a-4a7b-90cd-920934c6d765,"104493,105578,110075,38080,52753,81224,85160,95673",1751937327,2025-07-10 18:55:31.478294
3e9597fb-4763-4f7f-aea0-60bb4736c4cf,1178c139-745f-440d-af69-8f8c8673c874,"1910,20795,34405,38441,42346,49705,68761,8595,96083,99216",1750884037,2025-07-09 19:43:31.642855
3eb485db-52be-4c84-9dc9-facf605853cf,837e9fa0-6c6b-40a1-b437-4999ea83b20e,"1622,21353,23591,37100,460,48517,48574,53561,92312,94631,95409,96610",1749398610,2025-07-09 21:49:31.460853
3ee3bbbc-128b-46d3-8c5a-3a8bc8976468,fa7798c9-9fa5-4f47-b9ee-3c6607b57ccb,"10637,107895,2810174,2810175,2830880",1752395542,2025-07-11 19:04:31.380296
3ef6c865-5c96-426f-964e-7db7dd31f53f,e97e8b20-9589-4d13-9a13-0908901d9fe8,"2030980,2145167",1752317043,2025-07-10 18:55:31.478294
3f0be1a0-d632-4046-96c5-403bae66de40,0ef90729-dfe1-40be-bf87-31e68da2df34,"112,19329,20800,23793,24070,58658,77885,97006",1750212604,2025-07-09 21:16:31.455148
3f20dc8a-72be-47f2-8e75-1d59d891bbd5,5b2f7a29-50e3-4894-b3b8-e9e34d84bd68,"101991,103093,32842,3665,45771,49181,88528,91701,92450",1752284217,2025-07-11 19:07:31.675911
3f215513-4515-4d49-ab03-bd361f9c2988,5ce9d2dc-f76f-47c8-9b18-61027d81029c,"19329,4498,46269,58658,9129,94769,94866,98906",1750729958,2025-07-09 19:52:31.520152
3f48726c-e9ad-4fbf-a727-553dbccdad65,6616b5ac-245a-44cb-874d-14f5b286509a,"101095,101097,103858,103999,11632,13091,16767,2068,41089,46130,5220,58583,59965,6204,67954,73041,93015,94773,99216",1736389253,2025-07-09 21:28:31.336454
3f58402e-1579-4a8b-80c6-ae2f31f1240c,2ac2c00c-ac29-49e2-98bc-f341d06e5179,"50539,69798,73064,89394,94580",1752192436,2025-07-09 18:58:31.654225
3f6cdff4-776d-4dbe-b8d8-9dfa1c9e6923,174dfd17-3f7c-4519-9ff6-f0ce93eab5a2,"2190203,23425,2864118,32022,824,96699,97078,99344",1751694624,2025-07-09 18:55:31.759641
3f7a2c74-1d96-4309-93d0-e7457228cd00,7ec8bcb1-2d41-477a-8883-b872c6dce6cb,"104876,105661,68177,7484,96707",1751762085,2025-07-09 19:46:31.620522
3f841bc6-b875-4284-8f01-42314702a280,0d89d341-07ca-45ef-85c5-b8e1ecc6f994,"100164,108468,16213,16951,2202500,2202502,25433,26637,56194,58583,65902,68987,74910,77946,86123,88093,92180,96083",1752388266,2025-07-11 19:07:31.675911
3fa618fd-eccd-4f12-be7d-622ed2bd571b,760fb0cd-6d1c-45f0-b806-3f9523e246ed,"105326,24584,37100,40504,43493,58583,86823,94800,9672",1751913946,2025-07-10 18:58:31.529937
3faa4610-f1ad-49da-a0b9-368d3005696c,9853e533-1f78-4d78-96dc-24fe08162ae4,"27693,38441,53561,58563,62731,62744,7529,77884,94599,96083,97304,99263",1751345491,2025-07-09 20:43:31.463099
3fc5f0a9-3210-47ce-b705-6219698d24a2,cb3304d8-67dd-4cff-812d-c2831c96e4c6,"103999,10727,107344,2067921,2067953,2194562,24070,2829549,48574,66427,7521,94800,96953,98299,98741",1751938246,2025-07-09 19:07:31.585047
3ff442e8-598d-4a00-9f8e-564393533ba5,dea62acd-f4d4-4b14-bc05-62e4663003ee,"30505,4116,81865,93978",1751942192,2025-07-09 19:07:31.585047
4014e69d-17ef-44dc-9c15-d908e6329367,7aa01063-62cf-450f-89ff-569088d17203,"107739,2158,22793,30197,82308,84942,96625,97175",1749390397,2025-07-09 19:46:31.620522
403142e3-d21c-4786-965b-bdb17ce8edaa,812f39af-5642-4c66-8912-7c2ef46ef957,"101897,102494,103004,10421,10638,11750,24679,3625,38330,43336,45782,50523,63388,65742,83266,83521,87309,87316,88728,90542,91262,96660,98491,99344",1751802093,2025-07-09 19:40:31.494332
4041d89e-5328-4198-91d9-cd5e912043e9,fc354dda-6493-4a6e-9fe4-cacb79ec9f9a,"100268,100783,104641,12397,30312,37808,40336,45783,64427,65905,88463,93017",1752122332,2025-07-09 19:13:31.292515
404a4e69-685a-4439-b489-ddc63b7f3fa7,b34c3fa9-6c65-4c83-abc3-d51f33d22396,"11632,13091,53561,99216",1751080378,2025-07-09 19:01:31.673767
406a81a0-bf7a-4829-9167-a88b0ae9bf26,41f2a300-7a43-4376-9444-6a08eddb5614,2835559,1752114920,2025-07-09 19:31:31.303473
4080da79-1447-43b7-bfc3-c3d0fdbd789b,fae57af7-d585-4231-9fde-150d2c43092c,"16951,46269,5403,88532,9172,94817",1752409596,2025-07-11 19:07:31.675911
4081ba13-6436-461e-8923-0483304fcc7d,c7c9d59b-d27f-4ac6-9a29-d089b2c1fd9a,"2048239,2075618,2419,53561,75298",1726116659,2025-07-09 20:22:31.445516
40863eb2-1a1c-419a-aad4-eb6a94cb17e1,9cffdb3a-37bc-43ea-a589-69b56bdaaedb,"105469,107789,25503,45435,52321,52528,58583,65571,8394,90530,93022,95361,95756,96808,97078,979",1736150007,2025-07-09 21:37:31.433645
40b09f98-0a4d-48ab-ae34-f0c29ea17018,2ca3a965-7ece-4f85-b139-79bb0ca2cac5,"19221,79524",1751854699,2025-07-09 19:04:31.645408
40c8a143-b60a-47ae-b9ae-79fef7be518b,2e8533e7-da02-4158-a857-d3a11654ca27,"103105,34344,38328,58586,77727,94378",1748782159,2025-07-09 19:43:31.642855
40cde87d-281b-442a-b99b-202861813a7b,80d2ce05-bf32-45f3-b337-7fa60e2b07a3,"105017,105626,108330,30145,8701,91611",1751345582,2025-07-09 21:37:31.433645
4106092a-2102-4ee9-ba0d-d91aec3659be,08632dd5-c6e6-4262-b459-445c9d010c96,"34420,42294,48574,56648,94776,94800,96083,97479",1751859918,2025-07-09 19:28:31.448042
410afcc5-5dce-44e6-8ef9-48870d656866,6f159a82-c7b5-4611-ac39-b4ddd6528d97,"2839469,99263",1752459886,2025-07-12 12:37:31.584738
412e3e95-db15-4e9c-81db-da8b590e7c04,280ce91a-8cb9-4938-9f18-3a44e1442c60,"101393,102084,102200,11632,11724,19221,2048239,24070,37612,38441,41097,42294,46130,46750,48574,6541,65905,7521,824,83266,95700,99344",1752351352,2025-07-11 19:10:31.371089
412f5977-04e7-415a-8ea8-a8370e8b3008,42d30206-5e7a-47b8-a419-96dcd9ab5a8a,"107518,11275,2686,33577,59332,92305",1752380735,2025-07-11 19:07:31.675911
41515375-dce8-4977-b7d8-b6fb67fcc5a3,8f43dbb0-6178-438f-8aaf-539fd6f8eb16,"104176,96660",1736403488,2025-07-09 21:49:31.460853
4165f56f-8d05-4073-b8ad-242bc5d50024,3ce4dc78-e163-4d2a-a4d6-cff76e243fdf,"106506,106507,16992,4588,77885,88114",1722040865,2025-07-09 19:49:31.570096
418c4b27-b22e-4be5-bbd8-ca641fad58c4,055db5eb-2267-46f0-a8c9-a3b8b3bacdae,"19219,20800,27016,2792,2836928,52394,79712,92435,96709",1752012378,2025-07-09 20:52:31.34132
41ca4c34-8c02-4b18-bf93-039b160c6deb,11dac302-274b-4f0a-8efe-4cfd357ee1c6,"100328,102087,103991,104919,107051,108881,108910,108922,109281,109566,24584,25615,25652,25656,27605,3664,44901,49705,58583,61602,79467,85163,8602,86323,87024,88531,88534,93015",1751687058,2025-07-09 20:58:31.613441
41cedeaf-9a35-4ad8-bc98-fe34cdf5c08f,37a04b54-da38-439a-a5d9-cd58297cdec6,"107473,27615,37262",1751831313,2025-07-09 19:25:31.714795
41e1550c-387e-4e55-bd56-81ae95be9eeb,f8649635-8f70-476f-aeb0-8fa777085dc7,"100645,2086592,27605,2831730,48517,48574,53561,92262,96083",1751430650,2025-07-09 19:01:31.673767
41e435b9-33a2-4545-8c56-f1e5a6d03f8c,32935465-0c7f-4807-bef1-51cf69c01db6,"104206,109506,61600,94450,96083,96248,96640",1752080404,2025-07-09 19:34:31.343546
42051448-796a-45c5-a216-6eb9970303ed,2ba0bf60-7eb7-4a19-a174-0a65e8463a59,"101833,24070,48574,94800,97078,99216,99263",1752175854,2025-07-09 19:01:31.673767
4220295b-7487-49e2-a45f-3d14d751109b,bd186784-81df-421d-b1a0-48775bd77888,"103999,105918,106362,106732,107995,43861,84168,89647,95750,96083,96118,98583",1752295937,2025-07-11 05:37:31.442568
4224bb2b-9d84-4c0c-b907-63def2e565a3,bdf82786-ae27-4489-ada3-127a850ce5f7,"105978,13240,1910,21277,53561,6753,67989,86824,87651,96083",1751157609,2025-07-09 19:01:31.673767
424414bf-78d7-4c0c-8864-d229c8c704c9,8f21676a-d2a6-4cc8-934f-c8ea3542646e,"52394,92893,94227,96083,99403",1752268623,2025-07-10 18:55:31.478294
4277041a-8684-408c-a9a0-1ca76b47cf9d,a051e22f-eb4a-4750-a98a-bcdb52424888,"104304,29204,53077,73910,97800",1752296613,2025-07-10 19:01:31.560317
427a4320-5ee8-42a8-80ad-c99c8b0f2c65,d3484054-9d0b-45be-9fb9-f2f40196810c,"102084,102095,2255749,26485,30439,51265,86414,97217,99403",1752215881,2025-07-09 17:45:20.222232
42a2fb9e-fd94-4a7c-9714-aacf9919fc5a,197c01e3-f907-4133-bf8e-d06a3935639c,"19221,25503,36485,40290,46130,48574,54066,58583,68987,83224,94227",1751782682,2025-07-09 06:06:20.285942
42b14f9c-2871-4a7e-9e8e-5bb349df19bc,4e70680d-7527-4347-be88-75bd230689dd,"2048243,2856773,80024,82309,91552",1752462241,2025-07-12 12:40:31.55665
42b32469-a532-4dc4-8670-595a49adbe24,7e84fdeb-da10-47f5-9315-b9ca2e2a920f,1910,1749995265,2025-07-11 00:19:31.492721
42c82468-5a6d-4b40-8e2d-491f95954b26,f0ded911-a274-4fd6-ab34-2a80492b39e3,"106043,107344,29236,31758,32961,59332,82042",1747550143,2025-07-09 21:16:31.455148
4302ace9-8c12-4ee0-b270-33d2df9cdad9,c2f373fe-a7f6-4220-935c-ec6a87afe9b0,"24702,2829739,34201,37808,58576,58583,85627,92920,96248,98700,99263",1751921861,2025-07-09 18:52:31.536339
430bb837-bad0-482e-b892-ee2e9ffe077c,236be4fc-61f1-46cb-8517-655688e7f452,"103898,105082,108497,13029,2027420,26487,26509,31298,35462,47057,47060,58211,72943,83129,85419,8715,90157,91213,91546,92429,94169,9450,94631,94800,96083,96337",1751039295,2025-07-09 20:40:31.784592
431b2a46-792e-4550-b5a9-52e67663c749,0b0e4127-18a5-43a3-997a-604ec57a732a,1662,1751178242,2025-07-09 21:07:31.368637
431f5fa4-45fc-4837-a92f-bc2bc39c0972,d7282003-33a8-44ee-a175-ba4c404de81c,"100653,103093,52753,63583,87824",1752033786,2025-07-09 18:58:31.654225
4348c7cc-db87-4dec-a8f8-1cc74da2db1c,4d76da4c-7d7c-46ac-a064-131a512d002b,"108341,58583,77727,79524,83129,92261,9674",1752262725,2025-07-09 19:58:31.343729
435eb639-4cf8-4a4c-9765-676731f368dc,5fa33894-f717-4410-9f38-e5ff2126ef3b,"46269,5353,62180,64249,64427",1751239626,2025-07-10 19:01:31.560317
435f1d23-5992-4e90-9a3b-be67885b1058,271ea482-f909-4d56-9368-c5b4349d908f,"101501,104493,104640,106398,17995,22411,90661,92219,97479",1751686106,2025-07-10 19:01:31.560317
43623647-4011-4603-b276-3264c978e433,16ab766b-4b7c-4814-86b9-a93efee5ded3,"11632,13933,14002,15684,159,37447,43144,46269,54603,58583,68297,69996",1750526270,2025-07-09 21:16:31.455148
438da6d2-a720-4feb-88ee-68f2c48eb4ef,56a66ab3-5c96-44e6-9312-e6e7038f5141,"105723,16914",1751487027,2025-07-09 20:40:31.784592
43958f9c-c7bc-4253-8590-0c3d356a1210,77ca6e81-5d18-4780-afc7-bedb15e7a2d2,"109385,1662,98075",1752022848,2025-07-09 19:07:31.585047
439bd204-5f05-4974-a6c8-7bf03f2a2b25,a67b2180-d8f8-49c6-907c-abfba7cde2cb,"2853003,2853023,2853052,2853053,2853054,2853060,2853065,2853070,2853080,2854693",1752110328,2025-07-09 18:52:31.536339
43a3294c-95d2-4552-85d6-6c84ff30ccee,6479b808-35ac-44bd-be90-a0b7b987c125,"109385,21159,56209,69106,94776",1751639325,2025-07-09 19:10:31.750627
43c1b99d-3883-430f-a18e-0e652a8e6899,78ec4230-2b3b-41aa-ba57-267006838275,"109764,48574,57297,58583,8445",1751911282,2025-07-10 18:55:31.478294
43cca8ad-f0e5-48c0-bf72-6abd24f6b2a3,fc12d566-12c1-496b-8f92-b87dac94eb70,"102719,102721,41023,56876,71923",1743799632,2025-07-09 21:16:31.455148
43de9b58-5a61-416e-931e-ca83c104df21,ddd6b34f-cd3d-4b96-adc0-5358cb566b3d,"24683,295,33577,35348,36443,4793,58583,73907,80739,81402,94776,95357,95700,97006,97669",1751932012,2025-07-09 19:28:31.448042
43e1a891-cba2-4f67-a6f8-b79a89267e0e,816da8cd-9837-43ad-b209-e3ff4d04448d,"100106,10098,104485,20538,2160,26789,44169,6071,62740,68987,85163",1751805056,2025-07-09 19:22:31.604565
44042c85-1903-4509-a9f9-acfa45908314,72e66e2f-151b-4547-9ffb-2ec75ac9c0b4,"100182,100766,108184,37808,40504,41089,43144,57298,58658,61602,76470,80749,87651,90362,98712",1752416297,2025-07-11 19:07:31.675911
440d549a-6dfc-4815-94e2-e1807c4d3caa,579323a7-bc87-4410-a469-f389f5ee8f3f,"104176,61602,99935",1751246469,2025-07-09 19:04:31.645408
4413a768-929e-4b9d-919b-84fd63871fc5,1823186e-baff-4213-905e-da065ddcde28,"105059,26728,48574,83033",1751167239,2025-07-09 21:04:31.429108
4424f922-c648-4d02-8d92-35e6b1625f9c,1ab20fdc-714c-433d-a910-3bc554fd1dfe,"101560,10329,107760,110042,2225948,2268665,39423,75100,90992,96083,97055",1750990346,2025-07-11 00:16:31.65555
44255ef9-ef0d-45a9-9b8a-d408bd719507,27c4b074-272c-4f70-ab8a-586e6a73b4cb,"105422,106362,39201,56209,62615,65742,81865,83700,96083,9839",1752265505,2025-07-09 21:07:31.368637
442ce897-f0d4-49bb-86a2-e02f98e88691,d1f1290d-d985-4e47-9c1a-ef70610282a2,"104786,106812,107760,108288,109885,18102,34202,39195,61624,94776,96083,97412",1751765360,2025-07-09 19:07:31.585047
442ee94f-ce41-4f76-a46b-ab9cae1b2e26,09805dc8-f3c3-4c17-b111-b170d1809908,"104017,107760,11632,1662,27235,9854",1751587513,2025-07-09 06:06:20.285942
445a2509-cb74-4843-b02e-4a7d19adf983,13babf2e-4c36-41f1-99bf-8fdcc50f387c,"10638,107871,109285,11275,14760,15791,42294,8597,97871,99216",1751806436,2025-07-09 19:37:31.407534
446a1313-2c70-4c64-86bf-878317fba8ea,2556c940-41f1-46e4-b7aa-ac3c6aa1b2e1,"109654,1402",1751330958,2025-07-09 19:49:31.570096
447ac985-d0c7-4eb2-a6c1-b29e7eb31813,ae450a2f-7303-458b-aa97-3c8619d2e781,"10637,107895,2810174,2810175,2830880,89866",1752047384,2025-07-09 06:03:20.402123
4490ca6b-d47d-470c-ba38-fef4a341c936,807aa075-6720-4f3d-91c9-27824888ba3e,"106601,11061,1248,24092,2607,3227,58586,63940,94800",1752211901,2025-07-09 06:03:20.402123
44a4da56-7053-4f89-b222-24eb05cf8e99,e58b2cf2-6d1f-4488-b560-110d22a83fe9,"102172,25503,33028,41088,51117,54635,58583,68297,68300,69106,93978,99216",1739543652,2025-07-09 19:52:31.520152
44aafda9-b900-4cbd-90ae-330531d0bfa8,3cda7341-a7e5-46f5-aa9c-3613cf7fdda1,"109020,16124,25707,66012,87024,88531,88532",1747636278,2025-07-09 20:34:31.516539
44b96308-6eb0-4d0f-8a0e-6037b162c862,d8f0b057-0b7c-4f42-ad58-b7496550580b,"105326,35348,46269,52753,58583,64427,80024,85189,86084",1752273850,2025-07-10 18:52:31.513517
44e28c40-fbd1-4dd5-a7a1-867f73b9646a,ccf6df15-8f13-4a01-97d6-dc27f1053dba,"100074,101097,102716,104639,105080,18102,27582,37262,7098,73907,83266,86373,95062",1713090263,2025-07-09 21:52:31.305656
44f17d84-d5f7-42f2-b60d-1b7655ce8f6d,08b7157a-9e0b-43de-ad9b-9408fecc28b3,"103933,109257,109258,1622,423,51248,51444,59345,68936,8201,88661,92306,93927,99589",1752022075,2025-07-09 19:22:31.604565
44ff2768-b4bb-428d-a034-551e13253c41,6ea1ad64-0e4e-4b88-945a-aa8bd646fd12,"101991,103093,107884,14002,3625,88531,93623",1750456046,2025-07-11 00:19:31.492721
450ed7e0-9b39-408d-ac50-169e1a4b43b9,db007a06-32c8-4f9b-94d3-d56662f82a22,"103744,105529,109108,1414,159,2237,23793,46269,48574,58586,77885",1750392226,2025-07-11 00:19:31.492721
45669728-d060-496f-ac14-ee7a0dc6dffb,18f464ae-452c-4d58-a673-cb2cb5559b0c,"101540,103381,104485,107154,107898,1254,1662,18283,1910,24070,25652,46269,58583,58658,7978,8476,86543,95097,97788",1751578404,2025-07-09 20:58:31.613441
458fe347-3429-4b1d-9334-734032dbc9c1,12ae9c78-c98c-4726-9968-009b6b699ae0,"106045,108143,47350,87333",1752269203,2025-07-09 21:34:31.499073
459981d5-2872-4a8b-b655-c9c6ad59aadf,ea711892-6c92-4fbc-9e17-da0049e65377,"102176,103933,104072,105465,106817,107074,109257,14760,2067736,2067925,2116452,2182450,2194012,2210844,2226764,2226773,2245765,2253210,2253212,2812484,2829549,2835596,2874888,2874893,30630,48574,53561,69106,89482,94776,96083,97711,99216",1751508567,2025-07-09 18:58:31.654225
45af0c4e-7b68-40b3-9a03-86d0982af3e9,56c0a0ae-a518-437b-8477-227e1322bf42,101097,1716769071,2025-07-09 21:37:31.433645
45bc1da2-b278-4b37-babd-3d146fac2150,bb4a739c-08b6-4a63-b25e-8c5b54addfa2,"70399,96397,98187",1751163748,2025-07-09 19:28:31.448042
45c78da4-0f0f-4e9e-91a9-5a2e5c3217bb,e09ceb2c-ace2-4d5f-a14e-a37506691ed2,"102188,104229,2178734,52394,65289",1735236560,2025-07-09 21:19:31.485127
45eb2070-4066-469d-8035-3fc52f177764,ac0a07e8-9e16-41b0-9b40-b6967d01d93a,"105626,18283,23425,75262",1751663086,2025-07-09 20:58:31.613441
46194e8e-b986-476a-a1cd-0a680ac5beee,81486070-a0fe-48d5-a0af-310e9b6b5bfe,"101095,103669,105723,23425,24092,24702,25652,50679,781,94776",1752097776,2025-07-09 19:01:31.673767
461cda12-efff-49a5-947a-a1a5d1f2c3a2,8e729def-902e-43c1-8b0d-146c5671db43,"28995,52946,6261,77380,94074",1740252808,2025-07-09 20:28:31.628044
46218910-3341-4c81-897a-dbc1416e806b,a89a4153-120a-4f3f-bb9c-298ac67e4470,"1627,17119,23528,25504,47119,7146,86084,94564,94776",1731768636,2025-07-09 21:13:31.422326
4639775b-96bc-450c-816d-46e3bc2009d5,5f696bb9-63d8-47d6-99bc-eaaf6466445b,"1662,21878,25152,26637,27483,35071,45782,52394,58586,65914,79524,85175,91003,94599,95097,95665,96397,99216",1752126130,2025-07-09 18:49:31.587698
4640eefe-612b-4c41-9ce3-84f5a6f7ba19,aa9d14e0-a062-4221-a5ab-160099438e74,"102235,104485,10638,107285,11632,1910,2607,27605,2851762,2851763,3227,35071,48518,48574,49705,50523,56285,58583,61602,64427,86543,87080,96083",1752454263,2025-07-12 12:37:31.584738
464a3004-39b1-4a18-9074-cdd37f2a3f72,dbcecef2-5519-403f-8385-2e9242421f80,"107939,2055263,4023,91215,9644,99344",1750374627,2025-07-09 21:19:31.485127
464af750-337c-4361-b0b3-49dc0a1e003c,eee9b4e3-350c-427a-aba3-f26ddc9fe0e0,107739,1751331014,2025-07-09 19:43:31.642855
46676996-a475-43cd-80f0-4d9b753fbbe5,955f04ce-c430-4950-9aa3-e1d8300725ce,"112,2201088,35348,4756",1749104019,2025-07-09 19:49:31.570096
466ae496-8d07-4d52-88d7-f8d0b4db16be,eaf1278c-cd35-4233-b041-57baf3555250,"102173,40549,42294,64427,68762,76470,98607",1751997847,2025-07-09 19:22:31.604565
46770c69-8d8d-4502-a6bf-f431bb24d24f,bccba511-7a3a-4afe-836c-3caf753190ca,"100619,102084,108707,2855138,30549",1752200812,2025-07-09 18:58:31.654225
46870331-399c-4480-8fb9-367adf1148e0,40893189-e2c5-403e-b886-d65d5f5ced99,"104239,13933,16950,18052,34588,37132,38441,40214,46130,46455,5403,58576,68297,73041,94631,94800,95935,97304,98636,98700",1751936858,2025-07-09 19:04:31.645408
469a2aa5-2652-4b47-b8b1-69f1b3df4368,4349319b-bdda-4e9f-a57f-be94d4a5ffef,46269,1750724953,2025-07-09 19:52:31.520152
46a1b7dd-d1da-4f5f-87ab-d314f960adb9,fda49d9f-1c40-4539-8391-632b24350084,"105018,106039,106864,27814,31532,55187,57298,68297,97045,97304",1741414849,2025-07-09 21:16:31.455148
46ad5344-afea-4a18-8e10-db1b4626d434,b67c6333-7956-49cd-b651-cb5d66fb99f5,"2852992,2853000,2853001,2853003,2853023,2853030,2853052,2853053,2853054,2853065,2853070,2854693",1752030201,2025-07-09 18:55:31.759641
46d9065e-0ce8-45e4-ab65-7e639473176f,64c52077-4af9-4183-89e7-d7674b9bcfd1,"100243,105553,10727,107740,107860,108337,108766,15941,16087,23591,2607,28183,41089,42294,48574,53077,53561,62662,70952,73907,74787,81813,9496,95272,96660,97055",1745936825,2025-07-09 19:46:31.620522
46da3f82-31c0-48ea-b375-aeb92a298497,31140de9-3bc8-4ae1-afe7-9478a7148a58,"10303,108210,13240,23814,35254,53561,64427,73907,8445,97092,97479",1741847042,2025-07-09 20:19:31.511716
46dfc772-a6f3-4856-a1bd-5f47899d2e61,845f6469-d1ee-4ba6-bf4e-ab998b068d56,58583,1751436685,2025-07-09 19:01:31.673767
46ebc35e-9f23-4c10-9e46-3f51980b646a,5c72afa9-d1c9-4683-9b30-299cbe8aa228,"101199,104159,107206,107207,107321,3012,30335,45113,95272",1737011016,2025-07-09 20:19:31.511716
46f02616-d810-4f9f-a562-5fa3792558e7,39a80f89-882f-4f3b-846b-84c58ecf69ac,"10022,106161,108295,108513,11275,1248,15791,1662,17995,2251842,2607,29530,3229,344,52394,58586,70806,77391,85627,92271,96083,96625,96699,98700,98741",1751956783,2025-07-09 18:52:31.536339
46f2409c-f033-4696-a797-26ef3ceca6b0,89d02824-e4fe-49e4-ba1a-276398f53d86,"101292,107197,2118",1752208312,2025-07-09 18:46:31.426409
46f83c91-f228-49ad-ae25-36679800c03c,44b1cbe3-26a9-46a6-b815-f246311a0e12,"105089,10865,12992,13095,1876,1877,295,3675,46130,58576,86551,92165,93985,96248,96977,97870",1752303436,2025-07-10 18:58:31.529937
4705626c-ca72-4b73-9dcf-c48a5dc79e79,785cb8a5-04f7-4501-8384-8712bc1fc4d0,"104206,106601,107281,53730",1751671507,2025-07-09 20:58:31.613441
472a3ce4-e648-4652-8324-5cf35ee49a56,4b69a2e1-b4e7-48d2-94c4-72f4b4da3718,"100100,104176,105723,107269,108340,11369,12010,18283,2607,3227,3229,36443,36852,37447,38441,40709,41088,42294,48574,5403,58583,58658,61600,61602,7521,76470,77071,78291,91788,92262,96083,97304,9850,99344",1751777148,2025-07-09 19:10:31.750627
473bc763-7fa6-49aa-b6e6-0f15baeacd7c,ddaffdd4-bc48-42f4-9d7b-a5c5f3cd1606,"10093,104970,106065,106409,37132,5922,61512,6753,76470,83378,83551,98501,98583",1737493488,2025-07-09 21:37:31.433645
474e5dc8-ae49-46a0-bb15-cde452b338d3,c3d3e5e0-b67f-45b2-afe3-719c24a5897b,"16992,37132,73369,96802,98516",1733735503,2025-07-09 21:40:31.522517
475311a1-364c-46d3-90b6-2de987d679a0,8735863f-fc38-4662-b800-4c633b6daf01,"103669,1248,21293,32022,42294,77946,94377",1752002557,2025-07-09 19:22:31.604565
4762f9b3-f142-4791-9b4c-3b53f89ebff7,36f97636-686e-4611-8d55-3d52d9d8060a,"102494,19085,35348,44218,49005,58583,68297,89482,96977,97304",1747589668,2025-07-09 21:34:31.499073
4765e17b-df87-4dd7-ad24-1a4086eff81e,18400566-3be2-44aa-918b-c122687f7709,"102644,103717,106647,15396,16632,2205410,2854681,2855363,2856178,43144,50378,53561,61602,61645,6600,76859,94151,94799,97078",1752257005,2025-07-10 18:52:31.513517
477fe824-374d-4496-8c77-c5c519a334dc,93bd7cfe-bdf6-4561-97bb-428629ba5e5d,"18283,84168",1751818647,2025-07-09 06:06:20.285942
4782e7b5-417c-4087-841e-717d0ab24b44,f99a561d-7cde-4714-82b0-cd7e9bc83552,"100102,12904,40336,53561,58563,58583,61602,62008,71936,94631,9674,99263",1751382428,2025-07-09 17:45:20.222232
47832d92-0887-4fa4-a661-120176b7a0c5,a8c2ffd4-a55f-4343-9f2b-01b8a1b6b780,"107206,4178,48574,61601,65902,70952,73907",1751638003,2025-07-09 18:55:31.759641
478568d8-ddfa-43be-9cb2-c4aecad7393a,0f8dddd5-94fb-4199-b2cc-088a5b122fd8,"2607,33585,50539,53542,62662,84942,86317,96397,96660,98555,99232",1751512420,2025-07-09 19:10:31.750627
478ead3f-5f2e-4518-8934-be41e3fc787e,ced4e48c-ee01-474d-8b7d-4902d4c86530,"107956,1983,2204227,29367,38441,59332,84729,93997,94599,97304,99216",1746303252,2025-07-09 20:25:31.345235
47a6fb0d-4a20-46df-8c62-4cf0a15a2682,a1283ca3-f8e3-4f67-b3dd-a1cb7de7ad2a,"16191,97224",1751860227,2025-07-09 19:04:31.645408
47c76d76-5e43-4c51-819d-f7b335ccbcdd,3e6b8330-24d2-4099-8307-15e0d844504e,"100325,106184,11130,2261594,24171,26490,80749",1751162198,2025-07-09 19:01:31.673767
47d2a0f3-3f18-49bc-a233-fa159f9c799e,dc5012f9-ad63-4bca-9529-4c3b314ab553,"104480,109479,2265585,38441,45783,53561,54673,58583,64427,71406,76412,92013,93978,94025,97175,97304,98636,99263",1749684995,2025-07-09 19:46:31.620522
47db7d87-6401-4623-b065-87e18ffbdb5a,d701625c-f3dd-4764-8059-e2a7e395c9d9,"107902,11275,53561,61602,6352,68300,69564,88093,94800,96249",1752463932,2025-07-12 12:37:31.584738
47e81371-0768-4948-9aa3-36d66ee9c6d8,d25d824e-9788-475c-b609-836e3c3e400d,89260,1751428733,2025-07-09 21:13:31.422326
47eb131a-7228-4883-8cc6-0ae53d79f350,145ec29b-1dfa-40e6-b0cf-202de2fcce55,"101330,101734,104640,104970,10727,20795,31791,35348,4499,84592,95665,97711",1715161449,2025-07-09 20:19:31.511716
47fe744c-30de-42d6-a5db-4a84296bdc20,c410fd8f-53c0-48f0-a7af-67427a32eee8,"102173,103385,104176,11275,13138,16597,22793,23425,43779,66991,76717,88728,94800,97978,98480",1729920894,2025-07-09 20:19:31.511716
480e1c7c-d153-4b7a-bfbe-9fcc8cf28201,8e8de803-dfe6-490a-92c2-1622ff9b3cc4,"1910,89482",1750350186,2025-07-11 00:19:31.492721
4814ed95-9ecc-4a16-a2da-26a0dfa1df65,8dedb84c-f945-4262-88fd-af7e1aac09bf,"24536,72943,81402",1750078652,2025-07-09 19:46:31.620522
481538eb-3221-4eb1-99da-5135bca3ebfb,95c7cf22-6196-4c27-94e3-93df84266787,2172559,1752187067,2025-07-09 19:04:31.645408
481d0a8f-e0a0-4c5a-ae8c-eee148c63d19,db80508d-d6d9-40e8-83d6-79188ec79c49,"105555,42699,83341,98575",1751557606,2025-07-09 21:01:31.521295
482661c8-e6ec-4cf6-889d-b41294f7c0b2,66e4c45d-e4cc-4421-b118-5cd704480460,"17060,50405",1751683760,2025-07-09 18:52:31.536339
48311e68-58a1-40c0-a3af-a2ad4e7ec754,c9e31102-483f-4679-9fb6-1004e37c08d9,"10421,104640,106245,11275,11917,19329,46455,74509,93978",1752416513,2025-07-11 19:07:31.675911
4841922d-f859-4d66-ac3f-351d469b80d3,96dd0372-5f5a-4d9d-92fb-7451588e88a2,"103381,105724,107711,108764,19132,23425,25652,43137,51931,61602,813,90074,97412,98613",1751469386,2025-07-09 21:01:31.521295
484bdf10-e65c-4b34-b003-ff75f69f07da,e9705bfd-8148-45e8-98e9-39ffa8044452,"39299,41089,53561,5376,66320,77946,86373,9672",1731130816,2025-07-09 20:31:31.402227
484cc811-7fd8-4359-b15a-8ac57d086255,43115711-f120-4aa0-b15a-e415e3736efe,"2086595,2244774,58583,58658,61602,83732,94799,96446",1752297336,2025-07-10 18:52:31.513517
485d86c4-295d-4ac1-b85d-89c57c7446ac,ebcd50eb-b45c-41d7-bcd5-ee085a1a3c95,"108295,11275,2607,40336,41089,4653,52753,58583",1752197578,2025-07-09 19:04:31.645408
48722b31-bc06-436f-8bd9-aca7e51dbd5b,3d243df9-15b8-4a66-b3d8-9a0dcbcad78b,"106789,92312",1751073732,2025-07-09 19:01:31.673767
487a40c1-f802-4a64-afff-31ee03bc2eca,d99cb7e5-ba40-442d-bc1f-493070c122cd,"101322,11633,13240,47059,56285,58221,58586,64427,97078",1729142938,2025-07-09 21:43:31.40037
487ed00d-4d01-4456-a9e6-8519c76f301c,823f0d59-5368-4480-945b-81c4bcdfd218,"30439,6753",1752288315,2025-07-10 06:01:31.512189
48826201-a9c4-4406-8f17-f56683447069,d51942e7-a076-498d-b8d5-e7bb3ef03666,"102121,107377,107636,2063642,2195313,2195496,97479",1730867087,2025-07-09 19:46:31.620522
48a4f5c8-241b-4427-969b-1f1527d5ef62,3b9535d2-7448-43cb-8f64-5bb13922bbc0,"11654,14002,33162,46269,80749,8641,87080,90362,96397,97959",1750367870,2025-07-11 00:19:31.492721
48ab63dd-1064-4860-9b32-80f1686a7080,01bd4a34-130a-4394-acf0-31aed35a0a37,"100550,11786,17129,21053,47119,60286,60536,70952,75322,81396,94152,94800,97101,99216",1747535642,2025-07-09 21:43:31.40037
48d42b44-e8b1-4eb0-8b72-662e16368648,bb1cbc6f-2b1b-4c1c-b8d6-558ed72b79f2,"10303,10637,65828,65902",1751391773,2025-07-09 20:40:31.784592
48daa2c4-3548-42f8-9d27-163e6a035e6a,528cacd9-200a-4b25-aff8-299bc282125e,"38441,67208,99216",1751829244,2025-07-09 06:03:20.402123
48e5e1f4-a11a-40f7-884c-a9553daf159b,2651521f-eceb-424a-a5a5-9e27bff834df,"101608,104688,105128,105903,106286,108766,12462,12597,14001,17119,19237,2792,46130,50523,52394,61602,81649,85849,90969,91309,92975,93849,96225,96707,97101,97787,97788,98346",1748994932,2025-07-09 20:22:31.445516
48f47a99-7b41-46b0-8dd2-20d7bb05872a,b2d2bb9d-c28f-42cf-907a-6c1c6282f704,"105626,13240,2094884,37100,41089,45021,45783,48574,58586,63918,87377,9672,99263",1751461581,2025-07-09 20:58:31.613441
48fc95ec-e22a-4483-8991-8dc2b91c1b79,7db4dcde-1842-4868-bc87-0d92bc382702,"101322,101323,101325,38441,39201,82308,93978,94227,94800,96083",1752181939,2025-07-09 18:46:31.426409
49071f91-bcbf-4b3c-9aca-65722de29a84,c21a3260-9691-4921-8cd3-428c3bff5500,"102003,10956,11632,163,2065667,2194562,24250,24536,2607,2851989,2864973,30367,39334,43137,50523,53561,64427,69106,94800,96699,97304,9839",1751594028,2025-07-09 19:10:31.750627
490a3b83-35c8-411b-abd7-cdd6db50a320,9bce4dea-789d-4ad0-b9ea-cc4afb71482b,"101308,10421,62615,68987,84865,91936",1751904961,2025-07-09 19:22:31.604565
49101e89-9623-497f-beae-d69ed570d88a,bb0e5e59-1fe0-4c1d-97b2-f0891e49bf02,"104307,104439,104809,105265,105406,105895,105896,105905,25965,4180",1736968143,2025-07-09 21:01:31.521295
49174c45-f1ef-4191-afe4-a7c866bb2cd1,1bca0e2c-d21a-466b-ac89-7f168daaa4bf,"104304,10638,2210215,92687,94929,96674",1751911633,2025-07-09 19:37:31.407534
492078f3-ce3b-41ff-8b0d-2fa8b5e4a0b8,fe41f85f-76f9-4d1b-a989-d891a877171a,"107225,107651,1662",1752278319,2025-07-10 18:58:31.529937
4922b3d7-c2d8-4918-b8b9-8186c771a611,ba6c8620-af1e-4d85-ac78-06d95b7a397e,"105265,49705,61602,87821",1752166052,2025-07-09 19:34:31.343546
49415f24-c9e1-483e-8a6f-9f7e19af2290,9d4beee1-a151-49b3-bc51-f67165d2bb06,"102986,105326,26492,35052,6261,96559",1752337287,2025-07-10 18:58:31.529937
4942db41-ec0d-46e2-8b70-1bca1a6f9513,26705431-1664-416f-81da-3d0a1939c6c3,"105087,107449,2839469,47319,61600,70806,73907,83649,93015,96083",1752375286,2025-07-11 05:37:31.442568
494ff8ae-7623-450d-8841-167a596e5902,69325660-db52-4184-9fbf-132c2b925399,"12130,19085,35567,3576,37612,40503,53561,69106,82753,83129,94800,97304",1750976141,2025-07-09 21:25:31.482511
4952d191-a87e-45b9-8891-189ac675c577,f3c6cdc3-1084-45b7-87f1-eef15b3f0168,"103939,36978,4495,61512,70583,7098,97224",1751937846,2025-07-09 18:52:31.536339
4957b061-3333-4a3e-823d-6cab78ae0c4f,e3b4514b-f472-4ec3-8fe7-078c4ce9eeb8,"2029367,2174670",1737041057,2025-07-09 21:49:31.460853
49637e08-c48f-41ae-9896-70d802f94e6e,40303223-8aaa-4308-ae70-53a9e82413cc,"103998,2068,21728,35533,95670,962,9926",1736572947,2025-07-09 21:43:31.40037
4964defd-8532-47cb-b335-440c96f9358e,c6e5afca-a2a0-4a67-82c6-f6cc44b88ae7,"74787,79524,83129",1752291342,2025-07-10 19:01:31.560317
496a624c-12a6-44f3-88e6-d4930f30a6af,189ab290-3e70-4637-91d0-914a53377940,"10421,109874,16914,28832,29226,35730,44934,46455,47071,58658,93978,94169,94800",1752249490,2025-07-09 20:46:31.392832
4992b6f1-b3d6-4629-a06c-5b2fbed9b69b,3ebebb39-83ed-41a7-8384-0e4adac7baec,"100001,105326,23854,24250,33884,94599,96625,9672,9728",1748048671,2025-07-09 21:13:31.422326
49a108c3-6282-4cdf-8cce-05be255c5713,395b4859-0f72-43d1-a3ad-3e98e51f35be,"107988,3664,84168,86084,96802",1751985801,2025-07-09 20:55:31.375308
49a2f61e-9523-4ce6-a732-9189c50bce19,aa78f8b5-57f9-4f80-8ee3-12033e2896ba,"11275,25652,46130,62782,79742,96723",1752368273,2025-07-12 12:37:31.584738
49aa38aa-08ce-423e-9d88-e5dad59a54b0,e14187e8-b138-4b5f-bfcd-a62a83eca9b1,"102102,106279,106680,107249,107465,107866,107956,108979,108980,108984,109910,12397,18283,2229992,2264338,2267525,27605,2844140,2855356,2857869,29431,35969,38441,45825,5614,64690,94060,95800,9594,96670,97092",1751227110,2025-07-09 21:19:31.485127
49b616a1-5335-4d09-ad02-17955737d553,92100f5e-9d0e-48d7-8954-fd93d49bf927,"17995,18255,42704,43336,44934,44935,5524,57271,58583,69605,94776,94800,96249",1751677214,2025-07-09 19:22:31.604565
49b7721e-04b3-47c6-906f-c40731654cc5,fa9a1823-e837-4343-9039-9851d1ef6a07,"101325,102095,105149,107860,107862,13091,19180,30439,40503,52394,55493,58583,62721,70395,79524,94799,97224",1752082621,2025-07-09 18:46:31.426409
49b8bebe-206d-4517-b18c-ade209770cd3,5081b49d-9e4c-49e5-9858-09ddc8ed8a01,"2160,31736,91629",1751258774,2025-07-09 19:28:31.448042
49bbf56e-63ab-4a7a-93d6-e4d268a6d728,595371a9-0264-4e47-9518-680eea4f4919,98610,1751491409,2025-07-09 20:40:31.784592
49d70841-eca1-48e8-9a6d-8334b364c612,4968b357-25d6-473f-8432-f8cfd0d2f285,"101322,101323,103999,25503,2564,26154,459,46269,58563,73907,97479,99216",1751249071,2025-07-09 18:55:31.759641
49fab498-9742-4c86-9acc-3ce7a0ef2b42,2cb1cfb9-c097-4e63-8aed-b759b9ede91f,"12138,1439,1910,2214693,2230422,2237,2238306,32680,42294,47755,50520,58583,65145,76047,87080,88463,95933",1750386095,2025-07-11 00:16:31.65555
4a1c5b92-7bf0-4f4b-812a-eeaa997061f4,13d88d37-089c-4594-8ddf-c9d801c9be0c,"102385,104007,105620,106045,106699,107154,107314,108083,15186",1746586904,2025-07-09 20:31:31.402227
4a5fcc92-4926-4957-aab2-68cbf00b8575,73193014-8497-4f9e-97e2-0e57be31d770,"102426,104641,45559,52157,53089,5376,66012,69564,8420,89359,90584,91630,94769",1721175291,2025-07-09 19:49:31.570096
4a6ea171-5bda-4807-a818-1dcf29a2df84,66ab477f-019b-49c3-91b1-08c7c41431e8,"104176,105723,106474,11632,2150909,73907,86824,90362,92301,97479,99216",1752004010,2025-07-09 18:49:31.587698
4a784793-3289-499f-af8c-6c6f8f4c4d51,fa2083ab-b06a-4f18-bec4-e4750595a843,96083,1751769126,2025-07-09 19:28:31.448042
4a788408-68f3-4d95-963e-df8cc68767d8,5d1b3cb0-acea-47a2-a531-ad568b7b131f,"102925,103717,11275,19221,24702,2607,39334,46130,46269,5376,64427,83534,87377,90157,94631,98741,99263",1752024268,2025-07-09 20:52:31.34132
4a78b22d-11c7-498c-a09d-0e32f33c1929,66da652e-fc62-46b9-a89d-453b7f147f45,"105970,24250,61602,97479",1751719392,2025-07-09 19:40:31.494332
4a7c3db3-ba09-4d6d-ac0b-fedcb3789e8d,68f61e50-c834-4366-9a59-a37d00bcd904,"101438,104919,105657,106245,106496,12010,2245754,25652,44619,93506",1745631646,2025-07-10 06:01:31.512189
4a973ad8-8c74-4325-8ab9-bf9add50efc1,a8f98621-78f6-4047-9ef8-bec21649abbe,"23425,24070,37808,58586,96083,97078",1751541425,2025-07-09 19:49:31.570096
4a9a84cb-aaf4-4ab2-8821-fc6b1f48a769,86afb436-4214-4117-9846-fd39415016ce,"102052,10480,10766,11792,24092,26891,30007,30626,82309",1751685413,2025-07-09 19:28:31.448042
4abee23c-0c1d-4416-be3c-4f84a98b57a7,f8936b48-ca47-45af-a93b-ef6d273e66df,33580,1752087180,2025-07-09 20:37:31.608351
4acddacf-f717-4122-9446-08be8850c042,98e7f51c-c9a3-48f1-9cac-685b0eb1a057,"106344,23430,24250,25656,2607,30439,31065,38080,45782,83129,85180,92920,94378,94817,96547",1751839828,2025-07-09 18:55:31.759641
4acf03ff-df46-40cd-90a4-6372e9b61e5e,1e2aed5b-eeab-4713-8e61-3e70a4bd0352,"107065,107123,107129,107438,107534,16124,26490",1733471484,2025-07-09 20:34:31.516539
4ad2ad6b-f7c6-41cc-9bc2-ff264214901b,512da247-cdb3-4003-9cae-918a3a10883d,"100093,104176,1910,2071,37100,72397,73907,7529,79925,81865,83665,83671,83700,87309,92120,92121",1752132213,2025-07-09 19:01:31.673767
4ad73e2c-21da-49f4-b3da-f48ceb517930,dde0169a-2b5d-4587-b88b-4429f49af5f3,"38441,46130,96977",1751638672,2025-07-09 18:55:31.759641
4ad9efba-da79-4d1c-8364-2594f4054a37,be688bd2-e20f-4459-8d44-017df37fe382,"105657,106189,106564,106863,33577,48574,58586,61602,6352,65905,70806,93868,96083,9672",1752351003,2025-07-12 12:37:31.584738
4adba2d1-c368-439c-ad8f-691ab51ab2b1,b71f83ba-4f6c-44c7-b269-931b56dd47bc,"105504,16041,1662,27605,302,37447,459,50523,5376,62740,92262,96701,97078,99263",1751358033,2025-07-09 20:28:31.628044
4afb0d36-601f-4432-b0ce-84414df66219,9fb3a7a3-da39-40f4-a7c9-b933d8e7b11d,"102102,103744,11633,21833,23591,35256,459,58586,71188,82309,901,96977",1752256996,2025-07-09 18:46:31.426409
4afbbd7a-0ed2-4b53-9e8f-478ff7aa6f2b,48d6c706-5bfc-4453-beb8-90273eb8304d,"102319,104485,106990,107515,108301,1523,16632,2071701,2126542,2147093,2235959,26789,2839453,2859382,51931,56209,68987,91542,93016,94518,96083",1751852799,2025-07-09 19:07:31.585047
4b146642-bca6-44f4-8927-67fd5aecdaa6,ce780a38-7f52-4065-8b99-7b34393e40d7,"106743,16772,2265532,43575,53561,76717,81881,90966,96942",1749868229,2025-07-09 21:25:31.482511
4b290fb2-980d-42a8-a0b0-2a560b9f6db0,abc38bee-e1b6-48da-93e6-8c45321aacf1,"104482,45782,91191",1752026876,2025-07-10 19:01:31.560317
4b406818-6566-4787-b897-229967366a0f,77caccff-7748-4ea8-8990-40b870d34cd4,"107740,16597,2607,46269,48517,72378,83129,94799",1749259062,2025-07-09 19:46:31.620522
4b4e879d-92ee-4627-9260-4bbdc421a843,7e251e30-b74c-49ee-906e-6719e1c8713a,"20795,24070,56083",1751074900,2025-07-09 21:16:31.455148
4b50be1a-30b1-43b3-9d29-cec5bd0a5095,fb90117a-8bf0-4862-9cda-24d127366d7d,"107902,67594",1752405833,2025-07-11 19:07:31.675911
4b53412c-cb09-4d40-b5de-39eafea2e89a,87652951-14bd-434e-a20a-81c737a87034,"101095,106752,17995,23425,25503,38441,45782,48574,53561,58583,58586,68177,73907,80741,96001,96802,97304,98636",1751677047,2025-07-09 19:31:31.303473
4b784ca3-4b7b-46d1-a653-1a849919c450,41427dce-b381-4373-b9a2-8ad3705e065c,107999,1751486484,2025-07-09 21:13:31.422326
4b7dadd3-4433-432e-a44a-d37ad1c19fe8,929b8724-e156-48be-a909-dd2b27b19fb7,"101096,103999,104652,105667,16632,24702,29171,3329,46130,5403,57091,5764,58576,62007,64427,68987,85180,94169,98754,98906",1752088784,2025-07-09 19:10:31.750627
4b898bca-d793-429b-a004-31cd4576cb9d,646a37e5-86f7-495f-b6c1-597db4379167,"10303,105723,2209733,23425,24092,2607,33493,37100,41097,45782,58583,62662,6600,70408,93015,96397,97304,97412",1751574611,2025-07-09 06:06:20.285942
4b9cd124-9931-4be4-9d9c-11e8cfb5f526,a4835443-a458-426f-afd3-523f7519d726,"102239,10393,13170,19237,2190214,2209095,2210844,27707,2843858,2854553,32486,64427,68991,87651,92428,93594,93978,94800,95442,95458,97479,99161",1749866177,2025-07-09 19:52:31.520152
4bb2a9bf-d9c7-482b-930d-fff207fb2365,cd6516e9-760b-478a-bac3-af4c25c26c0c,"101609,107730,2792,29358,29359,37449,52394,61600,64427,70392,76859,87954,94601,96701,97304,99263",1752127362,2025-07-09 06:03:20.402123
4bba4909-a93f-4203-a67e-ec6f310cebf8,41798a32-724b-4843-b2b6-37869e82b7e2,"107206,12597,17060,31838",1750825412,2025-07-09 20:22:31.445516
4be0a014-91e0-43c6-935f-dba523968a8b,a71bc1b0-3cf3-496f-b945-df5227f598f5,"10438,104485,68177",1751937562,2025-07-09 18:58:31.654225
4be7aab5-fe99-4a8e-a7ea-32791a181935,d24609c7-6c87-41cf-ba82-949a43b780eb,"102644,10594,11792,18052,3229,34853,40336,51288,57298,58586,58658,64586,76470,92180,94799,96248,99039",1752127638,2025-07-09 19:07:31.585047
4bec42df-4458-4533-9ded-7da67317b0b7,72dbc196-bd8b-411a-ab90-0d7a7eccca4b,"11632,29367,38441,39201,53561,59332,94599,94631",1751920259,2025-07-09 18:55:31.759641
4c01a426-f2a6-4b2d-a438-fdd195649583,ecc54f61-b9c5-4ed8-aa4e-40a55d37d3f2,"103381,104321,105451,109189,11527,17914,37808,48574,58583,58658,69106,70952,83732,89482,97304,97711",1751037700,2025-07-09 21:07:31.368637
4c36387c-e6f4-4f97-a1ae-fc8ef4e37ec2,3482f2bd-ae86-4dc2-8e7a-2f0fcf59483e,"30439,75298,79734",1741639973,2025-07-09 21:19:31.485127
4c39d115-8a5c-4239-9b2c-ffc849693302,7a04e658-7a19-42c1-820a-405ea28363d8,"10906,12012,2083531,2148694,2164733,2179135,35669,62740",1741891182,2025-07-09 19:49:31.570096
4c50945e-9621-4093-ae93-5086fd1780ec,3900320c-ce14-4133-ab0c-287791fa593f,"13083,24250,24619,25004,295,4482,46130,53561,58583,58658,68297,94631,97628,99216",1744266212,2025-07-09 20:16:31.381882
4c72393f-2f41-4ebc-a9b4-3b52d4451522,672ed0b2-dce0-4c87-825b-c9b7f68fec18,"104693,106463,26891,38334,82434,82435",1751230551,2025-07-09 19:43:31.642855
4c87021b-46a0-48a0-b33d-b80ecc9175cd,89e59176-f9b7-49a0-8f65-122cf54635f3,"54062,95793,98700",1751348412,2025-07-09 18:58:31.654225
4c870baa-d8db-461a-a714-cfb2c4e87ffb,2d2f1b29-71d6-4cee-89fd-4f4e2c99e21d,"100214,102003,10329,104429,21880,25652,56648,96707,97479",1751514869,2025-07-09 18:58:31.654225
4c99e91d-9ec7-401a-8dfe-f80ad2c8db20,a6b5cfbd-12c1-4aa7-890e-8ea67048e260,"102409,106370,11517,13240,40499,53542,55493,62662,85180,88518,90542,9253,96397,99263",1751327889,2025-07-09 21:01:31.521295
4c9dbed7-b9c5-4753-80e0-a0ae8c7c5ef9,b74298e4-6bb3-4256-893b-565fccd0aef8,"101906,104013,106147,106732,108606,109189,112,11517,13760,14002,14760,1910,19180,3675,37612,3946,45772,58583,68177,76470,83341,85180,87309,91309,91701,92664,94800,96083",1752426159,2025-07-11 19:10:31.371089
4cb370c3-ad8f-4028-b71f-5cd807cd8aeb,e483e565-2ca5-4d17-a99d-1e635564c712,"25656,94599,97711",1751164658,2025-07-09 19:55:31.439331
4cbcc6aa-12a4-4b17-866b-3c300b6c7344,7bba2da4-4104-4dc7-9692-d0bcd6998424,"10303,10421,108295,24584,25503,2607,41097,42294,56648,97055",1751942688,2025-07-09 19:04:31.645408
4cdbcfe2-c6bf-40aa-96a5-7393f088b721,27cbfba3-2d95-4dd9-b120-b8ec9a3d2d30,"106601,11275,27235,48574,52826,53561,58658,61602,65747,93978,96083,96446,99263",1751932832,2025-07-09 18:55:31.759641
4ce60cee-b4b2-4b83-8108-cc0d96e097a5,7e44bb82-bfed-4f3f-bed6-58cc65ddbcdf,"106652,19329,36485,50523,97055",1749872228,2025-07-09 19:52:31.520152
4cf0e507-baf9-4024-b4b0-baab48c78741,885be334-02ff-4a20-9259-de5278230b8e,"102968,104493,106414,106550,13933,15519,15791,18065,29459,44933,4588,52394,58586,61602,76470,91498,91750,94227,94631,94776,98700",1751828036,2025-07-09 19:25:31.714795
4cf9613f-103a-4ba5-b2cd-63a975d06208,bd930213-f569-410a-97c9-386d43ab5c88,"17995,25652",1751606507,2025-07-09 20:37:31.608351
4d181d57-30a1-47f0-ad53-3c90b8378d33,2d308465-bfca-4c39-adbf-aeb9e37568e1,"102908,105555,106320,15791,27605,31791,32680,42294,64699,73910,901",1751856354,2025-07-09 19:40:31.494332
4d3d3f42-9268-49e2-a7f6-e0c57c5b6e46,8ac210bb-6ddf-4b20-8cdf-c81f2783d04a,"100007,106240,106245,50679,57298,73907,98768",1751939359,2025-07-10 18:55:31.478294
4d4c4c90-b8e1-4a41-a9f3-6e09acfbe070,0d4cf934-64f4-4adf-9912-377064f9f161,"100101,109764,30439,42294,54603,58583,58586",1752273558,2025-07-10 18:52:31.513517
4d54c14d-dc63-4987-aab1-be96b9de6d08,35681456-4a4e-4461-9f94-1b89e8a9922c,"19237,85175,94060",1751122090,2025-07-09 21:16:31.455148
4d63829f-7c7e-4d7b-a5d1-aa76c7eb5236,33e3b410-c864-45f3-837c-326f521fcb8d,"102475,19221,46269,48574,58576,79524,93061,95409,98700",1752381775,2025-07-11 05:40:31.338301
4d9f551c-8ce9-4aa2-81a1-78da303a3f2b,2121df1c-4500-43d0-beed-c05e6eb1bd41,"11275,49382",1752117828,2025-07-09 20:37:31.608351
4da359f6-2b9a-41a4-a8dd-a6d2646e59d6,0fb735b1-f340-42a2-b381-b1eecfc3c1fe,"10510,46269,71296,90362",1751152371,2025-07-09 21:04:31.429108
4db00f5d-dfc6-4848-81ae-b811dcc4411b,ca1c2075-2f91-4793-9e16-c9fbdb8ba976,"106446,1662,20376,2607,46269,50679,59409,813",1751329109,2025-07-10 19:01:31.560317
4dc60672-26ed-49be-beaa-200d011133c3,0cdb13ae-f6bc-47f1-9451-133930c033f7,"102494,103381,105312,105421,108880,109091,15570,29190,30324,61602,96225",1751010388,2025-07-09 19:43:31.642855
4df15344-0fc6-47de-a310-8fb29fa2384b,ad792322-d432-4b4e-8a13-a07eaa388ba3,"10235,295,43137,901,92854,94817",1750337899,2025-07-09 19:43:31.642855
4e13b889-43b8-42b9-bb65-4af1e73a6f0b,66de74fa-da74-4d99-8f7d-3d49f5c6ae23,"107902,12434,2052,28707,71921,93978,94776,97479",1751348921,2025-07-09 20:40:31.784592
4e227b93-4003-412b-941c-cf8da79a3105,37178e8f-eeaa-4aae-95b6-7fc7a8ee4baf,"107860,108295",1751835410,2025-07-09 18:58:31.654225
4e42d700-d925-402e-b7fb-8dc6c6f81c1f,93bf7f89-b1e9-4502-9684-543c5542413d,"73312,74889,87218,99371",1752259700,2025-07-09 19:01:31.673767
4e47ddcc-c2e6-443e-ad4b-b501178b2def,55a7fe7f-53db-4673-9e28-9d21e9a61b1d,"103717,107881,11261,2551,57297,58583,6017,99485",1752111235,2025-07-09 19:19:31.413237
4e57ade3-abb7-4979-8d66-52e4bd75c8e2,974c3aa8-7415-43ed-a166-a28a5dd5c79e,"11632,51318,58586,64427",1752260141,2025-07-09 19:10:31.750627
4e57ce0a-54b6-4c31-9e9e-c819fd48c195,73a7ede9-04c2-4f84-8e13-961123a7bdf8,"105016,106778,107161,50523,71921,84591,86634,94776,96024,96030,98298,98610,98783",1728510306,2025-07-09 21:16:31.455148
4e73992a-531a-4f83-8c4a-aa52de44e54c,912ebec0-2e9b-4921-8207-5e16f02b4317,"103381,107995,109281,109285,38441,61602,95470",1750824648,2025-07-09 21:07:31.368637
4e808e57-4a98-421f-b46c-c2fa88455fa0,16a3cf21-516c-4d01-8e72-29994e31e4b9,"104176,47057,74731,87333,88891,88892,94817,96547,99263",1716439789,2025-07-09 21:16:31.455148
4e81f110-ed6d-4430-ae66-5d1eca4fca07,e5d87e74-0b7d-490d-b004-9b08de2c437b,"102172,106495,107739,17906,50679,58586",1751586587,2025-07-09 20:55:31.375308
4e8cd95b-6c85-4ca6-95f6-843b490d4f6f,3fe047ba-eee6-4d33-8aa9-f6af49eee0c3,"105326,108122,12010,16632,2254555,5353,6101,76859,83230,94601,98939",1751833609,2025-07-09 19:55:31.439331
4ea6d53a-13e5-41b1-8c07-aa5931941ffc,ac6a32aa-6024-4e6a-a3c0-4e8e4bbbf089,"2163535,2170464,91691",1752421024,2025-07-11 19:07:31.675911
4ebb7ad9-e791-43b7-9150-56c1e5d6d06d,22ab54f3-c64b-4ca7-9078-84142b232592,"37803,51931,58583,62782,65902,71995,93016,94631,94817,9672",1751940279,2025-07-09 20:37:31.608351
4ed2b63b-6cf2-4529-9a19-a94a86e5fa63,69bec297-6c7c-400c-8480-e9e22a5af93a,"103039,107344,11275,11632,1662,24259,30439,68761,84168,90544,94800,99216",1752291226,2025-07-10 18:58:31.529937
4edefc4a-3003-4cf4-8e58-e7bd66ff72f5,51ec2a4d-2ee5-4ed9-83dd-04fe7c682649,"142,2225,85163",1751386145,2025-07-09 21:01:31.521295
4eeb9747-56ff-4182-a857-cbdf16e15b1d,c07b8e28-505a-475c-9b2c-e271c80eed32,"102084,103192,104050,23425,28759,3131,58583,65902,72943,7509,93978,96083",1752183210,2025-07-09 19:22:31.604565
4ef3ec40-c89b-4083-aec8-baf5fb224a60,ab9450b4-4fdc-4ada-b5f6-37f441394940,"105723,107639,108135",1752043200,2025-07-09 19:07:31.585047
4f0a0d40-204c-4659-a04d-79964a8cfbae,2a23f539-897f-450f-bfca-c57977d13488,"2607,51931,89155",1752489937,2025-07-12 12:37:31.584738
4f4059db-98e5-4c7f-bb2b-bc63fb90ff59,ef641dca-2904-4367-b7ad-5e1f1196e904,"112,42294,58586,96248",1750378392,2025-07-09 21:34:31.499073
4f4c4ccd-dfe8-41f2-9db1-64265548a760,0d1eef68-ebb9-4402-80ab-951cdf428932,"10303,459",1751687401,2025-07-09 19:10:31.750627
4f4e9b56-5896-42b6-8c7c-b9549798a728,06f4c5ae-4a7a-4bcc-bb70-66e8a272cc3e,"104229,105882,10817,24702,30439,8451,97712",1752115525,2025-07-09 20:46:31.392832
4f81a536-e18a-4fa6-aef9-1a6340bac128,f7948148-67a0-4e67-85ac-7c4212a6c00b,"11275,1662,16951,2068210,2129418,2862287,2862288,2862289,54066,56209,6759,813,94800",1752200455,2025-07-09 20:46:31.392832
4f85f5cf-b3aa-4354-9935-549ed8c879cb,f28b7204-291c-41f2-833b-ecbed32ae26b,"102102,108237,14262,2256729,2437,2839448,40955,4250,45021,45259,5524,74910,77953,85259,94440,94631,95700,97782,99403",1751957885,2025-07-09 19:22:31.604565
4fb28c17-9d07-438f-9b41-7ba5d2b27a0a,979b8fdb-6877-49a8-b23a-b3966c7f42ee,"101323,13240,16773,17042,2144967,3229,35348,38441,48574,51261,53561,56285,56295,58583,64427,69106,80749,83129,86895,93978,94800,99216",1752409292,2025-07-12 12:43:31.31274
4fc5fd2f-baa7-4c7c-98f4-f2a5bd417177,244cf9a1-d53c-4dab-8f66-2a4ec1840388,2815829,1748058070,2025-07-09 21:22:31.50472
4fd0155c-278a-4d1f-addc-3d025fe7d9ed,3c2bf0a6-9e4a-4b0f-87e5-ca5a1f6c9627,"104876,16951,18283,295,54066,58586,7521,95409,96808",1751724326,2025-07-09 21:34:31.499073
4fe667cd-8668-41f9-9f12-34754e5a8688,a32bfbd6-b5af-4276-a522-c4821843ed2a,"24250,24702,2607,37612,38441,46269,58583,64427,69996,83129,85180,85189,90584,93005,94060,94062,94799,94800,95673,99216,99263,99344",1751924863,2025-07-09 20:37:31.608351
500249a6-1eac-4b69-9b8f-42c07eb7e92f,3ad566c2-9a30-4ad9-9d37-f796ab4aadc5,"107444,19329,25503,8707,89997,96024,96699",1750464595,2025-07-09 21:22:31.50472
503f44dc-8bdc-48ce-94f4-2deb28d7d3a8,7d8b8377-dabc-4d8b-b73c-900022bf0ef6,1662,1752281536,2025-07-10 19:01:31.560317
504622ec-5b79-4b1d-ae87-809112240983,626017ee-fb46-44ff-a1ec-0dd6c0e4815c,"106076,38441,4023,46269,51931,53561,56648,58583,69106,83129,96083,99216",1751646111,2025-07-09 19:10:31.750627
5052bb20-6fdf-48ce-998e-27ded5bf9b0f,a743fc11-d0d3-431e-b5eb-21de1b402dfb,107453,1752166730,2025-07-09 19:04:31.645408
5074e85d-a1ed-4bf1-809e-31de416295d5,598931d7-e19c-4a1b-9162-e191eedaa73f,"20044,2822631,2864154,78218,88121,92560,97514",1751664146,2025-07-09 19:10:31.750627
507b5ab8-de99-45f7-adb0-a6e0d17bcb02,b11e1241-e1ea-4ce3-acf2-7bcc6443c7a4,"81224,95680,96335,98712",1752322064,2025-07-11 19:07:31.675911
507f7bb9-55f8-4ffb-a092-c5625cdb752b,dd495296-75dd-4db5-b04c-a8ca781b5ad5,"102127,10638,108387,8420,87024,88509",1751390582,2025-07-09 21:01:31.521295
50810b69-e1a7-4882-839e-06a8bf4e2461,a420798c-d87f-4a14-8534-cf99282ef82b,"14492,2245397,22741,25860,66874,67370,94379",1747407056,2025-07-09 19:52:31.520152
5082dc45-538c-42b6-bf8d-e203990d4bd2,323c8d20-0bf4-4cdd-9292-022b5d52b343,"23425,53561,85163,96701",1751626214,2025-07-09 20:37:31.608351
5085ae1f-ecc8-4913-a260-28db7ed59c9e,2689bfd7-7fd2-4db8-b120-b6745285ca52,"101833,106550,107453,11653,41088,41097,96701",1734544680,2025-07-09 21:13:31.422326
5086f341-537e-4895-a5c7-307769e5e736,331c6ae2-827c-4b68-a35f-0c996ad7d803,"10790,10907,11786,4178,6753,95952,97270",1737837524,2025-07-09 20:16:31.381882
5087d55d-f91f-4108-8850-1e945c8d8793,4bd7aacd-b269-40b8-98b9-a9beb7877e1d,"102644,105555,15791,53561",1752197655,2025-07-09 19:34:31.343546
508f78f6-d12a-4fb9-bc9c-c9df4ffc9f8c,0305dd5f-4988-4e62-a1bc-a78349bbbe4f,"107241,108513,108560,108823,13237,2163591,28223,40301,4396,53636,58586,62662,90306,92549,94678,95918,9673,96972,9729,97304",1748235346,2025-07-09 21:16:31.455148
5090ddef-7602-4413-a697-bc53df6d73d4,bf1377bd-71d5-4da0-94f0-3e324d3485c6,"103939,106161,109285,24702,25615,30335,42294,84168,92283,95750,97304",1751991761,2025-07-09 18:55:31.759641
5096910d-91c6-4d3f-bd5f-3799492a3582,4fc39e58-c457-4842-a677-e22c0f921412,"102412,105905,17995,18065,27605,96083",1752435121,2025-07-12 12:40:31.55665
50977c17-e884-4488-b1d0-33d3fc89ec0a,ae543635-92de-436c-9f60-deb9b443ebb6,"101033,101095,102173,11792,2174725,23062,23793,30894,3229,39195,53561,58583,61602,62662,64427,74904,84781,85180,97304,99216",1751331004,2025-07-09 20:40:31.784592
509bcb77-ba1c-4aaa-ae1e-9bb4b6325f42,c4c40a6a-f046-4a1d-9d00-48b8b5785b19,"25124,83033,85783,99403",1751916294,2025-07-09 19:22:31.604565
50a2b7cc-1a65-46f1-8b55-921dc1451042,16a4e057-5e65-454d-a910-e029c854b331,"10421,106267,108802,11275,25652,2802,4738,53561,67736,72035,87626",1752262596,2025-07-09 19:58:31.343729
50b358a2-d353-4e86-b894-9f04241143ad,144d3029-56fd-45c0-aeae-8cda296d9fd1,"35071,46130,48574,85488,85608,87024,94800,94817",1747922065,2025-07-09 19:49:31.570096
50b80d80-4233-401c-a87b-cb7a86ab4e68,78949675-df52-4562-9b91-59de4862a8bd,"10790,20795,2206201,40501,81813",1752183148,2025-07-09 19:01:31.673767
50c357d6-9ed2-4c3d-a448-9989244a5a0e,47f7b694-b13b-4bad-9b05-7558bdcb1db4,"104780,108295,13082,21833,41051,42294,608,88728,96397,99263",1747415664,2025-07-09 19:46:31.620522
50c64a39-a788-4207-a974-a0fb6dd17aa4,a75ec67a-c02b-4190-9ba8-f790f288b164,"104312,104799,105810,109024,15716,21299,24092,2564,30308,40063,5883,5884,64427,71923,83113,83649,90542,93141,94799",1751576015,2025-07-09 20:58:31.613441
50d0d92e-74aa-41c3-9e50-0e53e7929c40,fe8b5837-8346-4144-a0d0-70cda4c37ed8,"100092,103990,105312,105414,106732,107995,108473,11275,14002,1662,1910,2071,37808,42294,50611,53542,54673,58583,58586,61602,65959,83732,85163,89842,95470,95750,97978",1751278036,2025-07-11 00:16:31.65555
50d2ad48-c336-489d-ad2e-0e31fcfa05e3,e6fa4056-d0f3-4c2e-85a3-10e0aa853346,"101796,103433,105583,108513,11632,25162,25206,30335,32336,40290,48574,48958,55493,57298,58583,59291,60286,67257,68177,79544,83378,85849,95689,96627,96656,96701",1751088575,2025-07-09 19:52:31.520152
50d86326-5684-4fee-9fa8-cce5e507d300,73b59c24-939a-4d3b-b9d2-60a7f6c9bfa6,"100954,105824,106395,106642,107203,12541,29843,67149,81649,96397,97092",1748437281,2025-07-09 20:43:31.463099
50e70fc6-c304-43f0-b77c-df1375dc783c,15ad39dc-a7e6-4599-b800-8523b80a6089,"2203356,2235473",1752223375,2025-07-09 18:52:31.536339
50e7e0ab-89dd-4f62-b984-959e9c8ab7b0,aaf0c786-131f-4ac4-b362-98d22cf157b7,"102107,106067,107344,107651,107756,109173,11254,20030,2030980,2208688,2208743,2218608,2226841,2229992,2230028,24070,2832284,36443,40213,6129,6201,6463,96083",1750790292,2025-07-09 21:19:31.485127
50f2bdb1-8d3f-4923-a4fa-eb0780134a6a,5754b412-7ba1-41f2-b733-6cf614218d00,"1303,2237180,32700,34202,64249,70579,79755,88240,92604",1752389931,2025-07-12 12:40:31.55665
50f75bcd-4b63-4989-9aff-27b904ed28fc,7e2ae0ce-82e0-4711-a91a-425e99d7dc23,"101325,24250,43144,50523,90584,93978,94601,96660,99263",1752010852,2025-07-09 19:22:31.604565
51018c39-fdc5-4676-9d99-06174a0e8a9e,4e1b1607-4198-4752-b501-974da650bb0c,"105626,107285,11632,2607,64427,75100",1751345617,2025-07-09 20:40:31.784592
5104e582-e741-4bcb-bb16-c58cdea850e5,bbb226d9-b210-4123-befe-11b12033eba4,"24070,54635,58583,77946,8906,97225",1751248705,2025-07-09 21:07:31.368637
511123db-31c9-416d-9758-4a0ee756133f,5db4e9c2-0ed2-4e02-a725-0289ff7acf7a,"106563,112,35446,37100,38441,38924,460,48517,58583,58658,6114,62662,67208,93978,94800,95272,95689,98610,99216,99248",1743118963,2025-07-09 21:49:31.460853
5116c842-e36e-4995-8d4e-56751ee643ef,a629d368-f1e9-4f53-b61a-8c07727d3d45,"10480,106369,109194,109353,14002,24584,27605,2802,33585,35731,52212,52753,58583,94377,95680,95750,96024,96083,99371",1750479796,2025-07-11 00:19:31.492721
5145ff7b-6e11-4241-898e-5a57235bd784,f9972236-2ca5-4a97-891c-c4f9c6344413,"106067,24584,38441,53561,61600,94800,96640,99263",1747622961,2025-07-09 20:25:31.345235
514627ec-e95b-41bd-94d0-5eae64991ec0,5746807d-ecb3-49ba-b80f-f9218b375805,"104617,10480,107102,107210,13240,46325,51931,58583,95750,96024",1750563996,2025-07-09 19:46:31.620522
51638c4a-42b0-431d-9220-508c4e25627d,198eb83e-91a5-4610-8af7-1d52d19f09c8,"101731,105856,106004,107279,12731,13833,17007,18102,19219,20796,24092,24702,25504,26741,28844,38441,39299,42,43779,46269,57130,5764,58583,62483,6329,64427,6674,67799,68177,72397,76228,76412,81402,84730,93985,94601,94631,94799,95622,97550,97711,98754,99132",1732378630,2025-07-09 21:49:31.460853
518848c2-5957-40b3-8e8d-2f09097e43e3,48131e50-11b0-4455-91eb-8e89c6c9cc91,"104203,104523,104543,106583,13082,13237,2802,3331,48574",1752275440,2025-07-11 00:19:31.492721
519253a6-b128-4cc1-b03c-37304df336c9,ffd0a44c-a899-4116-b718-d3eed2e89575,"108606,11524,11792,12010,13237,13240,58583,58586,80672,80749,94800,94904,96696",1752074161,2025-07-09 18:49:31.587698
519728f6-e559-4caf-bcd1-1235e38d1de7,6f5feae1-95b3-4f96-9ec4-69e227c2be72,"13255,24070,2839453,2839469,2839482,48574,7521,85180,86745,86829,91213",1751852119,2025-07-09 19:04:31.645408
51b51fd6-360c-4d1e-8b29-f98d1e1475f3,390811df-ee9a-4a8f-8acb-fffbc9a0d48c,"106278,106355,108288,109137,12992,2178394,2199492,2218068,2234628,24171,2810491,2810494,2824388,2830400,2838365,2839441,51299,8707,92271,92934,96083,98741",1752388390,2025-07-11 19:07:31.675911
51c6757c-53ee-413a-9488-28016e638b99,146ee56f-17f2-4dad-9c4a-86b2eabd262c,"105447,33577,5764,90584",1732041777,2025-07-09 19:52:31.520152
51d0a44f-738f-4dbe-813a-945aae00262d,c48cccc2-41f1-4190-bfe7-60180ac94ed3,"105917,1662,58658,96083,97481",1751130337,2025-07-09 20:01:31.36324
51d3dc8b-616d-473e-b5da-414495229b99,4377fb46-8cd3-4493-9b25-a04ff260474a,"2194012,2860076,2860160,2860178,2860180,2860198,2860287,58214",1752377159,2025-07-11 05:37:31.442568
5212b17b-fd15-4d4c-9b13-c35a044206b9,a150fd1b-8b9f-4cd2-a552-412e7866ea17,"105265,105684,31838,49176,49177,84168,87834,90542,98461",1751946797,2025-07-09 19:04:31.645408
522d2b35-7fa8-4d1a-8452-37a4631d6128,803db638-6038-429f-a4ec-e6d853f295bd,"14519,15989,16184",1752250221,2025-07-09 20:25:31.345235
523da0da-ceee-4664-a3e6-d06e67a5184c,06a9cb78-e1bb-4626-b311-d3e9ffdc42dd,"107711,26378,86466,94378,96802,98628",1748835852,2025-07-09 19:43:31.642855
524226e6-2c50-4df2-a5aa-afa4bf43b1f9,e7bd7efa-001b-49e4-8bd5-33fe77e563ff,"102211,10260,103121,103196,105018,106041,107345,2047814,24070,2837571,30626,4793,58583,6463,64693,68297,70163,72378,77885,824,89374",1750210173,2025-07-09 19:49:31.570096
52466ed7-7e85-4799-893d-e7bfa120e13c,bafb676a-85b2-4a1a-9539-d9d3228af34b,"10421,2129384,2243205,2837266",1752266191,2025-07-09 20:46:31.392832
524b1361-1e9a-417a-8403-9fe9ca0a670a,67cf4f5a-d638-4f00-8a5e-a34036166833,"107902,2068527,25004,40549,43177,48518,61600,62531,93985,95637,962",1752253386,2025-07-09 19:16:31.314342
5253a092-1251-45de-86eb-17114031f70e,7d336cd8-62be-414d-95ff-18feb9dc87b0,"105449,11632,25503,32281,42294,50523,56285,58583,62662,7880,80749,94799,99216",1752006777,2025-07-09 19:22:31.604565
525481f7-d053-4438-9be2-fead9eb05748,c35ba3cd-d508-4411-9dc7-24c99871bb10,"109087,1910,24070,42294,46269",1750419417,2025-07-09 20:34:31.516539
525ac8ed-8805-4ae5-9e7f-ff48cf1834cd,8bdeda88-628b-4de8-a68c-96dfb8df97d6,"11868,30840,50523,50530,79734",1732860665,2025-07-09 21:19:31.485127
526a1be7-322d-4fb4-b538-9f5f6364641f,f788b424-6102-4e5a-8103-b005165c83b8,"101730,102916,103378,103992,106746,13240,19231,22469,22484,3227,34337,3664,38330,3905,42699,46455,71296,83341,83702,87024,88531,94800",1751466875,2025-07-09 20:58:31.613441
526bb7e3-38b9-4b46-a16f-1280dd247e0d,96f03bf9-adb6-4afa-971a-21d2aed95ab9,"16124,48518,49004,50530,51263,54692,83378,93839,94443,96660,97304",1724943331,2025-07-09 20:34:31.516539
526dd7e6-4188-4ee3-93d7-73008c680f96,a5f87f0b-9d81-4328-95d1-f914621e98ea,"101095,104176,106812,10730,24092,38441,40213,58583,61602,824,93015,96083,96660",1751570345,2025-07-09 19:49:31.570096
52703e54-8d1b-4e0c-95c2-33b72a02575f,d120e5a5-9cac-4c96-b382-10641392fac0,"100049,100968,104850,67200,70833,71577,89484,93506,93600",1752367357,2025-07-11 05:37:31.442568
5274fe1a-6218-48f4-9158-884563af44bc,7193015b-2914-422f-b179-69942792c3e7,"100818,105944,12772,20762,25503,25514,34931,3569,38441,40336,51208,58563,64690,70952,79685,79686,94601,95670",1735262651,2025-07-09 21:34:31.499073
527675e2-5895-4eee-bfe6-1d6897ddd669,c6b49aad-6bdb-46e5-92b9-2634aae728b0,"106045,107860,24250,31060,62483,96625",1747459523,2025-07-09 19:46:31.620522
52869620-8eb2-464e-83c9-0011790b7ee4,11e1ef84-f9f0-464b-a8ee-895385d1af0a,"107902,28759,4498,67594,83811",1752321208,2025-07-11 19:07:31.675911
52a0edbb-d395-44d1-b089-3e23c669f238,fe36f30c-484a-4079-aa75-dc3cc69e2c17,"2009993,2025137",1741752060,2025-07-09 21:16:31.455148
52a3c2a7-622d-4080-a4c5-05fc7aeb7ed7,5bac50a2-c81e-4fce-8094-7e2d2ec55b49,"2048239,2048243,2065667,2839460,2839496",1751894600,2025-07-09 19:04:31.645408
52ab6b2c-bec6-433b-abcb-79d21be0fbc0,86674a3f-217b-4406-9279-a15931424d55,"100816,102173,105265,10638,107789,107803,17960,37100,7098,73910,79524,83696,87931,91511,96083,96696,97078",1752311818,2025-07-10 18:58:31.529937
52ac82cd-9a26-40e9-a350-e88ccf10d476,9a902240-8cce-4a7c-9d47-678864a498de,"2062267,48574,51208,51215,62662",1752210592,2025-07-09 19:04:31.645408
52b6cd39-29ad-4dd5-a14e-4ec1006aa76d,615bb424-2d0c-4975-89c9-3bae3ad1f105,"2253862,34588,37100,41097,48574,58586,62782,96083",1752106657,2025-07-09 18:49:31.587698
52c5f3d7-7692-4dfe-b1a5-5ba35b5f7417,db481204-7ede-49d4-8e3d-d6eef6eceddd,"10438,106076,11789,2158,23668,23848,26487,64690,80024,81224,82490,94800,95272,95834,96659",1744058353,2025-07-09 21:40:31.522517
52c794fe-8fa7-40f0-939b-e7da59c13d62,5bc4c501-f302-4912-a24d-5ea7a61d08d2,"107340,22069,79524",1751950473,2025-07-09 19:28:31.448042
52c82a6e-6efa-4687-93ee-65e1a379b453,6d57dc41-42c8-408d-bf5b-238260734747,"104100,104744,105846,2067944,2071302,2131940,45113,54066,61602,63940,68131,74787,75100,96248,97055",1725246872,2025-07-09 20:19:31.511716
52d65f61-82c1-462b-8966-37328e210c49,479fe7ea-5f00-4a51-80ea-72f4531b16d2,"101322,102524,105442,106045,108336,20795,37808,46269,48574,58583,77946,80749,82818,91788,97304",1747406349,2025-07-09 20:28:31.628044
533017e4-f36e-4450-aac1-4b1fc94caa67,2e417710-7ab4-4d99-81f1-7985ac5bb298,"105583,106024,107540,16767,2048243,25162,46269,48789,52157,85142,92306,93978,93985,94601,96656,97698",1739718658,2025-07-09 19:52:31.520152
533b9647-bf5b-4fa5-8ae2-47c5407eb323,f4a28a8d-78c7-452f-9c31-2d2cb1025fa3,"104176,109189,112,1254,25656,45782,53542,62531,87545,92283",1751023390,2025-07-09 21:04:31.429108
534e50cf-2e15-43bf-a1c3-7143583d8ea7,6f6a99a2-6d3c-4637-bf0b-a25451ff658e,"53561,80024,85188,94817,98747",1752382203,2025-07-11 05:37:31.442568
5356614f-93ca-4f82-ada1-e9774a4cbee1,f5e217f7-763e-4c68-bb6f-99c035b38719,"105459,13937,28805,86143",1745015239,2025-07-09 20:22:31.445516
535ec0a0-930e-47d1-8506-25d3dff88e06,99d88609-8907-4ab8-bb21-b4b3e0c11693,"107074,11633,32680,44933,58658,62662,96230,96603,97338,98557",1752243571,2025-07-09 19:04:31.645408
53622445-403d-4161-b73e-b2e18d0dc5b0,cc8359b6-86c3-421e-976f-dfcd06f4cb5a,"104176,105448,25615,25652,2874893,41097,68987,824,92312,94620",1751328581,2025-07-09 20:55:31.375308
5365a56b-6a55-4b33-ae46-e5fca69d9257,5aa4c27d-a35e-459a-9dd5-ee2fa3cb6a86,24259,1751233129,2025-07-11 19:10:31.371089
5365fda3-91cd-4531-93d8-5db685091b50,50f57f23-2c20-4bbc-9291-3dad8b9a1816,"10303,105785,14002,2253606,31090,45782,54107,68297,76859,80014,87333,98575",1750440326,2025-07-10 19:04:31.302353
53916b8b-a746-44a8-8c9a-39025d4ed0d4,8ed853b7-6348-4f52-9c19-d3fd9af59d59,"2027415,2028733,94379",1715931564,2025-07-09 19:55:31.439331
53b604c1-5b64-4c18-a67b-ba0a228102ee,a24a32d1-d803-4eee-b964-8c046e3dfd99,"100418,103384,104054,105665,105666,105938,106795,107060,107540,108142,108215,3229,3569,53636,58586,64249,85616,93978",1739829683,2025-07-09 21:28:31.336454
53cd8f63-4884-4176-9579-a10c74e1391c,a85619da-15bc-4a99-9c83-e03ca5f832a7,"2261545,24702,48574,69106,79524,94800,96802",1752218173,2025-07-09 19:04:31.645408
53d25172-fd5d-40df-b34a-104be25ea5fa,c798e488-0b5d-4870-a2f7-f5693b267da8,"101008,101033,101233,101935,10790,14522,17257,25503,40290,40444,42294,50523,65145,7542,92435,94601",1751772141,2025-07-09 19:10:31.750627
53dd81ee-92b9-429a-9aa1-eda0080b278a,6e151e5a-1e3f-4199-aa42-dfb547110c0b,"16103,31065,33322,62842,89482,9672",1742166262,2025-07-09 20:34:31.516539
53ed11f4-7892-49f4-9c0a-5b686d56493c,4f5c6d8a-f373-4e79-a99d-4e06eb1a15cc,"107076,11632,2607,3227,40499,64427,76859,92301,9672",1751601069,2025-07-09 19:10:31.750627
53f013c9-1831-463d-9ba8-edd4598d4fd1,1ec46cdc-c747-4fac-8d04-6858fd916a4a,"108363,2245404,2261545,2559,295,35348,36580,42704",1743990752,2025-07-09 21:40:31.522517
5403fcc4-c9cf-408c-b9c8-637280207d9f,c9f9aa25-c587-4b84-9e71-bda84172a7f3,"100025,7873,92920",1751759453,2025-07-11 05:40:31.338301
540d38e7-d188-44a4-b4a3-81b54359834c,87b1b4d0-13a9-4941-89fb-3bfe71c7e238,"77071,77885,80749,96024,96699",1750464897,2025-07-09 21:22:31.50472
54207241-1ba4-4d60-8ab9-fc0fd8588343,622110ab-4d47-47bc-a395-9e727f224e12,"31838,37262,94378,95750",1752191445,2025-07-09 20:46:31.392832
5421d1cd-fddf-407b-a8f4-a20f71d04f5b,947cae67-e589-4236-afca-7e25a1716014,"13215,2055327,33580,34405,99525",1752180358,2025-07-09 18:49:31.587698
544cd0fd-2175-4d84-9cce-0d607eab188e,71843614-bca8-4ce9-b7f9-7c79e4472487,"17257,38441,40503,41020,68297,71876,86316,96885,9819",1713495068,2025-07-09 21:43:31.40037
545302ed-45b9-4059-81d9-406340d85861,b3417da1-31b6-468f-8bf7-c9265666c99e,"2048279,2048818,2048827,2048828,2049367,2120794,2154383",1751785409,2025-07-09 19:25:31.714795
54714658-c250-497b-b9d0-976da13ec46d,706d197a-a413-45b7-962a-368e93a1aa78,"105119,107759,107760,108559,109476,109522,109909,109910,1662,22736,50679,84007",1751211468,2025-07-09 21:13:31.422326
547979e3-354c-4d98-8f7d-1edd16c63f43,0f27a8ab-f8df-488c-bf43-b2f8344d5b2b,"105926,106378,28844,95670,98357",1751084350,2025-07-09 21:22:31.50472
548eeaa3-17c3-4b37-bb68-16b310a33881,5fa90468-8d19-4e27-ac0e-1fc9a54aa2e7,"2834142,2834143,2836351,2836426,2836431,2853561,2859956,2880231",1752210624,2025-07-09 19:22:31.604565
549fd29c-f0ae-4c5c-a5d4-76f37196dcae,62565929-e765-4349-87f6-7cd8176a64ec,"107503,107650,107748,108340,20795,24324,61602,961,99263",1752465685,2025-07-12 12:37:31.584738
54b710d0-8589-472c-bb55-ee81232339ca,94cfd340-9829-4f86-9561-7845396cfd08,"101323,26487,26490,2840956,41089,48517,7521,93839,95799,99263",1752476067,2025-07-12 12:37:31.584738
54c17f63-2873-4685-bf93-2b14558384ad,b650d75b-8d84-4c13-9397-c0c303d77d8b,"1254,13237,25711,30255,31298,77783,93978,94097,95409,96660,98776",1752293526,2025-07-11 19:07:31.675911
54cbfa82-6f51-4a5d-b557-457f7ddebd96,30ec3296-dc7e-4c50-9d2a-19f67b6acac0,"100695,104338,105130,30335,34344,47111,73312,8641",1750480674,2025-07-11 00:16:31.65555
54d6f3d5-4884-4f77-9c36-0a97cd4a6fad,3154898a-d0ed-4381-8f9a-a0bc5befbe35,"107882,24621,35928,64249,88252",1751509337,2025-07-10 19:01:31.560317
54dc1ead-c664-4e31-b5bf-4c22af1a34cf,0f6a037c-e7ed-48e9-a92f-ec97fa0c184f,"105766,107155,10727,107540,11369,44282,94904",1742749548,2025-07-09 20:28:31.628044
54e049c5-657a-4929-9255-6e8b9bab3170,a55487da-0325-4cb6-b7ce-6f4e5138fb25,"105978,109146,11787,16157,24259,36313,37808,40504,43144,46269,47111,80749,94800",1751850303,2025-07-09 06:06:20.285942
54f6ad40-d559-4075-a2a4-cb97fa844043,c64afb09-368d-4cb0-b94d-551899f3dd54,"10303,104485,1910",1751235244,2025-07-09 21:01:31.521295
54fd2292-8752-4297-8894-eda32531a14b,b02effdb-8f05-4ba9-b865-2337dca913af,"101659,108735,11061,27895,76412,97217",1752065096,2025-07-09 06:03:20.402123
550d4ffd-5e2a-497a-865f-46abd9db950f,573794ea-0559-4d6d-a0dd-1e593e9bd7b9,"42,79880,84642,92312,93872,95947",1737952722,2025-07-09 21:34:31.499073
551102a8-a639-4acd-9bef-b29e4217edf0,3af34dc2-e3c6-46ea-bde7-b0e8a6944cf6,"102052,104615,108663,11632,11633,11795,12010,2014,2176646,2210844,2214693,26891,2812484,33585,40549,46269,47551,51931,53561,56285,68987,84942,92854,96405,96547,96660,97078,98501,99216",1751222179,2025-07-09 21:16:31.455148
5520d478-caea-41cc-9a21-13d274cc09d3,4f589f9b-e4b4-498c-9696-97918a8c6ca5,"104621,2049403,7521,77885,82490,91001,96083",1750712222,2025-07-09 21:22:31.50472
5562724c-8ae0-4275-b3af-8ff8c5e5654e,7eeae852-c699-4885-95cf-0802494d6014,"102937,15989,24425,42294,65747,93978,97092,99263",1752046495,2025-07-09 19:22:31.604565
556bfb87-1cbc-44f4-b547-16737d257263,707611cc-ac71-41fb-bee9-6cba63d6289d,"105886,19219,19221,65914,78866,87316,92972",1747047945,2025-07-09 19:49:31.570096
55760007-ac62-45c6-9e3c-b864608cbaa7,25e4aa2c-723e-46e3-be0c-3379127e2615,"101602,106486,107902,67594",1750827603,2025-07-11 00:16:31.65555
5577d89b-fca5-4bf7-a548-17865871ecad,8a4516d2-5162-4a30-af7f-aea9af98d57e,"100273,2052,2343,2607,50611,5883,61600,85783,94378,95933,97565",1751681545,2025-07-09 20:58:31.613441
559562b1-351f-4b0a-be4b-a3c94bef00fb,db21661a-b738-45cf-814c-e8ca93233b6e,"101292,108295,15791,2817712,39201,56285,58658,76859,97224,98700",1752161801,2025-07-09 18:58:31.654225
55c8212e-3273-43f0-b64b-d36bdbbef23a,269110b0-7fb0-47bf-ab54-fd05b3592fe9,"105626,107285,14001,19538,3991,62740,84087,95750,95933,99224,99371",1751762408,2025-07-09 19:40:31.494332
55c85167-2904-4954-93e2-ac4374e69aa5,4b38fcd2-1023-42a3-a74a-af688582179d,"24250,460,58586",1751591410,2025-07-09 20:58:31.613441
55d12091-5230-46ad-858e-cb15ac41a5bf,953d9548-27ea-40bf-ac4d-319d37b7449b,"104054,107902,2067971,95474",1749619634,2025-07-09 21:25:31.482511
55f34393-8338-4a69-a951-fe825b3d67c4,60b4521c-99e6-4ef9-9343-3c90db92b4b9,"2826758,46130,58583,8701,95670,96083",1751338019,2025-07-09 19:52:31.520152
55fa5ac9-e363-4eb9-870f-0831669047f1,96087d78-9ff2-4a48-ac5d-a935fe03b1df,"102491,102492,104484,104689,105760,106954,1412,2159235,23425,23699,24070,2839660,2855140,30439,35536,48291,64249,80024,92604,92611,93738,95673,9594",1752247859,2025-07-10 18:52:31.513517
5602921b-ca0c-4f4b-af57-85006c456cf6,7583ba7d-8f36-43bb-98f2-7aa1b0fe3fe9,"107304,41097,92301",1752431059,2025-07-11 19:04:31.380296
5632cd10-5863-4a1e-aad0-1d3e266c0338,36386a22-7df1-4517-96fe-ca34472d442b,"101160,102485,106732,107898,108764,1287,34636,42294,49705,5520,63395,68177,82818,94800",1751037842,2025-07-09 21:04:31.429108
563372a1-5ceb-49b3-a3c4-31ea466d18dd,23adb659-9b4d-4a4c-9d03-11e1a58f14e8,"106498,109428,15270,15839,17328,2116452,2165280,2245394,23793,2818477,2851758,30439,30505,44656,58658,6008,824,88463,97304",1749610276,2025-07-09 19:46:31.620522
56668ada-9e18-44ce-944c-b24b0a51cf26,d3faf088-9852-44f0-a7fc-3b54b2eb071b,"107285,1910,98143,99371",1751591053,2025-07-09 20:58:31.613441
56726207-e859-476b-a466-b860c535fe91,775a9912-dd85-43ff-b2e8-45532932c47b,"104099,19329,25503,30439,36978,53078,79524,94601,94631,96610,96953,97304",1752251746,2025-07-09 18:46:31.426409
5685223a-ced8-4269-8bcd-04252fa710d2,000fbb95-f46e-41d1-980f-d33c633f551f,"104100,63587,94227",1752028870,2025-07-09 19:31:31.303473
568ce91a-0c6d-4b4c-920b-dec041f2143a,619d9043-4190-4e85-8542-ea39ab3e21c2,"103381,108267,1910,2607,69106,89310,97978",1750529758,2025-07-11 00:16:31.65555
56a9857b-fc5a-4ce2-8fd6-91b69df14a45,2ec06c48-bdcd-4319-8b95-cd69c52e26d4,"10303,35071,86543,94817",1751029540,2025-07-09 21:22:31.50472
56ba67a1-fb23-451d-8d10-694ed079f22f,84d1e1c7-10fd-4691-a811-f341c004251e,"100102,11187,16041,2067736,2145167,2544,52394,52413,6071,70369,70952,82248,88728,94365",1751844334,2025-07-09 06:03:20.402123
56ecee9d-cd7a-4d6b-ae27-0e4591c05348,898100f9-8f4d-4120-859a-5bc0f42499bc,"100619,108737,109008,109009,109515",1752434991,2025-07-12 12:37:31.584738
56fc5ddf-35d9-4258-8e69-34a6de153d75,ffb11b32-5402-4721-8507-ada9f3f22ef3,"100039,104380,104480,105025,105555,108880,108881,108922,15791,24259,39201,52753,68177,84517,88531,90671,91701,94378",1751906417,2025-07-09 19:04:31.645408
5701c2a9-dfbd-4853-97a8-20bc263910a5,97ea8f9a-1a3f-4010-8d5e-2af0a025be0b,"103969,107449,41791,6357,81812",1748226630,2025-07-09 21:19:31.485127
5708836f-fda6-4caa-b399-5cd908123aae,6f11eee8-e9dd-4db9-a538-2be582b565f2,"101125,106513,15270,24070,41020,77946,81842,98141",1749997087,2025-07-11 00:19:31.492721
57160b55-a015-437a-9d3b-b1ee219ee457,c72a2134-cb52-45ad-aeb1-0f92a3de1adb,"104176,105843,2048240",1751593357,2025-07-09 06:06:20.285942
572ea986-a263-4b0a-931f-f2afae454dff,09bb8090-059f-4488-aac5-04f4e0be099e,"107375,108295,16772,2238508,46455,48574,51931,5369,84168,96547",1751860200,2025-07-09 19:10:31.750627
573c1e98-b8f9-4b9c-8413-60b392a1ab42,4583b489-fbd9-4c21-8eff-7cf68b657622,"15110,43575,54597,96513",1736038195,2025-07-09 21:22:31.50472
57444a20-dc31-4986-a2a4-6b79a0e08168,b1588229-d93e-4f6e-ba82-8b63d18c3bc6,"101659,105723,19329,2265508,24584,58658,82308,91548,97224",1752198814,2025-07-09 18:49:31.587698
574e2819-a597-4907-9672-1e903f063332,c16c56a7-73c4-48fc-8e54-9673e6d1cfa0,"101009,105207,105667,14850,1628,2031001,2044586,2048240,2067736,2084430,41023,61602,94800,961,97227",1712627553,2025-07-09 21:40:31.522517
5757a0f0-b619-47b0-b3cf-c4df57dbf6fc,5414115e-6aec-4f21-90df-c940b825b7fb,"2047817,2048239,2048243,2064251,2176646",1745350013,2025-07-09 20:01:31.36324
5781165e-70c1-4bff-94b7-4762275943d2,f3127683-1ead-4d35-b1f6-460bd4848810,"53561,94378",1751590431,2025-07-09 20:31:31.402227
57929693-bbef-4d34-baa1-92cecb0ce91e,e7444891-42bf-4477-ba03-840a93df3c7f,"106531,107739,107949,23793,38441,43144,53561,84087,91262,96372,96640,96701,9839",1752335152,2025-07-10 18:58:31.529937
57a1323e-83f1-4c60-9619-b5daf7c00320,7d4eb471-e50c-402e-9aab-e784fca63044,"101095,108972,64427,81224,90566",1751685345,2025-07-11 00:16:31.65555
57a72eec-17b5-4562-8cde-aa8ebb25fa60,e2338e67-f607-4156-a938-4ff442e2b89c,"100773,107744,108287,19221,2053376,2055050,2813504,5674,84942,86186,94599",1750047574,2025-07-09 19:55:31.439331
57c0e754-eb39-488a-b675-0103050420a6,b558fca3-5383-4a99-a696-1979bc3d1989,99216,1752158023,2025-07-09 19:04:31.645408
57c9567c-98ec-407c-904a-32f91d065eeb,96a12fc0-8662-4562-a22a-9b814c687bf2,"104310,105265,106370,106467,107711,107898,25652,31838,3227,53542,58658,83696,84087,89155,94769,95750,96225,97412",1751594314,2025-07-09 17:45:20.222232
5813c823-897b-4a8a-8200-3ddf57eab814,1be9e5f1-c3fc-45b1-a01c-1f11863db619,"107759,109473,2202489,2252564,42294,62662,94074,94769,97092,97338",1750128646,2025-07-09 19:46:31.620522
582f3c99-036e-4709-8b67-317743f84dd0,0ee56cb8-3f96-4ca9-bbc0-cb6e94085fa4,"102317,34337,85180,94776",1751504074,2025-07-09 20:55:31.375308
5867e7ee-fe6d-4c4b-b452-e1fc50f75780,34ad7f60-1097-4c20-934a-06711a72b46f,"104640,105422,105555,105823,105824,106730,106732,108439,108511,108512,108828,108880,109164,109166,109285,109565,82324,88994,92687",1752104958,2025-07-09 18:55:31.759641
586bcdf7-bdd3-49a4-89f8-caaa7d1d29f1,833981bf-71fc-479b-87f8-1b89c005ca21,"105114,10727,3229,55181,58583,58586,80252,95800,97066",1740193207,2025-07-09 20:31:31.402227
587766a0-12a1-41b6-8ab2-7d55113d4377,dc6ce216-9131-452d-85fa-8c43dd9f1414,10480,1751051901,2025-07-09 20:34:31.516539
587e6116-bfeb-440c-905b-144952d293ed,03e757d1-a0b9-4688-b7ce-61fee235d28c,"100683,108295,1248,1662,2089603,22740,28223,901,96083,97621,98075,98712",1752035981,2025-07-09 19:19:31.413237
58856add-2ac7-43b4-b4f9-aed335f06dd2,08ea75f3-19a8-4674-87ef-92cc357871a8,"2045623,2103152,41023,61600,88797,92547,96660",1747717750,2025-07-09 21:01:31.521295
5888ade9-ec53-4e27-bf03-b7f49dae216a,d74551d6-b500-4083-8d43-86d38d97f7ea,"106161,108259,2267218,25711,44619,59345,82008,89704,94776",1744341333,2025-07-09 19:55:31.439331
5899ac8b-988f-4759-8b9c-5a3a394d10b2,f173feea-5187-4de9-9650-1c9b29b6edc9,"104640,106015,107153,107923,107995,11517,3910,94631",1752380072,2025-07-11 05:37:31.442568
5899bad1-b7ed-49d8-b343-f9f585b3e885,0b85ef1f-ae48-4a9a-a4d5-4e0a197acc1f,"106398,106446,2852556,57297,67642",1752120123,2025-07-09 21:07:31.368637
58a5d458-ce4d-49cd-bb5f-52b4ae541d26,e69db91e-7a49-40c1-940c-26787f1e2671,"1662,16951,24171,93985",1752176009,2025-07-09 18:55:31.759641
58dea93f-7162-427a-9a3e-2be6b5e9d336,7c96fb43-5869-47ad-8122-fe714b3fd1fa,"25656,62662,66161",1752459892,2025-07-12 12:37:31.584738
58f2706d-af6a-4958-9cd1-eb2602a5f09e,06ced556-6ac3-4c26-b019-7d553af9e09b,"44897,92707,961,99171",1727032117,2025-07-09 20:31:31.402227
58fbcc90-6d00-4f9d-b425-37c4cd173731,53fc4d20-157d-4995-a801-e931076ffc81,"106045,107902",1752404590,2025-07-11 19:04:31.380296
59179a43-9fcb-4476-882f-1df38ba35284,cf5ccd0c-fef9-444a-977f-66b8034b2323,"16992,2164729,23145,98298",1748925391,2025-07-09 21:25:31.482511
59205629-2958-465c-ac4d-2830dea98cab,adf70fed-e51f-46ba-af6e-2b7dbb9d2396,"101048,106880,107006,107518,107670,12597,33029,33030,34503,36944,53599,85159,91511,95018",1734377057,2025-07-09 19:43:31.642855
592d3804-4a3c-4b67-9287-1f2ccc67bb61,214882d0-c250-472f-8aa4-0401925cf5bb,18051,1751215669,2025-07-09 21:01:31.521295
594193e8-dec0-4068-a638-afc9e5334e4a,e4e23210-2578-47f9-af70-02f675cba0e6,2260027,1751562797,2025-07-09 20:22:31.445516
594e5b55-ac90-4b30-bf6b-d8b94768053a,6985d2a7-3a9e-4122-b5c2-a4635e6b2d15,"2851762,2851763,55493,56846,61602,68987,94817",1752411705,2025-07-11 19:07:31.675911
595fe3df-7e20-4f38-ab22-88be4c63e166,ad1ea55e-7dd2-4567-88b3-27dc424fcdfc,"103024,108401,1662,28707,58583,6580,7542,80749,95583,95857,96547,97078",1751572909,2025-07-09 19:55:31.439331
596ee6d3-3e7a-44ee-92b7-1c86a4df6eef,785458c6-f5a8-4872-835d-91a8f1bfeeef,"104100,1704,2686,28995,38928,58576,77380,84781",1740158643,2025-07-09 20:34:31.516539
59855cce-e37c-44b5-b5ff-cfc48a7e9de3,12bedc12-29ec-4932-9ac1-c9e31bb1bb5e,"10303,103146,106355,11275,11990,25503,2607,34201,42294,48574,56285,58576,61602,93754,94599,96397,96701",1752035695,2025-07-09 19:04:31.645408
598e38f3-af17-4b70-b0dd-7b2b43d33662,ac171a35-67ad-4a89-8006-f0aca4533e12,"15684,2146099,2176646,25503,51931,94800",1736040524,2025-07-09 20:01:31.36324
599562e3-6f2b-4b5b-946a-e5d409aa4bc3,8c1d0918-0be1-4f15-b670-4e7697844bb5,"64249,95673",1751457878,2025-07-10 19:01:31.560317
599e9168-cbd3-4eee-9928-63c773f0e3da,02dfdbb9-43c1-4965-a6b8-479f033bf4d2,"102173,107285,30505,50523,94443,96225",1751640442,2025-07-09 20:37:31.608351
59cc606b-ca5e-41f6-af28-ec951f9bd56f,5e9071c1-9d0b-4660-9043-83d18f14cdab,16124,1752102845,2025-07-09 19:19:31.413237
59ce60aa-e42d-4952-97fe-0e636cf00d34,c8735d97-a62c-4990-9791-34e5071b6eb3,"103744,107748,25162,28223,38105,51931,56285,65742,68987,71125,99216,99344",1751812224,2025-07-09 19:04:31.645408
5a0684c7-dbc2-414e-831d-ea54ad2f9d7f,0c23bde7-2c87-4472-b1e4-7cd2747e1456,"101371,101897,103977,25652,28832,79786,86938,87603,90590,91711,97800,99216",1735403407,2025-07-09 19:40:31.494332
5a1d0da0-6074-4821-ac41-0d13ec79d95b,c0cf6862-382c-4312-9475-714b9a2723ec,"102396,105553,12397,159,17995,2089603,2219367,38441,71125,86543,96083,96729,9673,96953,97621,99224",1750654157,2025-07-09 21:19:31.485127
5a24b62e-8a1f-4e94-938c-c3ad4b1cad27,ba0383db-183b-49d6-82c9-f00e8edc4fcb,105626,1751255054,2025-07-09 19:28:31.448042
5a3fead3-252a-48ca-8f7b-0b3abf619794,f978337a-bde7-4c25-9f54-78f7a6c7cfcd,"10772,1910,53561,55493,57298,58586,88660,91262,96083,96802",1751774642,2025-07-09 18:55:31.759641
5a5bf79e-01fe-4d5c-8883-b16bf742d98c,90a5c1ee-3dc8-4efe-8aa3-d9957d576eef,"101095,104176,104485,107739,107989,109285,11632,11792,1910,24092,2855138,38441,42106,42294,53561,58583,64427,68177,83696,94800,96083,99216,99263",1751736812,2025-07-09 20:37:31.608351
5a686328-9587-4d74-a7b5-8a764e2a1293,aff18239-1a3e-4b3c-bfe8-da8dfc0caa2d,"105012,105626,2823241,58583,70583,73907,90584,91742,91743,9819",1751522826,2025-07-09 20:40:31.784592
5a7af6d5-e768-42e3-b96f-e43583c0f67e,b63761ea-e994-4f7b-81ac-e47e0fa94d4b,"102716,2155604,37100,47113,47114,62662,93754,96660",1751473648,2025-07-09 20:37:31.608351
5a7bea50-369c-4ba8-acc1-d8dddf145871,47d74554-524a-4465-9c32-cb895a009514,2845890,1752287310,2025-07-10 06:01:31.512189
5ab7ebd7-a87b-4ff3-b0e0-3ad38a3b6588,0bfdbe0e-f572-446c-902c-a551037653f5,"103378,107053,24250,34931,37808,58658,85175,94800,96225,97224,98625",1751646113,2025-07-09 20:58:31.613441
5ab88faa-d757-44e9-a288-00b52bfa6ae8,2f2b624b-2dd5-47fa-bfa4-7bb9bced0eca,"102968,104713,10931,110073,11917,19237,28505,3598,50679,53561,608,61602,62112,64427,70583,80142,85189,90584,93005,95673,95697,9594,98358",1751824193,2025-07-10 18:55:31.478294
5ad1e66e-18c5-405c-aca9-d41a180cc78f,9b80dab2-7bd0-4059-91cc-60e8e742b3fd,"102107,107074,35256,48466,55493,776,9254,98700",1752073047,2025-07-09 19:04:31.645408
5adcf5ba-8d66-4ca0-82c0-27723470a229,6a646fe4-8c7a-40c3-a8c2-e81bc7f38c41,"103097,24250,24702,28986,38080,55493,64427,80024,99344",1752099497,2025-07-10 19:01:31.560317
5af3a94d-6e44-403b-91bb-f8fe02cec317,90cb0364-9131-442e-b682-d0bf28709808,"105168,106732,159,2607,27605,30312,50523,55493,58563,85163,92614,96397",1750818642,2025-07-09 19:43:31.642855
5aff2c1b-1809-4dc6-b831-355650d217eb,3e6f8e42-7922-49d1-aa66-1a8e5c050c2f,"2201795,2227798,2227806,2227847,2236235,2256720,2257988,2823360,2824617,2844117,2844792,2845693,2852094,2859046,2864707,2864714,2874397,2874398,2874401,2878699",1752018695,2025-07-10 18:52:31.513517
5b02bdc4-8e7f-4c17-aa1d-cc6149abda77,c94754c3-bb7b-45ee-a549-ff8debee26bb,"100816,104640,11792,26487,86118,93754,96142",1751990033,2025-07-09 19:07:31.585047
5b09961c-aa83-4132-9705-74967745b863,06972363-d83c-45d6-ad77-d7f01c6f7cc3,"102524,10638,108295,11275,11520,11633,15791,18283,23425,2607,26891,30439,42294,48574,50378,53561,58583,91262,91788,92411,94601,96083,96699,96709,9672,96802,97224,97479,99216",1751987544,2025-07-09 19:31:31.303473
5b1d5376-a346-49a6-806b-16a32a66be36,1de6684f-dc05-4b02-8ab3-5532f7df9c8b,82042,1752048267,2025-07-09 20:37:31.608351
5b3534e2-a566-4dd7-98a2-60350629758e,f443a60b-e77d-4879-8f66-9571c93934f0,"102173,103381,105740,107475,108103,108778,109641,11527,15791,1910,25652,3584,37808,53561,58658,83471,83696,96547",1751431708,2025-07-09 20:58:31.613441
5b3a6917-30bf-41ee-aa99-95e01bdb2667,0dc2e73a-cb51-4abc-b3f0-b061a022b860,"87931,96083",1751759357,2025-07-09 19:10:31.750627
5b3dd175-ab60-4b99-b414-26f1eafd9d74,014593e8-c538-44de-90f0-9cd1582e088e,"105605,107698,108295,2230426,23591,96083,96802,97224",1752388507,2025-07-11 19:07:31.675911
5b654c60-b051-4411-86a9-0a3843c1da1e,ce3f5e6a-f57e-470e-b7a8-131fff9aee35,"102172,105017,105438,105447,105448,105451,1063,108301,11520,12010,15791,2253598,25860,37808,53561,55493,56285,58563,58576,58583,58586,58658,61602,64427,65145,73907,77946,79742,85180,90991,9129,94833,96083,96953,96973,97553",1752204285,2025-07-10 19:01:31.560317
5b92581d-f151-48ba-a802-f737701a7482,6a18444a-a7c1-494e-881b-c729cac27d58,"108000,2157794,2159077,2177751,74888,99345",1746993989,2025-07-09 21:16:31.455148
5b937c9d-beca-40da-a988-81c081da590e,4229b2fc-5009-4da7-a570-9fac36a1e7a5,"102200,15360,2134354,2607,26741,2855352,5376,58576,58583,62570,68177,68219",1751053819,2025-07-09 20:40:31.784592
5c05e970-76b6-4da2-8974-df3b4b679431,2944f8a8-7bd2-486d-af4b-a7555b1a3920,"18065,19221,2048635,2063120,65902,70806,84942",1725518868,2025-07-09 19:55:31.439331
5c128869-16a0-4644-a2cf-a3abeeadfec9,b97d3b20-367a-4ff2-b73b-ef828f19da20,"10480,105363,107211,107301,108295,19221,19329,2048239,2067925,2190203,24070,2607,2839453,2839461,2860180,2864962,42294,46130,48574,68227,7259,76859,80749,94800,94817,96397,99216",1752363394,2025-07-11 05:37:31.442568
5c176b1d-4fed-441c-9c1f-9473f9fe6d3a,91f34bc4-8d61-4ef5-a3af-7bec2e2b6379,"15791,2222332,80749,96701",1752123788,2025-07-09 18:46:31.426409
5c1f9155-7387-418b-928c-1384648d37d8,0b36d5c5-43fa-43ce-8360-3ce1fdf52eb1,"12570,93978,95730,97078",1751806793,2025-07-09 19:07:31.585047
5c3f2545-7880-4813-8b5f-eccf0d008365,dd84214f-f544-45d1-a36a-4cc836a77341,"105363,11632,19329,24070,2607,51931,59291,64427,7259,76859,80749,94227,94800,94817",1752176155,2025-07-09 18:46:31.426409
5c53b41d-2b84-42df-b452-9030dfd1d7ef,2d8e507a-f53c-40bf-9fec-5149159822af,104485,1751773176,2025-07-11 00:16:31.65555
5cab04d8-6aef-43b2-b7b4-065968ab6ad2,5c1c2eac-4d8f-4554-ab8e-5e047332d075,"13082,25286,2544,25711,33577,58583,61602,62744,79742,93868,93871,93872,97147,9850",1749959698,2025-07-09 19:52:31.520152
5cbdb726-8974-4621-bffd-6783f48db1c3,0792c522-0ecd-443d-822f-1c9dc5266e73,"101080,105943,19180,35256,4499,58583,88753",1752105464,2025-07-09 18:49:31.587698
5cc366d1-368f-4c0e-b592-2d6924209326,62b0a8cf-0172-44d1-9abe-4ccc315ac93e,"11724,2161158,22408,64249,824,90584,91191,92854,93978",1751821861,2025-07-10 18:55:31.478294
5cc7ed5a-3411-4109-9646-e529bd81bec7,b3b923b2-65c4-4bac-8e6e-bd9095de882b,"107393,19220,31444,34344,52394,92962,92972,93985",1748066249,2025-07-09 19:49:31.570096
5cfa0c76-edb1-4098-906d-327f99f15b11,d3a56979-a5e3-4635-90b7-598341401e2c,"104743,106076,14272,24240,58221,61602,64586,94589,94800,95118,95272",1741231450,2025-07-09 20:28:31.628044
5d05a9a7-27e7-490d-9bc8-44e00c264892,a5222f87-8716-44d9-8afe-90acfeb4793c,"12012,14994,2163919,26637,58583,96656,9819,9850",1724120130,2025-07-09 20:28:31.628044
5d0b3976-5d0d-47f9-873d-868d8d4e624b,c7d02a33-93d4-4acf-9ac4-c13747e1842f,"2208125,29351,31533,90586,98710,98768",1741736186,2025-07-09 20:46:31.392832
5d173dd9-a675-4941-87c6-6eaf7ecbb38a,1e1f5738-171c-4469-8f61-a84ca2e5458b,"100007,2247652,4623,64249,70279,72035",1751660035,2025-07-10 19:01:31.560317
5d229192-d938-45fb-a0e2-11ee2e00f331,0e19c918-c578-49c8-9507-ba82e27f7d14,"25503,88728,94599,94769,95062,97338,99133,99224",1752471155,2025-07-12 12:37:31.584738
5d40ffdc-18b7-4d19-8b43-696629c0cef0,dbf9851c-c998-463a-8c48-db2f45b51baf,"2607,38441,50614,70806,96098,99216",1751761482,2025-07-09 20:52:31.34132
5d48c849-ea7e-4c54-af27-0471015faff7,f8f79b0f-5604-49b1-b9ea-60640f02e6e6,"104357,24702,2812484,38441,51272,70392,72397",1752345765,2025-07-10 18:52:31.513517
5d494e14-3436-4a28-b83c-c7103c92c8d0,0658a991-9ffd-4aa0-bf3e-1ed9464317e3,"100001,104666,106222,106623,10897,140,16124,2125810,24562,26487,35887,37076,54062,58583,65228,86635,89482,97078,9819,98636,99216",1722900956,2025-07-09 20:34:31.516539
5d4d8afe-a7e7-4be1-b291-edd797dfedd3,549f1c46-076d-4704-8ddd-cab87ac35cce,"10022,107316,1244,14479,14649,19237,2607,29192,29954,3329,39470,4701,48517,58586,59115,73907,94800,94889,97092,99216",1739873326,2025-07-09 20:19:31.511716
5d5045ac-e49a-4cd7-a0b2-bea9798e4227,e911cd37-338d-449a-9602-e91fc7a8ca31,"2251842,38441,459,46130,65902,96357",1752019540,2025-07-09 19:07:31.585047
5d5c0239-70c0-45d9-8686-8966fbb3364f,1ce1f153-7bf5-46bc-b0ac-49ab559d5baa,"105843,11520,12397,23425,24259,25162,25171,25503,37262,41089,58576,61602,61624,62662,68987,79521,88674,93978,94817,9672,98555,98576,99090",1751880304,2025-07-09 19:22:31.604565
5d79caba-73b8-404f-91eb-c4d0846bfb75,eab98576-89c7-4b69-a7f4-f41bafb3e632,"100102,101731,2065,26650,36978,5403,77825,77885,7828,96660,96953,97304,99171",1751047630,2025-07-09 20:34:31.516539
5da62127-252a-4d1e-94cc-0997751993e2,4085a81b-adca-4ecf-bfda-180575a20d6a,"30314,83732,85115",1752243194,2025-07-09 18:49:31.587698
5dd1d4d2-cc5d-4deb-94b0-0c779ecbab2c,3a65dcae-fd67-4fe8-9349-0dd119e2e90f,"106076,48574,49004,58576,65742,66874,71406,96083,96446,97224",1752384769,2025-07-11 19:07:31.675911
5dfe4a41-1025-4ee8-b5ff-46df02d6be72,7b604090-4067-4580-96e7-236362289ad6,"105761,2029231,2086592,2094884,2142788,2164733,2228245",1736368061,2025-07-09 20:28:31.628044
5e16899e-5d48-4384-b019-5f805bff292a,2907d78d-9ffb-4907-93bf-bba56ef70d9a,"107739,11786,16124,23425,25652,38441,48574,50539,56285,58583,58586,64427,7521,8908,94776,94800,94894,97304,99248",1751571906,2025-07-09 06:09:20.135845
5e20ea93-e825-4662-a249-eb1c41c7b93b,2f476f23-69a5-4117-a5b3-30afa129e0e9,2119794,1728558422,2025-07-09 19:55:31.439331
5e2cafcf-1409-4645-abbb-63f9a635779f,872c4198-df19-4ea6-a519-8f3c9648e7b8,"101957,104980,13083,17914,3165,38441,46269,88660,94206",1741464906,2025-07-09 21:28:31.336454
5e3d06ff-506b-4507-9177-45b4a6fb4fba,6935ef26-6b42-4cb9-b861-429ded9a51ca,7521,1752114159,2025-07-09 18:46:31.426409
5e5532f6-16ed-489e-803c-ab475973057c,0f754d8b-9f17-47a2-83bf-b79ef337769e,81224,1752449114,2025-07-12 12:37:31.584738
5e5b5146-a8b9-423c-9229-7174fbca3205,c9ef988b-1091-4288-ac1b-2694b4df90bd,"102903,103988,105908,2057452,28505,3229,98461",1714886922,2025-07-09 21:37:31.433645
5e71349e-f2e6-4e2c-9dce-d9d4bfc16af1,7af356b3-7136-446a-a162-a1923f5590da,"1662,37808,40504,48574,58583,58586,77946,88463,96083",1752435071,2025-07-12 12:37:31.584738
5e7fd60e-67a8-4b25-9327-9e61f24e8a9a,26df1a06-c8ea-4a04-8595-750979c9dac7,"18283,1910,22793,67028,96083",1751675771,2025-07-09 18:52:31.536339
5e860739-ef6a-4792-92ab-f223ce07e99c,84d2973b-d39a-4fbd-bcc8-e2a73d08c195,"103381,103444,1063,106732,19180,25656,43137,46130,5127,58586,60110,80322,96513,96802",1750911801,2025-07-11 00:16:31.65555
5e8aecdd-2757-4096-aa5d-6a074d80143b,82b25c2b-de4d-46e7-a226-ddacd9ee63d4,"100695,102943,10421,104380,105422,106292,109929,15403,34344,3562,37808,460,49705,83341,92326,97224",1751838081,2025-07-09 20:58:31.613441
5e91ec5c-c3c8-4b38-8a56-fd5bff2b8784,a018bb08-f9e4-41e7-84a1-a124eec88527,"103324,106240,15359,24250,24702,2551,29425,39299,64427,66012,73907,91191,93978,97006",1751822949,2025-07-10 18:55:31.478294
5e943d70-a40e-4956-a36c-7bddddd7d037,c5c68621-775a-4678-bc77-be8d1d970d9e,"107758,11083,11275,159,3076,50523",1751036663,2025-07-09 20:28:31.628044
5ebb438f-ae3c-4f3c-aa2e-76e376ceafca,296af480-3706-4a74-ae36-3f7919f88fe5,"106009,160,162,17059,2142231,2155249,36495,37132,45435,46130,62662,66116,79334,92301,93774,94599,94601,95669,97092",1752011690,2025-07-09 20:37:31.608351
5ece8381-9a05-4f59-bcbe-c4946b54efcc,fb8fa3d8-98b0-42dd-b217-cd5257099d20,"42294,77107,84087,87545,92606",1750467796,2025-07-09 19:43:31.642855
5edb7e5a-dbc9-446a-957c-f1a2d4f0e252,6e3832a5-c6aa-40e8-87e0-b4985287d392,"3664,39202,84942,85163",1751658326,2025-07-09 20:58:31.613441
5ef432fc-2009-49b0-95c1-dde921cc539b,0c428295-119a-4cf3-b9c7-dd15d68e282f,"10349,104019,105723,14987,15358,16612,2158,2478,25503,2607,26741,30439,41088,46130,53561,69106,80024,86543,91756,94097,97550,98298,98741,99216",1752325319,2025-07-10 18:52:31.513517
5f011cd7-98eb-4d60-b606-029dbf868396,a8f2271d-369b-4bd7-83e4-6eaf24ddf22c,"2191112,2191162,2191164,2238345,2238756,2245299,2245301,2818489,2846029",1752186039,2025-07-09 19:10:31.750627
5f135eb5-ca8e-42eb-94c6-3aeb20c9a58c,dce53a4d-f3fd-4833-ac72-fae83c31cd33,1662,1751255516,2025-07-09 18:58:31.654225
5f1bcebe-0ae8-4ea7-abd6-d2bbcd41a79c,2a7aa1a4-0c94-4b85-bc52-e5ab3eb48de2,"105017,105018,106041,107955,108382,11633,15791,2607,42294,43324,53078,70395,7521,80749,89827,97304,98628",1751896949,2025-07-09 19:07:31.585047
5f322d11-efe7-441e-8efb-1992cfc0f6ee,90c17d73-99f8-43a0-9d86-097c1935eca6,"104485,105744,10791,107989,108210,108277,109120,110098,20030,23425,25615,85163,91496",1751171908,2025-07-09 21:04:31.429108
5f4994a9-bd68-4fd4-9232-2e11202b6350,7e7f8d91-ad2b-405b-b165-33d35d44535e,"103872,106551,11261,11275,36793,40290,46269,5376,54599,58583,80150,88674,96920,97217",1752009670,2025-07-09 06:03:20.402123
5f5415c3-7693-475f-8c33-15fbdfe36808,7678aa95-a567-4316-8a72-5d02730ba0db,"18051,72397",1727745317,2025-07-09 20:19:31.511716
5f63ee09-9d02-457e-84b5-bc478a0b1602,1e56dd0d-0043-4c21-9851-740516c487ac,"46269,48517,64427,94599,99263",1751890832,2025-07-09 19:07:31.585047
5f73a4f1-58bd-4429-a60a-cd263958bc3e,4c086a33-9ea2-4eae-9086-00c457ea0a41,"460,9672",1713141248,2025-07-09 21:52:31.305656
5f73cc7e-cb92-422b-87fe-894e2b5ba93b,812daa8e-45ad-498f-b0bc-af57ef37bff8,"102182,107191,107867,108891,82773",1748587008,2025-07-09 20:31:31.402227
5f7594b0-64cd-49d2-9ac3-a04c0cdce096,0e4223b1-a2ec-4e33-8823-d64d79e05a3f,96707,1751583674,2025-07-09 21:01:31.521295
5f7e5874-62cc-4d2f-a4b8-ebc1b03e2015,2a589de1-5c71-4864-9477-4dcbed8a658b,"101130,105469,107474,108074,108175,14897,2065661,26891,8558,86325,93061,97596,99344",1737520338,2025-07-09 21:37:31.433645
5f80110d-fa52-45d7-a4cd-650a65692bb4,9137309b-0a10-4f22-87c1-929c5163771a,"101810,106681,108000,108508,108578,11632,25004,27235,2792,2843,2986,43971,53561,58658,62483,6753,90584,91308,91562,94060,94800,96225",1744264623,2025-07-09 20:16:31.381882
5f99cd8f-1b13-4f7a-bec0-83a106a54301,aa562342-659f-4b50-8cff-70a5e112964d,"106499,24070,30551,61512,94800",1752339426,2025-07-11 05:40:31.338301
5fa5a4b8-645b-42e3-b463-b93845191638,7e2acfbe-5e86-4ab1-b8cb-5ed23e18c345,"106486,108766,10917,38441,4701",1751217104,2025-07-09 19:04:31.645408
5fb23cea-d70d-4309-8bb3-0d1e4ba4dd88,919ed4cf-8a64-4b97-ad7b-bdb8c214ea5c,"105684,107898,1662,25652,27605,42294,46269,47319,60612,6463,90542,94800,96707,97788",1751584302,2025-07-11 00:16:31.65555
5fcde009-82e9-47f5-9e0f-cbd7a8a006eb,a5c5f462-7a07-48c2-b3f5-600286f3a1e9,"105115,108538,14522,2251395,24702,30459,30505,44933,50395,5883,6546,96083,96659,97711",1751918167,2025-07-09 19:28:31.448042
5fe7cbb6-766a-4c40-a6ca-a0b920285e7d,d1e23292-5147-4d2a-aa4e-548736e43ac2,"104523,104644,104876,105119,106398,10791,24092,38441,48722,56285,64427,73838,94648",1751254690,2025-07-10 19:01:31.560317
602df646-5ea2-419b-8241-551d5d83fa61,fbd17d0b-5f1e-4c70-9531-e469be6d4a29,"101095,73907,94799,94817",1751677192,2025-07-09 06:06:20.285942
6053496d-c4d5-44b7-a409-755460ce50fa,d82c9ca7-374d-44bd-930a-70db011242cc,"107210,85163,94378",1748814499,2025-07-09 19:46:31.620522
6058a293-f202-4aaa-8db4-6517a54e2a68,5e89245e-9f5d-4b25-bfeb-29aa2983df0c,"10028,10057,102494,102762,104267,106859,106990,106991,107278,10817,109137,109475,13137,18176,22290,22291,27605,35348,40709,43452,43453,48574,50378,6101,65677,68219,73312,87931,92920,93672,95622,95623,95700,98670",1750963768,2025-07-09 19:01:31.673767
607ac0e9-e718-445b-8fe2-b810658fd42b,3a1e6c3e-7aa1-4b37-a42a-629412b564f7,"2260014,244,29192,6357,65742,7880,88721,97300",1750005817,2025-07-09 19:49:31.570096
609f1f82-df38-4854-889e-bb82fae46cbe,526c4567-65d5-4113-89b1-621ef61cf685,"103108,14390,38441,463,51931,65742,83696,94833",1748224782,2025-07-09 20:22:31.445516
60b49a75-d9a3-4e65-b66c-00e5bfe600cb,bb04b056-f8b7-408e-8ac1-3193be49b924,"27692,40504,46130,50523,5353,53561,58576,58658,68297,73907,75100,92219,94800,96001,96249,99321",1750947398,2025-07-09 19:04:31.645408
60cf65bd-c452-4d5b-9303-98445a318158,0a8704df-7c09-42c4-b027-e0dd1808b3e9,"10349,10421,104779,105723,107341,107753,108289,1623,2158,2245754,30255,37447,46889,5123,52826,69106,6972,82008,83258,85527,88704,94800,97304,98741",1752287015,2025-07-10 06:01:31.512189
60ffe5b0-a0f9-428d-926f-f23b099e09d7,f86620c9-a956-49b0-8c7f-3a74dfdf15e1,"2057452,58586,68219,86466",1746935929,2025-07-09 21:34:31.499073
610d5a30-d35c-4286-b76f-4b4460e58ec8,b804b3e5-f48d-4cd6-ab72-6dd31c167ef3,"104673,106413,107614,84912,87828,94025,97553,99330,9984",1745693226,2025-07-09 20:19:31.511716
610f54d9-b82f-4cc7-a161-d12ccb2bfadd,c23ed5ad-8a28-43c4-bdba-af289fe4e5a2,"24259,27483,65959,85180,9672",1751307186,2025-07-09 21:01:31.521295
6110c99a-723a-4a71-9236-9a4adaf713b3,b106f843-97d9-4151-a05f-fcdab7b1362e,"10638,108301,10907,11880,13765,17995,20538,42357,5220,52394,53561,58583,73838,73907,77946,84248,93015,94379,94440,94631,96083,96446,96953,97217,97550",1752267080,2025-07-09 21:07:31.368637
6118031b-7b6a-4d1a-bcd6-4c65ed1f8e85,6489cb49-4bc6-4225-91f9-5f2522fddfc7,"14293,29428,36485,4369,61600,62782,75100,77946,95272,96699,97412,98636",1751737116,2025-07-09 19:22:31.604565
612426df-fc8d-4b69-9b24-502b51bd2530,f0b1cba2-0e70-4eb1-97e3-3b6906c231a8,"101927,104480,109245,37751,85118,96707",1751559751,2025-07-09 20:40:31.784592
613072d1-0644-4cea-908a-dca16350de7c,04a361b2-5309-4854-8bd0-a8cc1b2ca272,"103381,1060,106720,108020,108386,108721,14002,25656,58586,68297,72397,96689",1750817902,2025-07-11 00:16:31.65555
613862b0-1cd6-47b6-8688-b58b7eabe287,17126b93-d25a-45c1-904c-c143bd97ea66,"100354,100816,101730,102908,10329,103744,104616,104641,106601,108075,14293,16213,50523,50539,52394,58583,58586,87218,90667,91629,97284,98105",1751741741,2025-07-09 19:10:31.750627
61413882-d1fd-4af7-935e-ec61b0e5e73d,263e68a9-1534-42c1-92ae-4750b719c776,"46130,52394,58576,79524,82309",1752279646,2025-07-10 06:01:31.512189
6146bd40-e8e7-42b4-b84a-10bd03ebf34d,d89e9ca6-3bbe-4965-94a3-cedb2ebd8f7c,"100082,103065,108554,11633,14002,16937,20795,25652,28986,31847,38441,41097,4499,51318,58576,58583,61602,62662,65902,73907,86073,86543,90611,93005,93015,93985,94648,97304,99216",1752058991,2025-07-09 18:55:31.759641
6150f81a-cdcb-4e24-b29a-bbebde1477de,afd2d283-c130-4d88-9762-8474e21d151a,"105657,107740,107751,107753,109229,109481,35348,41020,52753,58583,93663,94066,99216",1749115202,2025-07-09 19:46:31.620522
615fc27a-7bb1-4754-936e-8a81cadc84f8,818f031b-5347-46d9-8e08-897504e6185e,"100152,106246,11632,15519,16759,17915,2048240,2059404,2116227,2176646,2190204,22109,2226079,23425,25171,2833359,2839482,53561,64249,64427,92322,94601,96627",1752370806,2025-07-11 05:40:31.338301
617046bc-0a14-43ce-9298-b9e58deb372c,b1c6988a-1074-43fd-acda-a890b11a5624,"105448,108287,53089,65903,92549,94025,95097,96397,9672,97790,98105,98610,98736",1749875929,2025-07-12 12:40:31.55665
617a3f2b-e7de-417a-a734-0d4bc84001b6,0761f140-d41a-485d-ada9-15fd661949ff,"109285,1910",1752461834,2025-07-12 12:37:31.584738
617f6c7b-a322-4d1c-bac6-20675cf56e6f,86dcb280-2f2a-4d5a-a787-eed8a4a4fc6b,"48517,50523,86543,97284",1751503427,2025-07-09 20:01:31.36324
61a9783e-68e0-4f8c-ac63-0a96207aeacd,e4ac5651-3f54-4d98-b2c3-116fe7441b82,30439,1752256730,2025-07-09 18:46:31.426409
61b4b993-7341-4d49-a48f-999227fabb37,40aae9cb-742d-42f1-b410-2409ba16d3cb,"107626,15352,2025755,24584,37296,38441,94800",1752286348,2025-07-10 06:01:31.512189
61c05248-582f-4f20-93d7-212349a8681c,49347bee-65cf-4ff9-840b-d7918bfb224e,"100611,10730,11632,11786,19329,23425,23793,23873,24250,2607,26891,34596,42294,44530,45782,53561,53565,56648,58563,58576,58583,61602,6352,67208,71936,72242,73907,74354,77946,781,80741,9129,94769,94776,94800,95272,96024,96397,9644,97790,98358,99344",1751333472,2025-07-09 21:22:31.50472
61dfa0b5-f543-4263-92b8-cd290ed48f86,1ac0b73b-a91e-40cf-bfba-7c20f488e919,"28707,87931",1752143958,2025-07-09 06:03:20.402123
61e4b82a-79b5-43f2-9902-3355cf6448ac,70c22518-145f-41a6-b9df-5566b2f18276,"106076,11786,27730,5472,70855,85180,88892",1751147669,2025-07-09 19:25:31.714795
61ee0855-90bb-4bd1-b6ce-b7ce408655a4,6de31133-c87f-49b7-953c-35642f42f032,"105422,108295,108337,52394,61602,83129,96083",1752011645,2025-07-09 19:19:31.413237
61ef719f-d82a-469e-9fff-bde6623a8e33,4fb79bfb-d43c-43c2-9e48-19d43deb9180,"105626,106746,17915,18165,61602,6470,73907,77112,88728,91212,94060,94631,95371",1751085576,2025-07-09 19:01:31.673767
61f9bd6e-9870-4e70-94be-d67699f69e7d,97367685-4d20-4424-bf20-22177814b6fb,"10303,10329,1662,25503,37132,58131,58576,58654,5883,75100,84942,88463,92169,93978,94378,96699,9672",1752044712,2025-07-09 19:04:31.645408
61fddbb3-590b-4081-b327-49e2bc132f99,37716164-f128-4382-876e-e2556f7eb906,"104352,108235,109580,11504,11792,18913,2792,37808,38441,42,43144,43779,44552,45782,49181,58583,608,76470,78866,99593",1752284371,2025-07-10 18:58:31.529937
62014dad-9b71-41c9-9e1e-23752967ec0d,c311fc57-a867-456b-8428-2acf860af392,"24070,81402",1752121926,2025-07-09 18:55:31.759641
621059c7-44d4-4544-9a30-a3b67905f7b6,57fe0f56-0312-4f96-92ba-9ed96ffc5280,"100764,101393,105407,106241,106750,12010,17060,2086595,2189197,2190531,21929,23966,52753,53561,5376,61600,79654,81813,85195,85783,86070,86634,89482,91212,94800,95680,95918,96405,97078,97092",1752338905,2025-07-10 18:58:31.529937
6236df46-e9d6-4e52-bb89-7f9f44f34d73,6f96a726-2685-4140-9092-64d4e3b18d86,"102922,105447,88093,99232",1752368581,2025-07-11 19:07:31.675911
623aa00d-fad0-4ce0-8ea9-1125bdde1db9,02c2763d-4bb9-4572-8020-e79899f0dcfb,"102173,10638,33585,83696,93839",1752421453,2025-07-11 19:07:31.675911
6242d543-7a53-4142-9abf-9035b6e657ad,b0b1f45d-a1e1-438c-9c1b-5d6cb6ca563e,"102084,102547,25286,3865,42294,4588,58576,66133,81318",1721183229,2025-07-09 21:40:31.522517
624441f7-3354-4a47-963d-4c337c8913ca,c25bd127-df4b-4078-b9a1-8700de2888ee,"105785,159,19329,24070,48517,5674,77071,77885,87218,94800",1750039743,2025-07-09 20:16:31.381882
6244638b-fbaf-49c4-80b4-ed5b5aebff07,a3fda943-a9dd-4de3-af5b-885abe09d7c6,"102179,105250,18283,65902,68987,78,85259,85270,93016,95918,97224",1752137030,2025-07-09 06:03:20.402123
6247ba26-de21-4c13-8297-8e339e4b3aea,beb544bd-68f7-4c08-bdfc-ebc8a3004c22,"107099,108880,30197,53561,58586,82818,90455,92326,94800",1751564268,2025-07-09 19:43:31.642855
6249c4a2-f475-49f6-838e-0e8969e4f1d7,49cea61f-57c4-404b-9d74-4af8b84e6363,"108122,2162,27605,48574,6071,73719,813,94800,9672,9729",1750961812,2025-07-09 19:01:31.673767
6254f5c7-9b7a-4892-a9a6-789720a25cf1,adcbd93d-41e1-443c-adf9-1623a948b771,"105326,15243,2068,2607,58576,93738",1736391325,2025-07-09 19:52:31.520152
6258040a-7e57-4d10-9dd5-1d203528ec3c,0ff94649-4bd9-4d68-9266-927a811a788e,"107088,12010,2193179,2205567,2245754,51931,5674,58583,88891,8906,95442,98491",1749592636,2025-07-09 21:43:31.40037
62802887-a587-4cf1-bbaf-c9e1ae4de71f,dd0bd637-8cf9-4efc-a0a0-236b4fa27690,"2032855,2034314,2034426,2038178,2039865,2138410,2236369,2236399",1735680652,2025-07-09 19:52:31.520152
62c7b4d2-7408-49f3-968b-72ca2a280fd2,b3c7d3c9-24aa-48bf-a40c-c163b1987724,"105018,105022,107923,2170386,2176981,72943,90177,95933",1749955812,2025-07-09 21:43:31.40037
62f7cfd0-b1b4-4c4c-aaae-641f6e7a1832,144680ee-194c-4c52-aa88-07dee3dbbb51,"48574,50523,54597,91262",1751760800,2025-07-09 20:52:31.34132
62fc719b-2445-4667-b267-d9e145db641b,054c4495-1d75-43ec-ade9-21003e604ef5,"107902,18065,2607,3229,37262,38441,41089,42294,50523,56648,58583,58658,77946,87024,95272",1752452512,2025-07-12 12:40:31.55665
63069d25-a081-4549-b212-180df85bff38,a9394db9-6694-4a2c-b615-b4351ea8c681,"102633,103215,105937,107693,107698,108270,17059,2100741,2122405,2244753,2251914,2260776,27488,35560,36639,58583,94227",1752329021,2025-07-11 19:07:31.675911
634e58ae-493b-4934-bd7a-5968484bfd62,69b33dd1-b312-4808-b17f-1de194bee7e6,"2086595,2155252",1752345060,2025-07-10 18:52:31.513517
63613ec8-fe38-48a6-a582-1c23d1ec3922,ba63bf83-ad3b-4096-bada-dfeba703ae60,"104620,18065,61602,7521,94817,96625",1752436306,2025-07-12 12:37:31.584738
6368ed80-621c-4f60-85a6-4bacd1c4e20e,d039fc46-daae-4e0e-905f-8e514a3f9c5f,15791,1751838232,2025-07-09 21:16:31.455148
637408ac-e333-4b2c-b434-e1ff43cbe9df,35c08227-99aa-472d-9cf6-82f5564c2b5c,"105089,23156,23793,37100,47319,50523,58583,69106,83129,93978",1750612972,2025-07-09 20:16:31.381882
63821b06-96fb-4111-83f1-34b809d7c4e6,a3f15334-5a3f-485f-9d9a-acdde2010f79,"2413,28225,81852,98808",1724564187,2025-07-09 20:22:31.445516
63959953-4c4d-4607-8fcf-d5109b1bb75d,e5b43c05-b894-4916-9af9-4a22d42a463c,"100745,10792,2048243,2059404,2070604,24898,2854553,6753,7521,84942,87333",1752462735,2025-07-12 12:43:31.31274
63a3d92e-d917-4770-b541-27c348854b3c,bd03003c-0a14-45fe-9ab4-20b65e35e84a,"2478,45435,52677,52753,8715,93017,94074",1751674597,2025-07-09 19:28:31.448042
63bcff02-4ba2-4539-8d11-fc366b76369e,cbcb6f75-f6f8-47cc-9eb9-7e673038774a,"50409,52394,94483,98253",1747974185,2025-07-09 19:52:31.520152
64081c8c-9224-49a8-b956-811cc8665f0c,176297e7-0e52-4049-9d3d-76ca25e84f15,"16632,2155604,2478,25652,295,73907,92854",1751516586,2025-07-09 18:55:31.759641
640f622d-0dfe-4b94-89df-4ab63e379b70,c6487686-50be-4f2c-9638-b452b4f73554,"107155,2551,8445,87026,94601,96977",1751603745,2025-07-09 19:25:31.714795
6420634d-64b1-4ec6-b850-eff884db333e,dc6b5498-54b7-4fb0-869d-8cfeb6c8d654,"100775,102084,104318,10727,108000,14293,25503,2607,37100,40336,41089,56194,58583,58658,62662,64427,80749,81812,85175,94800,95353,96701,9672,97078,97304,98555",1748125523,2025-07-09 20:28:31.628044
6433b424-845b-4492-bf37-b7321397b553,6cb6ec12-a7e7-4a60-bf74-c66db38b2814,"105723,67642,96707",1751213186,2025-07-09 20:43:31.463099
643bf269-241e-4ec7-b8e6-372fdb9ee02c,11d3ac5a-d963-429e-8965-90de0f5dc99f,"108445,2190214,2194012,2210844,2210888,2245765,2813504,2830682,2839465,2843852,2854553,2854556,2854667,77946,87333",1748957233,2025-07-09 19:49:31.570096
6451a8ca-213a-4a48-a621-973ad8b40878,e5d3d30e-5e74-4b25-88d7-6096e90dbe51,"101097,22290,66320,81224,95886,98700",1736901465,2025-07-09 21:37:31.433645
64737356-6100-4c80-b71c-b3fbc4b5b041,89b1217a-9e3f-4513-a9c5-89c770e3b6fe,"101325,101731,13644,38441,58583,73907,94800",1750981361,2025-07-09 19:04:31.645408
648e340b-12d3-40eb-a426-750e5e131781,cb852e25-ada4-48d5-a670-66130b7c89f1,"107860,11275,2248703,85180",1752281836,2025-07-10 06:01:31.512189
6495244d-6b6d-4943-add8-99b0ff30622b,0c5bfe39-3b0c-43e6-b49a-b81ac9e8b1ec,"101033,10303,10730,19180,2093243,43575,76859,90966,94097,94769",1751564389,2025-07-12 12:37:31.584738
649971a7-2290-48fb-b0a3-c339585309ac,fb3fa6f4-7db4-44c5-9bab-8161aefdcce2,"108112,108881,14002,2226126,42294,96193,96397",1750372489,2025-07-11 00:19:31.492721
64aec4d8-0cf0-470e-be3c-fefaaf3a9d12,84e7464f-9b88-4ed7-bf6c-7c5bf778a860,"11990,49409,84865",1751915871,2025-07-09 19:10:31.750627
64b6fe86-3d7b-4d08-84d2-e1b3e7288f1b,42c88811-613f-46ca-9746-281195773eb6,"103039,103669,10421,105978,106285,106395,106400,11345,14522,1623,19220,24584,2810,29341,30195,32961,33577,37446,40984,53489,7579,82008,94062",1752469191,2025-07-12 12:37:31.584738
64c4c80f-cd2a-4dcb-9d0b-fac2577c1396,469031d9-2394-4557-aa75-09ffbfdc6c87,"11061,11275,14845,22739,92283,94776,96513",1751905289,2025-07-09 19:34:31.343546
64c8c7f6-3e3e-4fb0-92ec-b08f7a0b7c6c,5a2f3ae2-e355-462f-9311-64235f72da32,"106067,108880,108922,25656",1751218500,2025-07-09 21:04:31.429108
64d27972-4459-4d37-bb83-d97a7c9e9ee4,57071a63-411d-4cf2-bbbe-8591af109222,"104673,106732,108295,2202060,35071,48574,51931,93017,94800,95857,96357",1752188710,2025-07-10 18:55:31.478294
64e201b5-8ca8-4043-ab7f-7aa3012b31be,58a3e8aa-55e0-4a78-b327-6964cc79a56b,"107182,107650,11990,39201,53565,94599",1752338913,2025-07-10 18:58:31.529937
650b5147-cdaa-41f6-a309-ed0e06b0c453,7a94f5e1-a8d4-4b6b-996b-00a5ed12c96f,"101006,101500,104652,105129,105763,105856,106672,106838,107249,14897,24536,2792,29367,45782,49409,58214,58576,61883,67844,73907,88728,90329,9065,97101,9850",1751572789,2025-07-09 17:45:20.222232
6511d087-b66f-45c3-8b3e-352ff2afe409,ead282a7-6429-4a22-9ba6-99de25f73e1f,"102188,19221,2813504,68987,87931",1751863727,2025-07-09 19:07:31.585047
652ae15e-5433-4fa5-a59e-c4d0475b254c,629b4c5b-a227-4c4c-9583-b04c9b4f38e8,"107902,58583,67594",1752380039,2025-07-11 19:07:31.675911
65305c58-2f6e-4523-b43d-cd253ea7738d,bfd0f1fb-3bef-4080-b58d-4126b3d7ecca,"1965692,1966973,1988366,2043460,2098948,2103045,2181458",1735963850,2025-07-09 21:25:31.482511
65358d13-179e-4334-a4dc-374e7259a40c,6314fa35-e104-47ec-b6a6-7d989a198dad,"103513,21833,50679,5520,88738",1751633243,2025-07-09 20:58:31.613441
6540456e-0a20-4e27-afa9-d84148cbd169,c82fd087-8186-439f-8f3d-99a37222e325,"107285,1910,27605,30197,50523,61602,73064,82818,94378,96699,97412",1751286062,2025-07-09 18:58:31.654225
65409f8f-80ec-4c9d-9a67-cd03121a3dc9,da917d49-08c8-4793-9b2f-4cd586fba233,"106550,2210879,2218169,2245766,29843,73064,83696,92854",1752028409,2025-07-09 06:03:20.402123
656890b6-dc67-46db-9a72-c74765768d5a,ea9b2a21-9e77-4013-b8c4-3d9c0a40f04a,"11632,17915,20795,23156,2607,32025,40444,4498,46269,48517,48518,59043,67997,69106,90362,91473,94695,94769,96348",1752071806,2025-07-09 19:04:31.645408
6571b72f-3a2f-4c36-8ebf-286d86d5d9c5,c6f28af1-30b7-47a9-9e89-211e8342a698,2846518,1751244414,2025-07-09 21:01:31.521295
6590b40c-a45c-40cb-9c5e-f63ab659640c,74941bfd-eb5e-4743-a955-9f7c88a7803e,"2811850,2822631,56083",1751258455,2025-07-09 21:01:31.521295
6598d0e7-c993-4ea4-a8dd-e885c754473d,54980c22-e518-4d74-9341-523a2e5b953d,"10395,104673,1763,29129,3569,36852,47023,50523,61883,91003,96283,97042",1739897400,2025-07-09 20:22:31.445516
6599409e-8a76-4e60-9e86-45a3e8aaff4c,3f7d46fa-9dbd-4219-9e0c-0cd9260f42d3,"102172,107866,14293,1662,17906,27895,69106,86548,87931",1751769093,2025-07-09 19:10:31.750627
65a8b114-b432-437f-a8cc-aae7a3e16e4f,c32e3daa-7eff-45a1-b565-c400129057ef,"106601,11275,45782,94599,94817,95371,97224",1752036917,2025-07-09 18:55:31.759641
65ae8b04-d293-4161-bbb2-8b321f81567e,d82d234f-fe23-4769-ad91-685336da1151,"101708,104124,104643,105098,105317,107155,12515,16157,2116314,2174725,25503,26651,27605,32550,32961,33578,38441,41023,48517,64249,69564,85510,92430,94169,94599,95750,96334,96941",1743531782,2025-07-09 20:34:31.516539
65b333c5-ab39-4740-824b-f45a64bf02d3,5739342b-b28c-4aef-8c74-fd9aaaa487c3,"58576,82309",1752106869,2025-07-09 19:07:31.585047
65bb36f9-7472-4f2f-9ad0-db603f9ca761,1e715cd4-7af7-4327-8fb5-2d43cd41cf1a,"42294,97304",1752038773,2025-07-09 18:52:31.536339
65d857b6-378b-4365-a6c7-81751a9ec6d5,47dd401e-9a07-40c6-86aa-364f66fbaf07,"103627,30551,38080,38441,45782,69106,83129,96547",1752291911,2025-07-10 19:01:31.560317
65dc1d67-1b1f-4f2a-a2af-8a951d273fe5,24eafda3-7821-4965-a34e-03c34b38ab74,"18283,7521",1752349535,2025-07-11 19:07:31.675911
65fcd39b-d397-4d6e-9ef8-ff808f859bbb,cede92c2-14a2-4858-a3e2-0bf4946afd16,"101323,2068,24259,43137,45782,53561,53565,67594,71188,94800",1752425106,2025-07-11 19:04:31.380296
66010b67-455a-4a51-a409-37a8c8696580,50c10dad-a73f-40db-8696-e674c0226b4d,"106789,107147,13237,14649,1662,21292,27582,31026,40709,41089,5403,58586,62731,7309,80463,91262,95918,97270,98675",1751065107,2025-07-09 19:01:31.673767
6608579b-69e3-492b-b95b-a4385c558dec,f3c9bc8f-46db-41c5-bde3-4654db760fd5,"101323,106059,107747,108654,17039,23591,58563,65228,85163,9496,96977,98700,99232",1752389549,2025-07-11 19:07:31.675911
660fe49c-5f62-48a5-a96e-93b7b3c7a61c,aeec5ccb-9b01-450c-800b-3ce055719f9a,"101898,104480,2046702,24250,35632,35720,43320,5376,599,62782,85180,86555,90976,93978,94631,9672,96953,9839",1720295040,2025-07-09 20:22:31.445516
662bf1ce-9c55-4c86-b205-96e345d38479,e8ccf290-3da7-45a0-9730-2fde938c75ac,"101722,29871,35348,93985",1752332701,2025-07-10 18:52:31.513517
66531f3c-0893-4b84-b8e4-7abb9cc1605f,312775b0-7907-4dd3-be61-e28d799e5776,"106067,15791,30439,79524,85180,86745,87377,95680,97304,98583",1751934615,2025-07-09 19:04:31.645408
66571890-f3bc-4a34-8f4d-c66369f37a80,6e6a1871-eb27-4580-ac29-f23bc3fe0cbc,"101008,104176,106861,23425,40213,50679,73719,83649,91212,95357",1751668221,2025-07-09 19:10:31.750627
6657eb8f-2167-4736-8a9a-74a6240e4f41,472a5d2d-de2a-4a8f-a2db-90c0f8c994ee,"10730,108341,11520,14808,65571,97175",1749611416,2025-07-09 19:49:31.570096
6665b7e1-ed6b-47d4-81f8-1384b1d5b01e,683a0e23-0455-4393-a0a6-09be28bad38e,"103197,25652,33585,5883,62782",1751282297,2025-07-09 21:01:31.521295
667c5a78-8607-4b25-b761-780fe8272246,7f83fafc-150d-4463-bc87-74d3734ac6de,"105448,86191,97639,99216",1752157882,2025-07-09 18:52:31.536339
6681bed3-72f2-4c15-9840-13ca670a7cba,ba46621c-6997-41f5-a4ec-5582289e6b7f,"105661,17119,18283,18645,1983,38441,6463",1752126978,2025-07-09 19:10:31.750627
6692c499-d805-4284-a052-a716e8a66e25,8eb1a4b2-2b47-4813-9824-94b818a8a532,"107860,2069365,2086595,2087596,2190531,2196585,2205354,24702,63583,79524,92219,97217",1752377548,2025-07-11 05:37:31.442568
66c9c52d-93f7-43e6-a2a2-b3326360af11,53cb8812-1e9a-49e1-b40b-7dc922b6feb1,"104032,107740,107860,107997,58583,80741,95670,961",1739664500,2025-07-09 19:46:31.620522
66d608d6-dec5-4d91-b2b4-984c97cff8dd,8fc09717-f935-4538-a79f-a4a5ef777be8,"100550,103999,105326,106538,108000,17286,20038,23966,24562,33184,35755,38441,40405,41089,43803,52716,52753,5897,62662,64427,7521,77391,81224,83378,85190,86965",1752419640,2025-07-11 19:07:31.675911
66dfbc64-79ce-4b6f-9e72-2c3374be1786,5e186bde-ec9e-4a76-92d7-a651ad403279,"101323,107264,20795,21833,2223624,24250,3227,36443,38441,53561,56295,61602,71188,92548,93016,94800,99216,99403",1752455469,2025-07-12 12:43:31.31274
66ec8cb7-7daa-4e35-a376-82cd3172594b,3aa03f10-a57e-494a-a402-7bf4c80fd6cf,"102916,105265,108452,108766,2195786,2195816,2199954,2223198,2252159,2254649,73064,80024,9192,97270",1752040547,2025-07-11 19:10:31.371089
67010dc0-ba40-4310-950f-de2b0503abb1,b8f1753b-0251-40ef-a424-aabb7a7bcfee,"105266,106413,23793,24070,28759,58583,83341,96660,99263",1750888893,2025-07-11 00:16:31.65555
670a2326-38c3-41e9-b029-fe9fa36434b9,6f672c09-61ab-42b5-be65-7329f020c079,"105265,27605,42346,49705,56876",1751988932,2025-07-09 19:37:31.407534
672d77ee-188b-4fa6-8723-0c0cd149cc5b,31cce6fe-6bcc-497e-a535-08d0dbd5aeb3,"10303,104917,1063,41089,57298,58583,64427,83129,96670",1751648561,2025-07-09 19:25:31.714795
672f3820-4ad4-437b-833e-46d6426bc3df,385dbc91-1a26-4b72-8e1b-f2a627252a67,"103669,105326,24702,2607,45782,46447,5403,61600,65914,80024,85190,96977",1752026444,2025-07-09 19:19:31.413237
673507d1-5f4b-4775-9cc2-c2e3c1f58a69,4939a606-4831-4b14-b959-f9caa68715c0,"101437,102524,11632,13091,15791,46269,52394,53077,53561,94631,95274,96083",1752290572,2025-07-11 19:07:31.675911
67408936-d704-4980-ad38-3f6265eb2947,52da9003-d6d8-4783-9562-a8870011357f,"103939,10421,104523,105978,107264,108295,16937,18283,2245754,6357,901",1751957680,2025-07-09 06:03:20.402123
674da939-07e0-476a-bc15-a57494c75a91,5abd8197-ad60-4728-8979-edad73ce7f64,"100155,18989,23425,2810634,33184,35348,41791,4623,46269,64249,96942",1751630089,2025-07-10 19:01:31.560317
6767695a-a52e-4c13-8973-80e7907a853e,bb2d41dc-e3fb-4905-bbed-3d7f3692362d,"22407,30711,38441,40972,56285,5897,65828,93872",1749875314,2025-07-09 21:46:31.314864
677882f0-5682-410e-8671-f0e71a0877d4,edc53f4a-68b1-4831-8088-2cb470fc322d,"82308,99403",1752144278,2025-07-09 19:01:31.673767
67a7670f-0392-4b1d-85ae-3eac6255c5f1,485d02d7-fc2d-47e1-9d3e-b2276b967075,"100039,101371,107400,11527,13240,16124,37447,43144,4587,46455,47551,48574,50523,61600,7207,81647,82443,83471,87080,90300,92121,92312,96230,96610,96802,97080,97304,98625",1733511555,2025-07-09 20:34:31.516539
67ab866b-e722-4d11-a6a1-9d67e80a503d,2010113b-88a8-4d8e-af42-9cc7b3f25f8c,"107651,107860,108766,109257,109258,32568,43575,9644",1751065910,2025-07-09 19:46:31.620522
67b03344-746f-40ab-a2f3-55c8295ab03a,d77f0565-b284-411a-8bbb-288c7d2ea23a,"102542,103511,104480,105268,106660,106732,109118,109165,109775,17960,2045342,22069,2607,2839442,36639,45021,46269,53542,5483,833,878,88420,88532,89706,9040,91496,91630,92614,93022,93612,94800,96248,96977,98712,98740",1751774268,2025-07-09 19:40:31.494332
67c1360c-e033-458c-a66b-819ad44da1c5,8756d81d-5bc9-42a3-bbf1-d8aae3ed5b8c,"107182,24070,85180,96083",1752223820,2025-07-09 18:46:31.426409
67c63955-a69f-4eb5-ae2f-99df067f12b9,224cb798-cc29-491f-840a-7db9e0ed5818,"104442,107298,109684,109817,16124,65902,84072,90599",1750046145,2025-07-09 20:34:31.516539
67e8c55e-bf84-416c-bd2c-ad9a087a8322,f1d95101-11d6-4b28-8c5f-1ad8a2f8011e,"106807,108295,108638,109000,2158,2260015,25004,2812526,68300,88108",1744642198,2025-07-09 19:46:31.620522
680b5444-2a7c-4124-8abb-a41476c1260a,c87cc569-a048-4b69-b502-ed0f0d9c32f2,"105626,107321,107747,2242739,2260015,2812526,30505,48574,53561,58563,58586,69708,73907,83378,88728,89634,96660,97511",1741989557,2025-07-09 21:28:31.336454
681fda16-928b-4bbe-909c-6c5a3b14ad94,4a93721e-2de5-4f7a-974e-8cd819224594,"61600,7146,97224,97790",1752424273,2025-07-11 19:10:31.371089
68270c31-ecf3-4e26-9022-8dffef92f973,e702e733-6110-466a-84f0-ff991c71e9d3,"10638,24702,61600",1751990056,2025-07-10 18:55:31.478294
6854cdab-409d-4232-a193-83e70fa838e7,5b363f7d-4a67-4af0-961e-af484d2e378e,"27605,41089,58583,58586,62662,7521,94776,94800",1751613279,2025-07-09 19:25:31.714795
6869cea2-5273-4946-ab4a-b4c57a31268d,66f1db2a-f1f3-4220-98b2-58387a295e3c,"103378,1910,25652,96707",1751201651,2025-07-11 00:16:31.65555
68741ac6-2f77-444a-b9c8-f1473064a88f,75934dd8-996b-42e0-a5ce-029940174960,"102087,10510,107739,85163,95933,99147",1751422649,2025-07-11 00:16:31.65555
6891055c-c017-41f0-918f-27a7b57d295c,756076f9-93e8-4c21-99aa-d1bee0729a7e,"100645,12010,48574,85292,92301,95353,96083",1752162914,2025-07-09 18:58:31.654225
68a3b5b7-c532-41f6-bbf5-0e51270cbd37,518897fc-17eb-4fbf-b132-fff4c63b3756,"2260938,2261381,2261907,2262736,2264694,2830642,2838394,2844832,2862219",1752175921,2025-07-09 19:34:31.343546
68e62eae-2e4d-4635-9eb9-b3644831cd8d,492af8e5-a26b-4a3f-822d-c08cfce39afc,"100526,100838,103939,104444,105301,107581,107621,108146,108531,13237,2148660,24092,24702,3526,3533,35348,46130,50500,5511,58576,62662,84181,87496,8831,89640,93088,94800,94817,97078,98358,98741",1752183711,2025-07-10 18:58:31.529937
68fdb07b-781f-4706-bfea-5205d426e94e,77f51a9d-1762-49f2-848a-1065e9e27a25,"104640,75298,84942,95359",1751201620,2025-07-09 19:28:31.448042
69338516-8806-431d-a383-6584e356a207,4684e621-9148-4eb0-9f6a-3f888721d423,"107154,108922,109923,19085,30439,53561,65902,88532,901,9253,95160,96083,96660",1752366633,2025-07-11 19:07:31.675911
693ad3b2-926a-4931-8c79-72103f26dcb4,15d376d4-ce43-4316-a9bc-fe9a3089ccd6,"106002,107999,15716,20282,2053376,2055050,2059404,2194562,2813504,58583,68987,84942,86186,97479",1751250212,2025-07-09 19:52:31.520152
695483a7-afa8-4e55-96b5-b1169dca9ce1,58f77acf-b77c-4808-ac37-e8e05643fdba,"105448,107651,107764,13080,38441,46269,61602,63105,94800,97788,99216",1751935561,2025-07-09 18:58:31.654225
695ac4e1-c7d5-4cd1-8dfc-d3633dbad367,08c1cf6f-36a8-43ff-80a8-21a301212618,"102494,104876,105103,105267,105504,11632,11792,13095,24092,29428,33405,37100,43781,58583,58586,58658,64427,65914,76047,94648",1750257272,2025-07-11 00:19:31.492721
695b84a7-9634-45e0-8f65-f0fc4c6a6e53,d1e1c681-4ccf-481f-a72c-b7847bce63c3,18283,1751693016,2025-07-09 19:10:31.750627
6972387b-ac79-4af6-bc06-bb380a419d4a,b76e0881-a45a-45fc-bed0-43d881c88950,"2239820,96625,9674",1751692549,2025-07-09 19:25:31.714795
69ab5f91-ed39-40e4-98b1-8dd7c47930aa,8549de2e-de0d-4eed-9dee-a36082ece84f,"102396,102896,105657,24938,27488,91750",1736278914,2025-07-09 20:22:31.445516
69b13a5f-52c7-4140-8e5e-2ce57ffcfbe1,69419ce2-9a07-4587-a323-ae9418b6ce94,"105967,1063,107045,107301,11633,13240,1739,18255,2191225,23509,24250,2478,27692,2837,30439,42294,44610,44935,46130,54603,58583,58586,62662,70369,7099,74882,80698,86543,8715,89612,9129,94634,96083,96701,97224,99159",1752023415,2025-07-09 19:22:31.604565
69ec1680-cb9e-4454-999b-e6ca380b78b6,bbc75c8f-71d5-4746-902e-3a097ad80f41,"100025,104321,105824,105905,106278,34864,95750,96249,97304,97412,98636",1751334279,2025-07-09 21:01:31.521295
69f6e0a8-cabd-4023-b5be-10c2113501c7,01974fd0-1499-4523-9ad2-8bb3b4b7ff3d,"102462,18165,2158,42294,8650,8651,95674",1746909893,2025-07-09 20:31:31.402227
6a09f646-d061-40f4-914b-44a563e76464,27c3102e-85ea-4d5c-b4a3-247cb772875c,"101369,15684,58586,94631,95933",1750882214,2025-07-09 19:40:31.494332
6a148fb3-d64d-4a65-bd2f-3d71aba33d84,dbc4fe4c-d47a-446e-8685-344191ac6633,"107264,107902,1254,7521",1752438953,2025-07-12 12:40:31.55665
6a168715-f9fa-4bea-be41-0e47b5df6ebd,793e475f-25c1-429c-9151-99d2d5dfd3e4,"105626,295,53561,54062,64427",1751347501,2025-07-09 20:43:31.463099
6a357a41-908b-43e0-8de8-916126671b0a,bc3efcff-a145-476c-b6ba-ef4e4dce477d,"102527,107989,107995,109285,109929,92606",1751611416,2025-07-09 19:40:31.494332
6a461121-e554-4603-bf4e-ad65ce4e9284,8e3be7b4-9fb1-4300-a005-4bd035f0a63d,"10421,10956,13937,15791,24702,26741,39334,4498,46269,51248,52394,5897,64427",1752183221,2025-07-09 21:49:31.460853
6a58dec3-94b4-4bb2-9ceb-65d8333f9503,724f2449-b0d4-4df1-9a04-5f6f23257622,2164792,1751783932,2025-07-09 19:10:31.750627
6a87d1c8-2688-439c-8aab-695e5736f75c,50e8f061-94ee-46f0-b2b7-e9933553fd4d,"108513,14934,25206,53561,5897,83986,87333",1752126936,2025-07-09 19:19:31.413237
6a91a994-b911-4342-ba91-4a51933cbe34,a0ddd1e6-6615-4495-a19f-8eb7e7672b9e,"11275,16041,1622,23591,51248,58583,67594,87026,89357",1752257364,2025-07-09 19:16:31.314342
6aa74d91-32ed-46f3-a772-0b01f904c42b,56f3198d-ec1a-4811-be4e-212bdacd3bb4,"108843,2145913,2152010,2254624,37803",1751697482,2025-07-09 20:37:31.608351
6ab4a53b-6f94-45ca-8123-03427e54c0ea,49f7bee4-9d19-4747-9c42-7f4992fb2e5f,"107449,108209,19085,23848,25652,59043,68300,87333,88728",1745338152,2025-07-09 21:46:31.314864
6ab69548-d886-448a-8659-593c8ad2b9f1,865e9085-1d50-48ec-a843-9e1a0350ccd9,"104321,105723,17995,2133215,25652,2607,30335,37100,37808,38441,61600,73907,90405,94060,94612,94800,95680,97055,99330",1748021621,2025-07-09 19:52:31.520152
6ad66493-bda8-487d-a2fb-992d366ac9da,a9517e02-c377-40e2-bf90-846d34065fb2,"18283,2055050,2059404,2194562,68987",1751431521,2025-07-09 19:10:31.750627
6adc2ccc-8da4-45f0-b46f-c3df145f2193,a4cc7413-3ca2-473b-b53d-48a87ed9ebb6,"107330,107935,108041,108042,72397,93022,97055,98102,98238,98324",1734724657,2025-07-09 21:40:31.522517
6ae4a3fd-8a94-4a2a-8726-0aafa4002a96,b55ecdeb-2016-4e58-9389-c8be5ab4d708,"100100,102672,107179,108387,109189,2132602,2132647,2155875,2158538,2162960,2252082,2252159,30309,31838,7521,87743,93870",1751309392,2025-07-09 21:01:31.521295
6af4179f-b5ab-4440-ba96-a192b4d4eedc,11fed700-fbb7-4b1b-8988-5cb039e580fb,"107752,25503,2829548,2832288,41584,66991,96699,97078",1752018502,2025-07-09 19:07:31.585047
6af74bd3-5ea8-43bb-a739-992067455d6c,dcc63c96-d989-4151-b4cd-1f8816ae79e1,"101125,109644,26596,37808,41791,45435,48389,91231,97338",1752211231,2025-07-09 18:46:31.426409
6b014eff-4e98-4552-a820-f2e1050751d3,13ba5728-0ced-4fcb-9727-560af84fa71c,"101082,107740,2253594,5767,96701",1749235921,2025-07-09 19:46:31.620522
6b03dc34-6677-4839-b4a0-132a6ce2a303,e690ce52-7c29-4e18-a2df-2e955f442c79,"15791,2839453,2839482,2839495,28995,48574,52394,94800,99216",1752178168,2025-07-10 18:55:31.478294
6b330c08-7325-4d20-a4c5-34ac285f88c7,cbec39c2-fb01-4012-8882-38397d832d0b,"100328,23425,2792,62740,76392,76395,83589",1751682448,2025-07-09 20:58:31.613441
6b408567-d460-4c0e-93ac-add2059fe4bd,377c312f-62fb-4a84-874c-4f8f040bd22e,"13763,19221,19231,2458,33493,460,53561,56285,58583,63105,94599,94631,97227,98776",1751522044,2025-07-09 20:37:31.608351
6b41d37c-5d91-4833-b2cf-a9acc4b9c962,0beb08b7-1ed7-4b5d-8c11-ac2e3d332385,"14272,73907,86543",1728452176,2025-07-09 21:13:31.422326
6b57c025-f924-43ef-9906-29bb3971804e,300f7e10-3967-40d1-899d-8a90c1eb0f4f,"76047,85849,87333,97800",1752428784,2025-07-11 19:07:31.675911
6b5f45a3-09f0-4294-8a57-057aef6b44c6,21da8c55-7975-4025-862f-be2ab6932c2f,"107153,13724,14760,4233,51218,94817,94835",1752181801,2025-07-09 19:46:31.620522
6b6388ce-445f-411d-9da3-89312ea8ddb8,5fe2ce0d-cf0d-47c1-b4d5-276d46441fd7,"1947212,1965555,1965557,1993026,1998996,1999349,1999352,2023973,2023975,2043751,2046366,2119531,2122092,2122093,2122275,2122323,2128805,2128815,2130575,2177591,2179651,2179658,2202715,2218849,2244223,2258643,2812862",1742053806,2025-07-09 21:49:31.460853
6b69215b-0031-4a40-a16d-d88a3f02b90c,7407e8ef-86ed-4bd3-9837-ef30cbfe5419,"100328,103022,106895,107803,108015,16632,19231,2155604,2159077,45433,46269,51931,61602,62662,83696,85163,86543,88463,92854,95701,96083,97080,99839",1751425774,2025-07-09 20:58:31.613441
6b706aa2-e911-4ca4-82e8-64dd8bc793eb,d0ff68e2-c672-4f6f-ba2c-d22670f19fa7,"108511,108512,108880,108881,108922,109498,109503,110024,110030,2155249,7969,91630",1751214372,2025-07-09 21:04:31.429108
6b776de1-41c5-4f92-b33c-71fa545624a7,a078bd5c-b57c-4322-811f-c3fc0ea1494c,"103934,106009,106402,10790,10956,12913,13765,2029937,2120531,2131990,24584,3598,43324,58658,80749,85626,89431,89435,90359,90530,9253,9365,93915,94601,95272,97712",1738465967,2025-07-09 19:55:31.439331
6b7d04ee-db5c-452d-ae7f-96bb311678a9,3846e374-91fb-4f40-b19c-11d9004d5ce3,99216,1752202244,2025-07-09 18:58:31.654225
6b83402b-d2eb-4021-af7a-721f26184ac8,a840fdd8-eaa5-4838-b58a-7bd1b2e8616b,"4482,58654,61512,91521,97078",1742786594,2025-07-09 19:01:31.673767
6bba95e0-4c0e-4476-adf9-14d00e097fd7,5f1046d0-959d-4513-aff4-b80e700106b7,"105835,105848,106980,107155,11516,1662,2193179,87830",1752174766,2025-07-09 18:49:31.587698
6bcc44b5-8dfb-429d-a97d-52a165bad2c7,bbb75cba-3ca9-46c8-9362-5dfab46d3f58,"100550,101291,101292,101608,103030,2178394,3229,37612,38441,58583,58586,64690,71602,90362,99344",1751905214,2025-07-09 18:58:31.654225
6c0745a8-c5b1-4b49-8292-493bcc513ff2,a4a8eb54-ec48-4899-bf27-91ffdb194080,"23425,24584,2607,43336,94800",1751210302,2025-07-09 19:55:31.439331
6c216f6c-1cb2-41f1-8185-270cba0996c4,b23bdb23-86be-41e9-b709-8860ff484d97,"103861,10421,24702,48750,6009,7569,87849,90341,92620,95097,95886,98700",1752438661,2025-07-12 12:40:31.55665
6c22847d-3033-44a5-9030-90caf24c25f6,e508921a-fffb-4243-8a2c-919f6e62df0e,"108733,43946,6600,69729,87024,98575",1751867046,2025-07-09 19:37:31.407534
6c40223f-0d09-421e-a3e5-652848e42f98,b9884194-2a77-4c99-8289-22bb2cc2beb9,"2544,94450",1752207836,2025-07-09 18:55:31.759641
6c407f94-53ff-4eb8-a2c4-ea372fb4bad9,66252f2a-aa2a-406e-8466-12e1753816b5,"2156,24092,24536,25503,34931,44530,46269,53561,58563,80749,86543,89996,9192,92312,93978,961,96660,98636",1752429426,2025-07-11 19:07:31.675911
6c411ce8-1224-4ce0-ab4e-23e53c342c96,43af325b-b056-4ad6-b690-4be9abdc9500,"103197,107475,109283,109650,11792,24092,3598,37808,46750,68987,91712,97412",1751425792,2025-07-09 19:43:31.642855
6c4657aa-4293-4774-a83c-60f08e551c14,dc04f208-f749-4303-ab3e-5e2557928e5b,"104158,105838,3229,38441,5376,54603,58581,98238",1722558901,2025-07-09 21:40:31.522517
6c46745b-4a76-4975-8789-d2d5e64768a2,f8e3be03-7986-410f-830d-5e7744e3e9cb,"102173,107923,2855138,30197,37808,53636,82818,93754,99371",1751677906,2025-07-09 20:58:31.613441
6c5f0dc6-dcaa-4da5-ae34-c0c3f5877ef6,101e0eca-8c2a-4367-ae74-344a33d660d1,"105953,19231,36443,6463,80749,92312,97712,99216",1751812125,2025-07-09 18:55:31.759641
6c69d1e9-5f6b-4558-a5b8-843d9df657af,72e1bb40-cfe7-4d5c-8934-47e12ae08c9f,"107839,108341,108773,109126,91308",1745389065,2025-07-09 19:46:31.620522
6c85a202-bb48-42ac-91b7-3dde3809e0e0,6a4f06f7-dfc2-4d2b-a0d5-56a28acc1c8e,"102422,1662,19221,25503,46130,50523,57297,65914,83390,90575,94601",1751289711,2025-07-09 19:28:31.448042
6c8b4d6b-4619-4db9-8af0-a2518b235c72,066d31af-2bc9-41a7-88cc-18c8d2edb121,"23425,30312,83378,83702,8639,92118",1751656833,2025-07-09 20:37:31.608351
6c95be4d-7d54-4482-95fc-408ddcf64379,c17f51cb-4652-45d9-957c-23f7a484b171,"102173,15791,18283,27605,50523,53542,60612,824,94599,96083",1752204119,2025-07-09 20:55:31.375308
6ca23471-b469-4f10-b0a9-26bba1d628d9,4d3ddbd9-513f-4f64-a1dd-7d7a4a80dd87,"2253606,48517,64427",1751159079,2025-07-09 19:04:31.645408
6ca4eb60-b016-4054-adaf-205aa3cbdfc4,ed189d3f-adb8-4868-8bed-b9b2be3f83a8,"100816,105723,24702,38080,38441,56209,58583,64427,73303,824,88469,92854,96610,97078,97092,97304,97338",1751944406,2025-07-10 18:55:31.478294
6cb55501-cf65-45b9-b94c-0e5b488a4a34,059a9633-aa1a-47e4-aef0-f2686ab31472,"101730,103939,104220,104817,27476,33585,33884,34586,3939,40504,52413,55532,6138,61602,62531,67954,68987,73312,75100,76646,83696,84813,93978,94601,94800,95160,96030,97175,98653,99195,99216",1750391617,2025-07-09 20:28:31.628044
6ccc481d-0fca-43f0-8bc8-854e37c37379,9c2c4410-2180-40e9-b796-593f2513133b,"10303,108075,2839441,40336,5376,58576,58583,68987,80024,96083",1752004824,2025-07-09 19:22:31.604565
6cff57d3-2115-42b9-ae55-07853307479a,fd7cc09f-bf65-42df-8fce-f50e0d912465,11275,1752284965,2025-07-10 18:52:31.513517
6d153239-13b7-4b1d-9513-c35eb8b867a7,cff1a9f6-afd7-460f-997a-81a33867a57c,"108184,108186,108993,109492,10956,16772,2158,2218068,2219367,2251900,2252134,2252159,2866517,30551,94227",1752310442,2025-07-10 18:52:31.513517
6d4cf7ce-d5a7-4ca1-9588-90c8f5f5b22a,85217ea2-0437-4d35-b3d9-f70fce6a5b9c,"100798,93868,93872",1752120113,2025-07-09 18:55:31.759641
6d5a37e8-d1e2-4caf-8ee6-a31782115af9,17defd81-66dc-4aa8-986b-df58db8815d4,"100645,17705,2156445,2161197,2161200,30255,37296,4701,82304,91562,95700,95730",1752223347,2025-07-09 18:52:31.536339
6d61c454-0405-427b-8e4c-3136e1244011,af2f4ac8-395f-4c2b-8b9a-d32cc70f41e9,"100794,100825,104780,105931,105978,107074,107345,107752,107760,107793,10817,11792,2067953,2194562,24092,27615,2855138,58583,61602,80014,93724,99090",1751654245,2025-07-09 19:10:31.750627
6d707238-8e86-40f8-a1ee-c3cce16f8f83,9921f493-11be-4f96-b5f4-0f33998341e9,"24702,51931,64249,90567",1752369594,2025-07-11 19:07:31.675911
6d72ed5e-b582-4568-92a3-bff98b447c28,9c183786-5e04-46d1-a9e9-47416486930a,"105151,16124,2071,21765,53542,5376,83471,84087,88991,95750,96225",1718861481,2025-07-09 20:34:31.516539
6dab19f7-cf84-4a33-8136-6ff0f416440f,7d285414-9916-4dd5-9059-76c2eecc7127,"108606,109285,109428,11510,18283,31059,58576,82069,98822",1751821524,2025-07-11 00:16:31.65555
6dd40668-f64c-4acf-abec-328b5dfb35dc,736d21b5-79da-4177-aeea-e8ddd967dc52,"104176,105967,106746,108122,13029,19231,19237,19329,20339,2048244,2210891,2607,29190,32022,3229,35348,45782,46130,58583,58658,61600,61602,65902,73907,8558,86543,89456,91690,94817,96248,98461,99344",1752009099,2025-07-09 19:13:31.292515
6e05ab94-e8eb-41e9-b5c4-6337927cd861,b35927a1-043c-402f-a304-38e6c74ab5f5,"100891,107752,24250,2607,2855138,2855396,69106,77946,89482,91788,94800,95444,97304,98270",1752172206,2025-07-09 18:58:31.654225
6e090b25-94a9-4108-af31-efcc629a8e80,607f58a0-6dae-4372-ba86-da577c106ddd,"100178,52394,56876,71543,77787,98741",1752200507,2025-07-09 18:58:31.654225
6e31df22-6774-46ab-98b7-99814adda421,e80fe770-241c-46e1-8e81-e0fb7e56de22,"2261386,2263367,2817025",1752282904,2025-07-10 19:01:31.560317
6e39dedd-fed4-405e-83e5-d516739f4044,f77fd442-cf8b-4e50-8107-222efeb0cf67,"17995,23330,23331,23425,86373,96225",1751403496,2025-07-09 20:31:31.402227
6e5ee277-c10e-44dc-a523-d47ce5b3a22f,7099d53b-f969-45fe-a74b-a5b67c4a0cdc,"102524,105626,11632,17995,23425,25652,2607,28995,40504,46130,46269,48517,48518,50523,58576,58583,65914,75100,80749,85180,86634,94601,97711,99263",1751681141,2025-07-09 19:22:31.604565
6e61c0ad-562a-4246-8da3-5b18fd12b425,8d5c634c-d9fa-4aa7-b67a-9de16a5c4955,"103103,105594,105684,105723,105823,16124,20337,32033,54107,79734,92638",1725128913,2025-07-09 20:34:31.516539
6e6fca3e-e7e9-4946-85dc-21a194c44126,60229eed-c6ad-4042-ab00-18648ddbd707,"104054,12597,16213,95702",1750872453,2025-07-09 21:25:31.482511
6e76de1a-2435-428f-9c5b-a78a198b2508,f64c2171-33fb-42ca-b2c9-5918b7952762,"104876,18283,88695,94599,94631",1751595137,2025-07-09 20:40:31.784592
6e89ea8b-967f-4931-aa75-9b31ece8e04a,b1c00d7f-b322-4773-9b7f-dae71647c5f7,"102716,103999,11275,15557,86543,96083",1751786878,2025-07-09 19:28:31.448042
6e8cda20-5bed-47c2-87e4-87f3663f165b,3e87ae22-a132-4b20-822f-e9c9ed8690ca,"105941,40503,73907,9192,96249,97711",1750699731,2025-07-09 19:43:31.642855
6ea2f3c6-f8ac-4b09-b96a-7697781dbafb,90146ad2-65de-46e5-bf86-bc8ddb39a388,"102102,103254,106402,106464,106827,107758,108216,109268,12010,2170475,2252923,28663,29990,30224,35969,61858,67439,6753,72251,91328,94233,96132,97066",1746076488,2025-07-09 21:25:31.482511
6eae0228-d992-4a13-887a-4f2d29413898,39af6695-58a5-4220-a6f3-4859e43b14f8,"2832243,46269,53565,67594",1752374905,2025-07-12 12:40:31.55665
6eb67753-e784-4fcb-95ff-21dab51d7239,a64946dd-d875-4d55-ad8d-769adfd7e828,"101292,102200,10421,104543,10956,25006,35071,37612,38441,47071,55493,68297,71602,98334",1752378381,2025-07-11 19:07:31.675911
6eb864b2-c116-4208-8639-f08c2425878d,51264b69-6cc6-4a42-bdf7-c2e4d3725de0,"102237,103510,107372,107915,14760,1910,25656,42294,49705,50523,84118,95933,99371",1751244153,2025-07-09 21:04:31.429108
6ed88f59-84ec-48fb-a1b6-a3f4b5c02741,b30c5d77-893b-45de-a9bf-020562f7b8cd,"10766,110067,1248,13762,22793,27582,2830254,52753,94631,97224",1752127482,2025-07-09 19:22:31.604565
6ee2dd15-fd35-4638-8ae6-4af909ff50de,cae2cf1d-32bb-4934-98ab-4a479f5f97bf,"104876,105626,1662,18283,19231,2132753,23425,31925,41097,50539,53599,73907,89482,90997,94599,94601",1751645891,2025-07-09 18:58:31.654225
6ee84121-cc7b-4397-b8b0-ed62c19242ab,b1ce83f8-4adf-4791-9cf6-7d2ccc418551,"28707,37262,87931,93978,96098",1751769123,2025-07-09 18:55:31.759641
6eebc9a8-559b-4022-8ad7-ba494c46b6ef,5a69e317-d2eb-4b4b-a12e-6e742874a807,"100954,105223,12266,20030,20538,25656,38441,58576,64427,70399,83341,83696,83702,86543,87315,92121",1749656389,2025-07-09 20:16:31.381882
6f00f1a4-6dfd-4a14-8152-166c484726b4,4385b229-9636-4693-b93f-43bb1c2bc3aa,"101033,102524,105128,107100,107207,108076,2120529,2120531,25503,3012,46269,50539,5376,57319,61600,62782,80861,94449",1750865229,2025-07-09 19:55:31.439331
6f2e18c3-871e-4a80-b734-f68723bf68e5,0cf0ab51-57c9-49ac-b835-5849187bd338,"104072,106273,107754,33235,68987,96083",1751863728,2025-07-09 18:55:31.759641
6f304c5e-ebc7-4fc9-b5cb-45972a5d2d35,6bfea950-bd0d-48e9-918f-80b2c82630b9,"102299,105089,1414,19221,24120,30439,35730,39201,50614,52394,77946,93485,94599,97304",1752296838,2025-07-10 18:52:31.513517
6f376c23-b96a-45a8-84f3-0437af44f3dd,cec7b0b9-0ce1-42ac-8453-65596556f1e5,"10303,104057,105587,105856,11654,16087,19220,28701,31065,31276,33493,37132,37808,40290,43137,45021,45433,45783,54603,57297,58583,65902,72608,83390,8715",1751945586,2025-07-09 19:19:31.413237
6f413a11-c02f-4d09-9322-72b2177738fe,3c7498f5-a2cc-4a72-aa2f-1d48665c7cb2,"105905,106746,1495,2607,68514,87820,97304",1752423129,2025-07-11 19:07:31.675911
6f4d0cec-ca51-44fe-be8c-b1e74c56cf25,e69903f4-2f17-49c5-92bb-4ac399772335,"15178,2253323,48574,58077,6101,94648,97653,99216",1751602025,2025-07-09 21:19:31.485127
6f539b35-f40d-4317-9e8e-e1240f466595,e334f7d2-e4fc-4594-89d3-1d3cb9bd33ab,"106407,108513,108922,23528,23534,95933,96977",1751925296,2025-07-11 00:16:31.65555
6f6b292a-c104-4821-893a-320e69d4718d,0c1e101f-5faa-4c83-9e57-553c22d79c44,"103381,5353",1751078912,2025-07-09 21:07:31.368637
6f7abbb9-649c-479c-82e6-b3c4a0780ece,415164a4-09ad-4c55-8298-59bfe64a19d4,"105263,12010,16951",1751074257,2025-07-09 19:01:31.673767
6f917e9b-36f3-4a0f-8b8d-32231281fde6,e4bb1625-d5e8-4f04-aa07-cc15c57ab7ef,"108465,11632,14760,16124,26891,28836,3657,48574,61602,64427,73838,96707,97871,98480,99216",1751464721,2025-07-09 21:01:31.521295
6f9541eb-939f-4bb8-b18d-8ec36d7b37a6,b240cdc0-a804-4700-b8e5-4662aba3404e,"10421,108295,3229,58583,61602,7521,94599",1752254474,2025-07-09 18:46:31.426409
6fa445ab-9a76-4234-843a-dcd9c690936c,3b79f8e0-aff3-4ed6-940c-88c385b929d7,"106498,2089603,37808,43144,46130,48574,54659,57298,62662,62782,79524,80749,83129,83266,86543,97078",1752000816,2025-07-09 19:19:31.413237
6fa75cc6-7c49-47a2-9ec9-9e5e2c1a3052,8158858f-5f1e-4922-abee-5d187fb3958f,"105275,107915,42294,48574",1750651015,2025-07-11 00:16:31.65555
6fabf6d6-d4cf-4665-a83c-1a38407ad95d,12eb7703-9684-47cd-b6a7-7f870ba71c36,"104485,17042,1910,83589,88998,93733",1750264151,2025-07-11 00:19:31.492721
6fc5ac03-a169-4d15-9866-5e5e716e4898,58ba299a-f8fa-4842-b1f4-c3d58736d76c,"100745,106378,2677,29820,40972,54635,74509,87026,91563,97285",1721449422,2025-07-10 06:01:31.512189
6fdc04d6-e203-4e5f-b2c6-ae818a2b5232,b04eca25-a102-4e70-9b93-3589ec5833f2,"106410,2152010,2246343,27605,94096",1751863072,2025-07-09 19:07:31.585047
6ff09fec-ef14-4926-a9dc-fc55a2fea6bf,08e57bd8-ee59-472f-870c-12dc19da4411,"112,13240,84122,87080,90542,94800,98741,99231",1750642311,2025-07-11 00:16:31.65555
701f5221-df18-4b2e-8602-32825eccc6f5,0ff22ca1-de42-4dee-a1ce-c49bc7b78794,"103309,104773,106395,108513,1192,33718,35720,7880,96815",1752255566,2025-07-09 19:07:31.585047
702716ce-3229-4638-bb29-d0c46189b27e,ed3ed471-36ab-4e16-b65e-34414de17d69,"104871,11574,14002,34337,40091,54062,63393,80741,85783,8639,87595",1750447085,2025-07-11 00:19:31.492721
70272310-4f1b-406d-8fe4-92c49a3fb42a,4f77a695-399f-4fd1-91ba-cc02a80d616e,"1910,48574,83341,90671,98575",1752053362,2025-07-09 19:01:31.673767
7029ee0e-6909-4bfc-a7a7-311df5ef80cc,a1a775a9-8edb-4113-9c66-9d8b00e0057a,"102408,106245,17705,23793,30505,33028,38328,40548,46130,46269,47119,79524,94601,98700,99216",1752335345,2025-07-10 18:58:31.529937
703f09c6-24ee-4000-b802-597c1aede987,26cb99ae-f3f3-4338-9bc9-c7e705fa9c50,"102173,19085,30551,32022,62740,65902,89367,96083,96699",1752066634,2025-07-09 18:58:31.654225
703f7b1b-0f9a-4c01-9d49-6a8d42694ecc,1a1c9c09-9f45-41dc-86ab-48005355b648,"1254,16213",1752007351,2025-07-09 19:01:31.673767
704ad671-0e99-446e-84b3-43236258e50f,e69b6e87-7d8b-4c1f-82cf-ce340ca7a39c,"102916,105969,10917,17995,36313,53878,96610",1725303555,2025-07-09 21:43:31.40037
705730be-5741-45c1-826c-3e5bdcc6cc57,f9e950ea-b272-413b-9e3a-84efa380328d,"100164,16124,30439,65410,877",1723440592,2025-07-09 21:46:31.314864
7069ff79-5c15-40e4-a25a-a30f6ffe223e,2fa85ea5-c08c-487b-9316-84968426cb43,"101322,6071,71209,94817,95918",1751777182,2025-07-09 19:10:31.750627
706f254d-24d7-4456-b1d2-92e56b24067b,cf3cb295-0ddb-4f9b-b5d3-1f8067c15d4c,"103999,107301,46889,68987,93978,96417",1752101469,2025-07-09 18:58:31.654225
70727c82-fda7-4a40-9f6e-cb9ab38cb0f3,09beb467-0be7-4e42-8cb3-89c72b90be9d,"104055,107922,58583,98389",1742082843,2025-07-09 21:25:31.482511
707ff8e1-c3a8-45f6-bb70-83a9e374ca94,af36259c-dab6-4848-a9f3-379852f54914,"103510,106470,2266830,2607,30325,42294,82818,94443",1751248989,2025-07-09 19:43:31.642855
70885913-cb7f-481d-a171-ae14336e8cc8,d1b3dfdc-d1b5-464d-a714-7da343849f04,"106076,24702,38080,96942",1751908349,2025-07-10 18:55:31.478294
7096f489-873a-4c63-bd57-d18bd6fb700a,ffc9c435-d3b3-4ca9-a30e-5ebc6beeaa3c,"107372,85163,91317,95680,98700",1749310637,2025-07-09 19:43:31.642855
709d3f0e-a76f-4e28-a95d-b09d513c6466,c6f5c6ff-5414-422b-9ee4-3864e3816231,"100644,106267,1143,1158,16124,16645,32983,33184,48574,53561,599,8715,90171,92920",1723985716,2025-07-09 20:34:31.516539
70b0d4de-4075-4bd7-b4d5-217b0fbc30da,f88a1736-80e3-4a06-9686-822d676c601c,"105724,11632,19221,3102,8445,94631,94800,99216,99224",1752424331,2025-07-11 19:07:31.675911
70cf7206-d9d1-413e-aad8-a95eb6cd2569,1a93163e-31fb-4b85-ad48-81956886a4cb,"105750,2222164,2252160,33585,50614,73907",1750998535,2025-07-09 19:43:31.642855
70e13784-7bce-48da-a9e2-fcba6d9ed133,c8eea828-eeac-4352-a58d-ab63c2b75d1d,"101095,101325,103200,105553,106114,106232,23848,25017,2559,26598,33580,34219,3598,37100,37446,40503,5403,6101,67966,7484,83478,85360,86554,93015,94800,94817,96193,96920,96977,97633",1718043710,2025-07-09 21:19:31.485127
70e39229-77f3-4208-8b01-5c7f55f95d5a,cdbd5094-6770-47f2-a5ec-0fc0e103d5bd,"108210,2217356,4498,5498",1737335109,2025-07-09 20:19:31.511716
70e6c9ed-5b56-40cb-823e-a0472f2ad8ea,055bd5ef-b116-4928-bfdb-5ecb0486c00e,"106486,107860,107933,108766,10956,38441,46269,76859,96083",1751165792,2025-07-09 18:58:31.654225
70ea4818-5aef-437b-9c25-046bc278d2ab,9c192d5f-d034-4a15-b6c7-67299ab4a88c,"10303,104423,108340,11632,159,17952,29871,33577,33585,37447,48518,77885,82053,94631,98349,99216,99263,99371",1750638836,2025-07-09 20:43:31.463099
7102ad0a-c00e-4501-862e-72baba596507,79dda42a-f45d-40cb-b9bb-5ac57b1b701d,"106513,96083",1752231324,2025-07-09 18:46:31.426409
714a6b60-9849-477a-a2e9-7e6832637846,7c5a619c-1992-4faf-ba1f-87380411dafe,"24702,90755,98741",1751796062,2025-07-09 19:10:31.750627
7150c852-3b72-4adb-9da7-5a30a23d60ee,f34ef69b-1713-48f2-9981-b737f0e8801b,"102084,105083,107849,109073,71995",1752454578,2025-07-12 12:40:31.55665
715e3a55-598b-4fbd-b01f-d7c001d5af5a,ed1eb922-a1e0-4152-8b25-79df65ba574f,"104735,13933,25503,5376,58576,58586,90554,91212,91239,9674,9850,98736,98873",1751170928,2025-07-09 19:04:31.645408
71794203-c796-48f3-b5d0-1184cb87addd,3cd858e8-3c58-4505-a34e-c944fb44c45c,"103744,105504,108413,108445,109644,110137,11520,17436,19221,2141115,2168703,22069,2209627,2209633,2209655,2209663,2209670,2209671,2249334,2256649,25503,27488,30255,30505,37808,41089,46269,4931,50523,52394,58576,58583,73907,78866,84118,86543,93978,94601,94631,95689,99224",1752287289,2025-07-10 06:01:31.512189
7183f6f8-af54-4a49-98bb-dfb09cbb0d4e,987c05fb-3b4d-4adb-bdb4-b2d1b80ae715,"101062,101063,105723,107757,108266,108295,108336,108613,23526,32040,45254,82308,89822,90427",1751676961,2025-07-09 20:37:31.608351
718c20d7-9c17-4cd2-95aa-8decbf5ec3dc,7087782d-482c-4775-b050-4c1f0f0916b2,"105917,106104,107340,107656,107751,109168,2156,29853,3229,33323,50539,55493,64699,84942,96802,97224,9729",1751915420,2025-07-09 19:04:31.645408
71938f62-8884-4464-b941-f1be77f3e9e2,62cbd21c-2c4a-43bc-8b5d-959fe789b3c6,"10637,40336,53730,62782,96701,97304",1752416933,2025-07-11 19:10:31.371089
719b92b3-e117-4622-b18b-e7a5cb66a4a1,f9b55ce4-94a6-4f65-9b47-0fad313066e8,"106362,107760,11654,14760,16948,82489,91262,96802",1751606915,2025-07-09 06:06:20.285942
71b7e4af-7ab3-49bd-81a6-0aee2e43c94c,b52edd71-4472-4217-ab1d-d7b86ec582dd,"1938970,1944236,1965946,2101873,2122408,2130575,2135870,2204663",1732249169,2025-07-09 19:52:31.520152
71deb9ce-f365-419e-92da-ae3d9f404cd8,68afc82b-2673-49b8-9d8f-f331a51679aa,"105763,106413,10956,19221,26396,30195,38441,44934,53561,57298,95670,96953,97092",1750712430,2025-07-09 20:43:31.463099
71fdff04-1ef0-4bb2-9d04-ff978d309f61,d4d6e486-c443-4313-8125-8e80e4002c52,"108770,37751,40817,44619,58586,93927,96656,99161,99403",1752120550,2025-07-09 18:52:31.536339
721d78fd-6602-4bcb-aaff-2d4553e76866,b42d9d7a-ef23-4745-bc6a-f14db70ac3ba,"105015,107860,107902,15684,2260015,53565,5376,83230,92262",1740853174,2025-07-09 21:37:31.433645
724ae6bc-fe24-4a3b-8021-3f8a6a0a0ce9,093d72e2-bb39-4288-8125-9ee05bbad54a,"24702,50408,50614,55493,58583,824,8445,99216",1752084021,2025-07-09 20:52:31.34132
7262d30c-8240-471f-9f36-e704887bd123,31e4db72-4ef3-49c0-a353-5ea88610528c,"104542,24536,2851741,58583",1750508648,2025-07-09 19:43:31.642855
72693ce6-ac41-485f-bd0c-c07176c58c3c,d65807d9-3d84-48e0-8f0d-531b46ba52e6,"102052,105723,2155604,26891",1751654824,2025-07-09 19:10:31.750627
7274131c-2ac7-46ec-9292-3a329211b140,925ce270-d1c2-4398-b580-a522a7af1bc7,"102492,103030,103296,1063,109022,13082,142,160,162,2225,2986,34542,48574,52753,58583,64249,78,83517,86543,87316,88240,89358,93978,94800,95045,9672,97285,97304,98625",1752466688,2025-07-12 12:40:31.55665
72cdd4b9-8e42-436f-b113-02b1d3083738,a200014f-95d8-41b7-b6a1-799b22d00437,"100001,100576,11632,24536,24702,25514,28986,38441,47319,58583,64427,93738,96701",1751824922,2025-07-10 18:55:31.478294
72da0668-73d8-47e0-8258-8d37075f265f,bedfbe1a-9798-411d-8772-b1980d5c3f9e,"100001,34343,52753,64249,93738",1752209773,2025-07-10 18:52:31.513517
72f5b990-e686-4589-8710-689aa2617924,28c05657-8976-456a-92b4-a98d4506d57e,102234,1751435575,2025-07-09 20:40:31.784592
72fcce59-3944-4189-accd-2514b542e605,c22d7a89-45a8-4786-b9fa-f782f087b8f4,"103744,104673,2071,2607,34337,42963,53561,5584,83671,84942,86323,95750,96118,96802",1751243682,2025-07-09 21:01:31.521295
7324b031-fbac-4aba-9721-6a78f54181f2,dc8593d0-f0e0-4f45-9682-66c2ee4b4255,"10021,37296,42294,7521",1752458803,2025-07-12 12:37:31.584738
73279ec6-97a6-419c-a82b-b168ec84b827,90f4aa60-fc0c-4577-b2ba-e2d1bec30561,"107036,23793,51931,87651,94800",1750560472,2025-07-09 21:43:31.40037
7346839c-c787-4972-8b1b-38f9d1c2c176,803ce1c0-f3da-44f5-904a-58699f3f96ae,"34931,37262,41020,46130,51263,62662,77946,94800,97338,98636",1749772948,2025-07-09 21:16:31.455148
7353d4ff-d32d-4932-a27f-b2ace3b53528,85d1c0f6-8cbd-42cf-9b94-2c855037120d,"101393,101731,102633,103332,107319,10792,108000,11653,1759,2073342,23425,2607,2858883,28701,295,89358,92411,94443,94800,97055",1752028399,2025-07-09 19:22:31.604565
73684aa7-fb02-4be9-b8ea-b5cf4b1319c8,ffa26d26-dc84-41cd-8b1a-0763c1d69871,"33884,7873,87652",1735636408,2025-07-09 19:40:31.494332
7371277f-b3e9-4003-8d88-d873dedff161,de180fcd-29b6-4003-aaaf-f26496544d89,"107503,107744,107748,107752,107858,108340,31250,59291,65742,7318,95834,96656",1752283991,2025-07-11 05:40:31.338301
737dc8bf-77da-485e-be94-f943c9331a27,6689dea4-cc99-42f5-9175-8785f01dc03c,"101095,24092,2607,61600,99344",1751835724,2025-07-09 19:10:31.750627
737dd5eb-58f2-4a0b-aaa6-0f9f1fa53590,5e8c78fa-86a6-4dab-ba76-3449744cef6a,"100243,19231,24240,25652,46269,55493,58583,61512,69106,94800,98739,99216,99248",1751509694,2025-07-09 20:43:31.463099
73807938-049a-491e-b76f-d0241380a72b,d04feb7f-5898-4a3a-a40d-66b55391c0f0,"101096,1060,20030,54066,7521,76859,94378,94799",1748979780,2025-07-09 19:52:31.520152
73a61707-99a1-4426-bc9c-16df066fa4af,b32e0b59-4ea3-4128-a215-56e9a7a0db7f,"106469,19329,24070,24536",1750105929,2025-07-09 20:31:31.402227
73a7f341-9bca-4612-92e8-e6039d1e0a05,59006427-0f17-43f2-a71d-1a33a53f29d4,"10730,3229,38441,46269,64586,71296,94799",1743395713,2025-07-09 20:28:31.628044
73abe66c-2bde-40e5-ae30-f8167bbf1a51,7f0a143a-c8d0-44cc-b652-f232e72835c7,97224,1752193514,2025-07-09 18:58:31.654225
73b6acc8-ade0-4827-8758-d30fe98cc7c1,940544d4-9e2d-4c6d-a12b-cea0c4d45fac,"104099,16157,62662,7309,84942,90427",1751398495,2025-07-09 20:28:31.628044
73d92be0-5e8d-496e-9b67-3ae446e2d09b,03c9a2a3-408f-4380-b05a-5a5528b8656c,"100235,103178,106789,10792,38441,65410,89358,99216",1724428842,2025-07-09 20:46:31.392832
73e0fca9-f4ee-48b0-8f77-e88ac211e858,636d2e60-2a24-4904-8672-6cfae1c66645,"104650,107740,42294",1749342817,2025-07-09 19:49:31.570096
73ea349e-3dd8-4e3b-a1e3-2d775e624af9,cfeb7fea-62b0-4555-93ae-5e2fbe6358f6,"106067,65902",1752127706,2025-07-09 19:19:31.413237
73ffc35b-721a-4701-bb9a-c6fcb162baec,f828f838-73f5-40d8-8f45-cc7833a0e89f,"102179,104072,105529,105766,105967,11369,3227,58583,58586,82687,96953,97224",1752209353,2025-07-09 18:55:31.759641
7404b4b1-3660-4ef3-b2b3-095b6e314793,61cb0acd-d072-4df3-bdd7-2ef4b967cb68,"26485,38441,4023,51931,58583,69106,83129,85188,98747,99344",1752262301,2025-07-09 19:58:31.343729
740a698f-3fe6-48ae-a670-2dffb8026290,4daf9f4f-3861-40c6-8844-fa53f548d853,"107627,2164792,2170014,44218,99216,99225",1751858445,2025-07-09 19:07:31.585047
740a9e8e-fb61-4d44-9579-a5b4080b45d0,42dc129c-3c92-4c17-b2af-713d7de7ff40,"10349,104099,104100,1623,42704,53561,62542,73907,8420,94631,94799",1751834787,2025-07-09 19:10:31.750627
741a4a7f-0209-4801-b7b3-5cb2bb33c45c,603c681e-f16c-44e7-8ac4-e975682d4b9e,"101008,102736,105555,10638,14301,16066,63395,83471,85124,877,89330,97080",1751831718,2025-07-09 19:37:31.407534
74213c53-b0cc-4ba8-82bc-d3ce0354f280,137123e9-2732-4801-a062-f582089f25f4,"24250,24324,39201,4931,5767,79524,98700",1752288645,2025-07-10 06:01:31.512189
74252dce-5cbb-4ab9-9ab6-702749b48d64,98641917-61e0-46dc-ad16-a3665cbb6df3,"106093,106504,107384,22290,24633,25652,37262,41089,41791,42294,45782,50523,61602,82324,96225,96397",1751691756,2025-07-09 06:06:20.285942
7431912c-19f3-48c6-a940-bd40789abcb3,6e0f2108-941f-497c-a7ae-8f651bbc35be,"108663,27692,41097,50405,51931,93978,94599,94601,95799,97304,97479,97791",1751473327,2025-07-09 20:40:31.784592
74321705-53df-4749-8971-86a1f412b792,be7e40a4-57d3-479c-b8ed-4deaebec5af2,"107760,58586",1751768438,2025-07-09 19:25:31.714795
744602d2-3748-4b66-b4da-598c3cbeb895,3241a921-cfd1-4087-a26b-eab2202458fe,"37247,58583,58658,65914,77946",1751765258,2025-07-09 19:10:31.750627
74524a2a-54a2-4e5f-88c6-76f14f2573b0,389614da-4682-44ce-9c2b-3241f2586e5f,"101968,102376,102751,105724,2607,2851750,2856636,29213,68177,83647,94317,95637,97078",1751066826,2025-07-09 21:22:31.50472
7458b533-dc1c-414c-881d-44bffc911c46,1da63636-5249-4c28-93ad-b0b0d85da277,"53561,86084,96953",1728836804,2025-07-09 21:43:31.40037
745cbbd8-1036-485e-ae9e-967a77101c56,2870e9c0-abef-4a22-a09d-f6334a6e94f9,"100879,10421,104798,26477,29341,38328,62662,8476",1752119162,2025-07-09 18:55:31.759641
747aff61-7ee1-483d-b2e6-9ea12f678cf8,bdf77bfb-a242-4a29-9b0b-cb68b09db9a1,"100068,100080,101731,10349,108122,11632,20795,24250,38441,44934,4498,55493,81396,85608,92490,94169,94800",1751728420,2025-07-09 19:10:31.750627
74ae939c-820c-4efb-85db-05df36022e57,cf1f76ed-9641-4c48-b58e-51893b9fdb66,"102955,103985,24702,43137,69106,824,89482,91788,94817",1751404319,2025-07-10 19:01:31.560317
74b94c29-a455-4f63-bcb8-170eccce3ddf,d1d0da3b-cd0f-4275-8b51-9e091c42a5b8,"107475,22469,87543,92638,98613",1751655718,2025-07-09 20:58:31.613441
74c89b3c-d31e-4ed0-bce6-385275eaa3ae,fa0a75eb-281b-4233-ac7d-86b2ac575f3a,"17510,2829239,43137,48574",1751573182,2025-07-09 20:40:31.784592
74cc4344-5e25-4806-98bc-6eabd4005c0e,1954b4e7-8547-4cc8-9ac9-d3283143df5f,"105745,106812,107760,109170,6391,96701,97304",1751225441,2025-07-09 21:37:31.433645
74cd992b-a4c0-4825-b84f-9c406ba2efc0,61c570ae-22de-411d-b06e-6ae59d0f7f0f,"109892,48517,49409,52394,65677,79532",1750667271,2025-07-09 19:52:31.520152
74d91cef-5629-4f8f-96c3-0dce86b7e1db,f38f9fe1-d342-4af4-9cd6-c7b8062b0fee,"15684,30195,81813",1746738616,2025-07-09 20:43:31.463099
74e21634-b29b-404d-a759-1f966ea2eb06,a9ebe362-a2f9-4fbf-aff8-beb47a824a3f,"100093,107995,92118,98613",1750675317,2025-07-11 00:19:31.492721
74e51496-94c6-4539-a821-e6ef06e1c4ed,e9c9eaf8-2de3-4616-8527-d326b1e37aa6,"104876,26891,48517,94599",1751255951,2025-07-09 20:40:31.784592
74e72164-769d-4a92-b0e9-921a772a3d26,571d982a-8fb4-49ab-831d-e745d2982179,"101323,106046,106355,106754,107762,108295,108340,108341,18165,24070,2854530,45435,50565,5403,77789,84854,85195,92510,96083",1751929388,2025-07-09 19:19:31.413237
74ebd326-fee8-4ede-bc29-70fc50a2c373,55f61e29-3d26-4eea-bb1d-9a8c9992cd23,"106601,23476,42294,45782,62662,76859,85849,94450,94800,96083,96397",1751344398,2025-07-09 18:55:31.759641
750814c4-0df3-4c2d-8fa6-0be2e82987c8,ff936587-c0cf-4505-a7e5-b01c855de3c7,"103949,104641,105626,106601,19329,38441,48574,52365,58583,77946,93015,94062,97338",1752040166,2025-07-09 19:25:31.714795
75117d38-be3d-42b1-bce7-1a794b46bf5a,303cd846-51ad-4b57-9337-7b522c87b822,"102200,103089,103297,106145,12010,16124,19085,37447,40709,43144,50565,58586,6261,83378,84072,85209,92562,95674",1725306273,2025-07-09 20:34:31.516539
7535f915-2804-4108-85e2-db918b852ac8,4a962409-9532-4d5c-9635-8add8468706d,"91511,96977",1747273450,2025-07-09 20:19:31.511716
7560971d-a14d-4eaf-8e8e-1b8942132178,edd0a009-680e-49dc-b986-bdcf0489908e,"106413,106752,107757,94060",1750907254,2025-07-09 18:58:31.654225
757217cf-8e79-4df3-8e0a-ca7b6a7537c5,542f9d22-47f1-4ce9-a222-5cee34c61c4e,"102916,16632,25503,46130,55493,58576,58583",1752282438,2025-07-10 06:01:31.512189
758b706a-99e8-43af-a97b-45b4e6a6eec0,9cf71294-554f-47ba-89a9-948af0e2def8,94776,1751207922,2025-07-09 19:04:31.645408
75904381-74ea-45ff-8383-f8ec7bb57df0,2cd0f2e2-0481-431c-8d52-83641720a91d,"105578,24702",1751720634,2025-07-10 19:01:31.560317
759052e8-e76c-482f-a989-a1a2c424b62a,72af5f14-9f7b-469a-9382-c12b287a07ab,"101730,105312,11501,11504,16645,17119,37489,42699,62570,91701,91711,97092",1749274152,2025-07-09 19:43:31.642855
759ec52c-1934-48df-b2e2-d07403d93551,5e963c76-b12c-4579-9aa0-66a34b3e7a23,"18995,2144967,26999,27690,35348,38441,41088,42294,42704,45782,67594,85510",1752456617,2025-07-12 12:40:31.55665
75a46f73-e2ab-4a1a-9327-8efe59d900b8,efdf690e-8360-48ab-adc3-0e8ca046b817,"108892,83129,94631,94776,94800,99224",1751392425,2025-07-09 20:37:31.608351
75a8f8b1-4ae5-4536-9c49-c56507c34ff8,e70b0b09-e570-47bd-ab60-54f4371f08b5,"103999,14293,19221,2082098,24562,316,65905,7521,76484,80068,94631,9839,98626",1719535357,2025-07-09 20:31:31.402227
75b272f8-4642-4228-b3bb-0847c66aaf2c,82a185b9-33c9-484e-a03a-e0dd1b9f8d11,"105626,105641,109285,109530,1910,27605,42294,42699,48062,50519,61602,89842,91308",1751597254,2025-07-09 19:43:31.642855
75b8a589-ae73-41c2-8728-5761c6d1a572,9236fad1-2208-488f-adb2-24634845b369,"110255,112,1662,16632,24092,24702,38441,39299,40504,42294,46269,53561,58658,61602,62662,79524,84912,84942,94648,96083,96660,97066",1752484591,2025-07-12 12:37:31.584738
75cb1cea-6aab-4fe3-b9f2-7c7adb399de3,4dc222c5-acbc-46d4-a428-b5744aeaa28e,"101056,101438,101708,103385,105626,106277,107751,10792,14002,19329,20030,26490,31025,38441,4388,46269,53561,5883,5884,81224,83266,84248,85190,91498,9192,94631,99224",1751567271,2025-07-09 18:58:31.654225
75ddb3bd-7572-49aa-ae51-e10926ebc22d,bcb16537-8f7b-4651-9214-cdbe0d147706,"38441,73838,90341,97066",1751918827,2025-07-09 19:22:31.604565
7610d80c-7aa4-451c-b37d-28be28ba1ce8,cbd02071-932d-40fb-9a5e-bd6623de3866,"104485,15781,2162,85163,89647,90575,99371",1751867516,2025-07-09 19:37:31.407534
7619ae23-7bf6-48ee-ac63-e6a8338da65f,73986165-cb60-4148-921f-cd04ee7fd71a,"11632,34421,40144",1733535539,2025-07-09 20:16:31.381882
761c5ab5-372d-4e34-82f9-898d8834d7bc,728d8429-a3d7-43cb-8f73-87c2fee84bdc,"105665,105852,34460,51248",1735348473,2025-07-09 19:40:31.494332
76215bb3-0ee8-4867-84eb-1175469fc387,991660b4-3bf6-4a66-b230-9ada4f718350,"101095,107212,108288,108578,37612,49005,7484,80014",1752375328,2025-07-11 05:37:31.442568
764b37b0-c482-436b-b0e8-45df1f7e2383,e3e9820c-fd9f-4dce-b59e-167c90ec7721,"106499,108295,42294,58576",1751932142,2025-07-09 19:22:31.604565
764ea286-a83d-4814-8696-bad64ade3f4b,1851fe99-68e6-4f80-8a7c-7c9d40d90a7b,"101369,101540,104428,11275,20796,22793,38441,599,64427,94060,98610",1752430143,2025-07-11 19:10:31.371089
765fad71-a2a2-4538-8171-43b5ed3b66d7,7c7b81c8-6a6c-4135-943b-cd11eeda528f,"100168,104380,11504,159,17119,2068,33405,38330,40214,46829,53542,58576,94599",1750392419,2025-07-11 00:16:31.65555
768e3586-dc96-4ede-b99b-119351e0e291,b8271839-cca1-41be-8f98-27ef93925caa,"106361,107751,24070,26487,41584,53565,67594,84942,94169,94817,9672,98712",1752414460,2025-07-11 19:04:31.380296
768e604e-9917-45ab-b89d-f71f618779e0,b220e32c-9b64-4ddc-9b46-17e9c829a5c7,"101540,105377,11130,2210318,24070,42330",1752261078,2025-07-09 20:46:31.392832
76ad7469-c76a-46c5-b3e7-91a1b3ed1150,1ea48ea7-0d63-4bd3-907d-5a3d2e03e950,"100243,105015,105017,105115,2164367,38105,45113,48517,54603,6980,85783,89305,94599",1725567013,2025-07-09 20:19:31.511716
76b38416-5c01-4c37-84b7-002f8a1507f7,bd10d36f-b0fd-4404-9dc2-a1b1ff539a95,"104176,48574,79742,94776,97078",1751680867,2025-07-09 19:10:31.750627
76d90c53-9ade-471a-8e63-9052fd777510,bafbdfac-b55b-4542-a9ed-d23c86faf782,"25652,459,50395,67594,90362",1751665512,2025-07-09 19:10:31.750627
76de13c2-2606-48eb-acf7-31b7db1a7386,f4a1fb37-dd52-4671-a205-1fb42578683e,"103744,295,40336,95272,95353,98636",1752355936,2025-07-11 05:40:31.338301
76e38d7a-c94b-4c84-a548-0f31e45c946b,b04437e4-3bd3-4b2c-9507-141856ec18ab,"12012,2223058,2228826,2228835,4701,79521",1752167277,2025-07-09 18:58:31.654225
76e860f7-7fc6-41c4-afbd-b0d8c9f512f2,a1059ef5-0b66-451c-8139-8fc0f8bb2afa,295,1744490746,2025-07-09 19:55:31.439331
76eb9b62-52e1-462d-892d-1ace0f5523d6,849f9ca6-b740-468d-a5ab-c04e7f96554f,"105448,11632,19231,2607,28654,33702,36818,53561,62007,80749,95886,96802",1752287962,2025-07-10 18:52:31.513517
76fd38d7-498b-4e9e-a16a-3ab98018db55,05427999-0cee-4b3f-87e3-626a25958bb7,"105626,1662,50523,73907",1751462320,2025-07-09 21:01:31.521295
771e343f-2ab0-491f-bc11-b3c81ef1b7ea,28d8cfba-bb17-418d-b886-3b8493552148,"11632,13933,17952,17995,36490,38441,3946,45782,50523,53561,64427,65905,7098,75100,824,83129,92219,93015,93978,95700,9728",1752286326,2025-07-10 18:58:31.529937
7736fd99-d524-4389-9a04-37a3ff522bdc,7ed0a038-3a68-4e73-9237-0374e66ae5d1,"105626,23425,50679,92424,94449,94631,9854",1751685730,2025-07-09 19:10:31.750627
7744bfb9-9975-4bee-9c5d-a12e63615881,b23f0f00-4dbe-4fca-a74f-46631a0e7d9e,"19231,23425,50523,8445,94631",1751525484,2025-07-10 19:01:31.560317
774ab009-fb00-4c1c-89c0-63423a985123,8a63b847-9c36-4293-b519-530b28dd12d4,"10421,1063,38080,5353,58583,64427,84942,90584,98707",1752357963,2025-07-11 05:37:31.442568
7752b25d-7fef-4e5e-b181-92059962f9b9,bed649ad-98ed-4764-9767-e6272f68f706,"104500,104876,23540,33184,4365,4495,58017,58586,83129,97550",1751864190,2025-07-10 18:55:31.478294
7757ef25-5ac7-43e5-9190-2e2020cef25b,9d6d24f0-33ce-4e7d-9f6f-76ef2b4a4338,"106362,107867,18065,37262,76859,77391,86828,96802,97304",1748835359,2025-07-09 19:46:31.620522
7759d4e1-54c7-4c00-bba0-5159b00696de,b9c8c1b4-f38e-430b-b71c-9e055673667b,"104917,106528,107895,16632,2162166,2267052,24573,2855,37447,43265,4495,51239,80749,83986,87650,99232",1752128589,2025-07-09 19:19:31.413237
777f0e8d-26ec-4d1f-aa51-f8139e8daf3b,d0b9daba-e8e6-4206-9d99-e0fd8fc8b0e6,"19221,25503,46130,51265,82308,8701,93594,96083,98776",1752280139,2025-07-10 18:58:31.529937
778d3349-1512-4f03-a1cb-e12a4362a716,fc749862-f0fb-41cd-8e9d-5363d8ea22b3,"100249,107206,20538,33962,35202,35204,68987,92688",1750935995,2025-07-09 19:49:31.570096
778f8d92-c0f6-444a-b804-e4c9f2af9981,86164262-b4e9-43bc-a87d-5c1c4ea281a4,"105766,5897,7309,88364",1742876720,2025-07-09 21:43:31.40037
77add60f-dc7e-4941-b658-9150e40bc07e,89aba12a-4193-4537-b5d0-cdfccc5720a1,"108340,58576,94227",1752190663,2025-07-09 18:55:31.759641
77b28edf-d80b-433c-a0a7-e83facda2bee,c5a64f89-984f-4075-bdb9-6af74ee2c1da,"102409,107579,10913,82818,87315",1751640096,2025-07-09 20:58:31.613441
77e48b3a-4f98-4d79-822b-76c9c3b34660,bb46d5fd-a4f5-423b-bc1d-bec4b736ea18,"100775,100797,104100,107902,11275,11520,15791,15941,18065,25645,30439,52394,58583,76772,79524,9192,9365,97078,98061",1752225194,2025-07-09 18:49:31.587698
77ef68c5-41b3-46a8-9705-2d4e5969e082,797ffab6-7d73-4ccc-b1d4-24a6a27e5324,"107153,82435",1750448951,2025-07-11 00:19:31.492721
781baece-d34b-4153-94c9-cdd461ae10c5,cd203899-4c5e-4e26-9b78-45c0d614b722,"103744,104876,106551,108891,110204,13827,2033611,24584,25611,26485,28995,71728,99263",1752040953,2025-07-09 06:03:20.402123
7822ad8c-87e3-4522-a42e-e147d4cea4ee,c2466119-37b7-4160-b4b5-4c45fdc2ec08,106789,1751342914,2025-07-10 19:01:31.560317
7836016d-c984-464d-bd90-92b36e676ecd,c334ba7b-dbc5-46b3-b951-e847c88c4efa,"102125,10792,12012,2147093,4249,459,79524,96024",1746911988,2025-07-09 21:25:31.482511
78363f42-5380-4a3f-92bb-a9aed1d1927a,9fce0e3a-8843-47b6-ac01-1539372a38d9,"104615,105082,10637,106812,107860,23873,58658,80749,81864,89163,91456",1752033959,2025-07-09 19:31:31.303473
784a4950-4fa6-429b-8bea-8c4f68fb6bec,54fcbc49-ac61-441b-b7ca-47f45d8df3f8,"101097,105763,106550,107948,11369,24250,24702,37808,4295,43144,45782,48574,58583,67573,73907,80749,91212,94631,94800,9672",1743116183,2025-07-09 21:37:31.433645
787337b8-f049-45f1-99eb-ab4efa9acc15,48fb1e13-5609-4ecd-8f42-f5027d78494b,"106009,106501,107459,109572,11275,1662,2051762,2068527,2068529,2094964,2134354,2198327,2205413,2815148,2815497,82308,94227",1752038070,2025-07-09 18:52:31.536339
78951dad-9715-4da1-9809-b7b5b09506c2,694f6e95-e858-4569-9703-80e64801724c,91936,1740938313,2025-07-09 20:22:31.445516
78c04486-1c5c-448b-a3ce-5532dd69f36a,b29e667b-a941-4b34-8668-3fbc15553da8,"102524,103669,11792,3389,42294,45782,46269,69106,83129,83266,96547,97304",1752116977,2025-07-09 18:58:31.654225
78c5ae79-378b-4797-b7f2-6b77e8be0b67,5b8820e7-ee23-480a-8055-44c23a9255c8,"106076,95851",1751603433,2025-07-09 20:40:31.784592
79041f24-6658-4782-b88a-a45c6087efc8,232eb7d6-f0b0-4e90-8bdc-22bc8cf2b535,85433,1723052306,2025-07-09 20:22:31.445516
791b4f2f-5cea-48c5-9ffa-f49acfabfb7e,fa8d56c9-3e2c-4b42-8ec8-7261d783852b,"24250,53561,58583,64249,64427,69106,79524,92312,95673,99216,99263",1752200979,2025-07-10 18:52:31.513517
7940e3d9-357d-47c2-b8c1-a2a4c125b85b,fed13d8d-8e38-42dd-8a19-2650b6ffc6fe,"105626,107760,1662,88864",1751559966,2025-07-09 19:22:31.604565
7953dea6-dc9d-41be-b807-1e25dca0ad51,da82f3e9-e9f3-41c9-99bd-465ef98d4c40,"100816,101371,101897,102736,105151,105422,105767,106551,107006,108881,11275,24250,25656,26596,27711,40406,84168,89219,92121,92920,98610",1752105212,2025-07-09 19:37:31.407534
795e5db4-8033-4cfd-ad33-4c64edbd73c5,a0dda200-a7a3-4422-bdc3-cfa24cbed92c,"13240,1739,17995,46130,52157,54603,58583,58586,58658,62662,83696,96225,96248,96640",1749582853,2025-07-09 21:16:31.455148
795fedee-7a67-451f-b82b-06e436d0c9d7,4c08ccaf-4624-4bef-a0b4-2f3f1bc3d421,"105235,107444,1691,170,24571,28712,37808,45772,54062,58586,6600,71361,72397,7521,7542,766,79467,79755,90015,9081,97791,98700",1751962908,2025-07-09 06:03:20.402123
7971fee6-13e9-4180-a031-c8065883816e,5e86ddd7-132e-4f62-bb2a-4c17dca4739b,"5220,97871",1751873735,2025-07-09 19:28:31.448042
7977d8e6-35bb-4f9d-9773-6aad8be7d8c0,d779d785-efea-4dab-b19b-01b31ad11cd7,"105766,106354,106651,107341,20795,21293,27463,42106,57130,67370,79524,94060,98061,98270",1745096373,2025-07-09 21:49:31.460853
798464f9-4c7a-465a-877f-6b4eb09a1371,67b41261-db3d-4ef5-9f89-b0f54d7c9b9e,"1943213,1949148,2033363,2090428,2092815,2101873,2105220",1716501712,2025-07-09 20:46:31.392832
798ae7a3-7801-4e16-a571-4c654dd2ee53,cfceccd5-810d-4522-b151-2acbb8b4c38f,"104485,48004",1751739627,2025-07-09 19:40:31.494332
799742a0-6ee6-4073-abba-24755ce037aa,4bc875c1-7c7e-4d21-ba51-b03e10f5e033,"106054,14061,2069471,24070,31791,92300,97479",1723246430,2025-07-09 20:19:31.511716
79a92ec9-7eef-4850-b9ba-d4fb3ea769d6,5563cd0c-562b-4fd6-a6cc-3b3c78d017b7,"10303,33493,57091,58131,62531,86634,94601,97304",1751604439,2025-07-09 20:40:31.784592
79bc428f-f5df-4326-aaa7-7b81478a10c5,9387da80-89c3-4464-9ee4-ad5363e0d3eb,"10791,27006,33184,37808,46269,52684,52753,53561,64427,69106,91191,94217",1751589340,2025-07-10 19:01:31.560317
79bde6e6-991c-43f8-98a8-3be022b59ed5,b5ee922d-52a8-48ad-a365-d468dd89be08,"103314,107088,11792,14904,24702,24703,6391,8906",1735047680,2025-07-09 19:43:31.642855
79c051da-6c1d-4af8-b0ef-578e5810c633,34ec5433-ad85-4822-b0a5-192c8798866a,"106355,108707,109548,2815152,87218,92920",1751824893,2025-07-09 06:03:20.402123
79fe56b9-8702-43c1-b20e-d6619a69a3e9,27dc9972-8aac-4f44-a07a-93aa2ed9f366,"104176,105657,107953,18052,2225994,24092,25652,27615,35236,35462,39334,40709,42294,45782,46269,47551,58658,59332,85163,85849,88728,9129,93892,93978,94378,96660,97304",1748860435,2025-07-09 19:52:31.520152
79ff3e48-93de-4a47-91a4-61935778e4f1,7d19428b-9dcb-460e-a450-e78b2f5c74f4,"42294,48574,85163,96083",1751832852,2025-07-09 19:25:31.714795
7a0d278c-0d4d-4030-8ddc-eaadf2c11679,747c048a-20bb-4f14-948d-3356aaa9d5f0,10421,1752443181,2025-07-12 12:37:31.584738
7a14748b-ffaf-442e-ab79-e3c6d38982c4,dbfa2e19-5474-49d5-bace-0d9516786eb4,"103429,25503,460,87155,8906,91611,94097,94599,95799,96625,96707,98692",1751759184,2025-07-09 18:58:31.654225
7a2eff28-12c2-4b1c-aa22-2c3a5e77fadc,97decad6-eae0-4d7f-a669-7adf347b0bdf,"102433,105787,107328,107751,107831,21292,21293,2132907,33577,33578,5674,67799,79712,94025,94817,97217",1742711017,2025-07-09 19:49:31.570096
7a316b30-ce99-4a40-9e75-25348f4002ae,0cbd7399-f248-4833-a346-35a16b9c6d53,"11724,13983,2607,32636,38441,40975,48574,52394,57298,58583,61600,64249,76470,83129,85189,91191,93978,95673,97092,97101",1752437717,2025-07-12 12:40:31.55665
7a3fb8e6-6c28-4999-ac62-96952529e636,44dc3ccf-6fbc-46ea-92ac-ab25a7deaf21,"106949,108513,2155604,25615,49005,75100,7880,86373,95364,96446,96699",1752089596,2025-07-09 19:22:31.604565
7a471d24-f993-47a8-a4de-c1a6c97cf940,75cbd36d-f486-45d2-8da9-1c48caf9babb,"100880,101646,104176,109007,11275,1254,15791,29367,43336,44218,46269,52157,52394,86543,89190,90542,91574,96701,97092,99371",1752189014,2025-07-09 19:34:31.343546
7a764d1f-88d2-4e9a-be26-af21a13b960e,80c30134-b68e-4f9c-bf4a-2f4e3c8f1258,"1910,24070,38441,45435,53561,91546,97412",1751422627,2025-07-09 20:40:31.784592
7a7cddb7-7e55-4eb2-800f-db6151addbe6,b8f0d786-9410-4156-8ded-61a2aa6af393,"10329,19237,2144703,53561,53565,71728,94648",1731443022,2025-07-09 21:49:31.460853
7a859a40-1817-42c0-9c7b-265d0333414c,3eac598a-a69e-4590-8f6a-98bd2d875fbe,"101608,106700,17119,17995,37262,43137,43144,4931,50378,58583,61602,64427,65902,67257,91788,96446",1752122147,2025-07-09 19:04:31.645408
7ab50b3a-a8af-4c89-b689-d37447112d96,694d0c67-afd7-4fc7-9b0b-b06ad9647e5c,"12012,14994,2210891,223,2253594,43137,58583,58586,94776,96627",1751562163,2025-07-09 20:58:31.613441
7ac3f430-d96b-4c20-be2c-9559a9e99491,3efafabb-f6ec-4343-a1fe-ba29c87a53b8,"104203,107155,108184,35348,45782,53561,73907,76470,88253,91691,92295,97092",1752434653,2025-07-12 12:40:31.55665
7ac52988-f6f5-44a8-8d7b-eaac5b47e85d,c73aa1c1-df6d-4527-9513-82df67bb1210,"100328,100603,103381,10440,104936,105725,107153,107179,12476,73312,73838,83969,8476,92687,98358,98610,98710",1751157378,2025-07-09 21:07:31.368637
7ac8aad7-221c-4240-87b0-b068cb6a680e,d409325e-fd05-45fa-817b-1509985340b1,"104176,20192,21159,2138137,25652,83696,97078",1751672795,2025-07-09 19:10:31.750627
7ad9b492-01de-430a-ae98-d1a1c26e60f9,c30de622-5060-49a5-a3ad-58dc668aa40a,"105725,24702,46130,46269,58576,83129,93849,98700",1751819171,2025-07-09 19:25:31.714795
7adc7c1c-7290-4b50-af32-6b9c9374ba6b,a8c9ca93-c663-499d-b1c5-8b799b7456d5,"102084,107760,109581,3640,3644,39328,44408,50539,51931,57295,6005,6007,6743,92271,97565",1751911450,2025-07-09 19:46:31.620522
7ae1945e-ca84-4c0e-a9fd-731df82f6d6b,6c0cdbc0-4f50-4c9b-9538-56b86869ad95,"108903,12775,31574,38441,58586,61602,99216",1748235040,2025-07-09 21:34:31.499073
7ae358df-5f53-4ac3-b0a0-10d72e0c6563,52ff75d9-65bd-4652-9057-f7faf6d332bc,"107612,109940,15791,25697,43320",1752457522,2025-07-12 12:40:31.55665
7aeb197d-6560-4aa9-a90f-8ec46b299910,f47c03d4-2649-4ff5-a457-75db6f6c00a7,"107740,107755,108663,108772,11633,25708,66991,83129,93946,96397,97066,99216",1751434844,2025-07-09 19:46:31.620522
7af67772-7648-44b0-9e43-e0a915e3885d,a3671871-e096-4b07-a04d-9bfcbc899598,"107752,38441,40504,41097,45782,46269,51263,5614,6114,96083,96397,96942,97790",1752120315,2025-07-09 20:46:31.392832
7b0c0e91-08df-42be-b058-3a400f09d276,44e21c1f-a2a7-4cd9-b891-cf46bb065ac6,"104485,104673,1414,1910,23509,54107,73907,83696,94097",1750374253,2025-07-11 00:19:31.492721
7b10f250-55b3-4b67-b23d-5a5eab6d5880,36daf874-fe40-40ed-a095-b9139688576b,"1943699,1964835,2018922,2120520,2204664",1738544464,2025-07-09 21:40:31.522517
7b1527ec-5793-4ae5-81ab-e88fa0545420,d66590bf-d18e-4b74-8296-30fbfb2c98f8,"101545,101874,103200,105103,105531,106501,107025,107473,107709,107930,10817,11254,11521,18065,21350,23920,24938,2686,29358,29520,30551,3227,38441,52753,53078,5376,58576,58583,58586,64586,73907,81812,8715,90566,93872,96827,97788",1738181627,2025-07-09 20:31:31.402227
7b2004a1-acd3-4fe0-b2f9-822bc1520dfb,8909f5b9-c5a9-4b6b-8776-85385da975ed,"101097,25503,50405,58583,94025,98575,99263",1741759555,2025-07-09 20:34:31.516539
7b29cf73-a20a-44f0-9815-868f8f3aaf6c,e8466165-179c-4be7-bdb8-a4e7198c3e01,"101730,104176,105917,23591,27548,38441,460,58583,94773,94800,96953",1742506261,2025-07-09 21:49:31.460853
7b33fd2b-a71e-4c16-9a81-f5ac6baff854,1da49e23-4dbe-4c52-8428-6da4874044c1,99216,1751921171,2025-07-09 19:25:31.714795
7b364884-df03-4982-81a6-0f55e3cd1e8d,cdb2b9a2-e3c3-4057-99e6-d13f149a64b0,"10303,48574,56648,58658,61600,76859,81813,96225",1751601715,2025-07-09 19:25:31.714795
7b49d487-22c0-4eed-b711-cb79809047e7,53e5331a-f946-46f8-b6df-318286bf0905,"105827,107793,108880,108881,108922,109433,73064,76412,80014,85163,89272,92184,98461",1752197980,2025-07-09 06:03:20.402123
7b4a5d5d-fe5e-406e-8817-f9697ee6e0ab,a324da38-8814-497e-9888-5f69b9c4286b,"11275,25503,37808,46130,46269,51931,5376,58576,58583,83129,86543,99263",1752179926,2025-07-09 19:01:31.673767
7b573b00-b750-47ca-b274-50c37ac32550,6d8370d6-0049-4cd7-ad38-17079f6a4bb5,"12597,3485,5353,98776",1750738579,2025-07-09 20:22:31.445516
7b5760b6-dba9-491c-8d16-885c5891d9c8,02f7a57f-0add-487e-ad77-7d65d48d54c7,"100328,102087,105266,107082,109285,53561",1751476716,2025-07-09 19:43:31.642855
7b64b2b6-46dc-4a2f-96b6-55b4dcc58bd2,7a58a437-7268-4952-8023-149e1b5be092,"101731,102107,105661,107264,107285,108345,108998,109580,17119,2235724,2822631,2828603,2855396,40499,41791,56876,58576,62662,62721,76859,84885,88892,93978,94601,94800",1751698718,2025-07-09 18:58:31.654225
7b6af9e6-2747-40a6-b3a1-682a551a3849,4599c186-404a-4d93-8783-980f991a99c9,"101766,104615,2033211,2068228,31780,37132,67425,96605,97443,98126",1736546067,2025-07-09 21:40:31.522517
7b8537ee-eeef-4d28-b34a-45872c93ce3e,bbe04ed7-5480-4f76-b49c-151b89869f5a,"10421,105422,3562,47111,58131,61602,83341",1752118031,2025-07-09 19:34:31.343546
7b88e86d-bb0f-42d5-a218-77d1d80a270a,6d64da2a-e828-4c7a-aa2f-10d6602b11a2,"102968,104876,106398,107155,107428,11654,11724,19085,37808,5376,58583,58586,75100,97092,99216",1751320426,2025-07-10 19:01:31.560317
7bb68628-5ec5-4b11-a877-bf30eebd0dac,8b74e2df-0ad1-4ac6-aba4-4da49d1a745d,"1910,71209,83696",1751392610,2025-07-09 21:01:31.521295
7bffd80f-b55f-46aa-8c20-489081478432,4f24991d-5c18-43aa-ae24-d73bc21b4828,"100745,100766,24702,77380,91191,92312,95673,99344",1752076543,2025-07-10 18:52:31.513517
7c0bcbce-57de-4573-a9c5-4f8537fcb644,3882c1cc-100e-4d94-89bb-fd797bac752e,"105017,108561,12010,2161145,2253606,26789,2851763,2854556,41097,51931,58583,87651,94599,94817,95442,97175,99344",1749565004,2025-07-09 20:01:31.36324
7c0c9545-05c5-450f-8593-b79c3dabc92d,0dd791ac-b5d4-4796-9c80-261e66f825ba,"101330,62662,91691,95673,96729",1752446049,2025-07-12 12:40:31.55665
7c0d272b-2dd6-4b01-89a4-6d4827b7a13a,56ae4e6f-0e1a-4a9b-baf8-f9cfd299abe4,"34595,45113,93016",1738096324,2025-07-09 20:19:31.511716
7c1ae072-84e9-4945-a77f-5a757c59bb9e,582f5cb5-4c3a-4d07-8737-d6425d7f1f3d,"23425,6980",1751661225,2025-07-09 19:25:31.714795
7c2026d6-d51d-4c5e-8391-dcafefc02c05,6b14950d-fbba-427f-a697-43577e219bd7,"16124,25652,48574,85292,9819",1751643533,2025-07-09 19:28:31.448042
7c2a0927-61e8-4c80-9453-3843b109bf4f,89ea7d4b-ea64-4898-a189-49d93177e68e,"101608,102916,106042,37447,38441,53561,64427",1752091387,2025-07-09 20:28:31.628044
7c2b2aa3-6725-448c-a3b3-145e6f1d6fe9,c7221ba0-251b-4ac9-ace8-4899cef9ae48,"100082,100735,101068,104357,107341,107752,24171,27582,45776,46130,50539,61600,70806,80749,85175,9129,96418,96953,98700,98872,99216",1752112767,2025-07-09 19:01:31.673767
7c38a7af-d60d-415e-875e-a5f45c19c871,67ae84b9-63e5-45b5-b814-290b45ae3445,"102565,1662,57297,83129,94060,94062",1751700417,2025-07-09 18:52:31.536339
7c3fc6be-8afc-4b94-a55f-88efdda3094a,19c8b681-0f46-406f-aeb5-bc20271336e1,"54603,57297",1751772484,2025-07-09 18:52:31.536339
7c4d4543-cca0-439c-b3cc-4315336f0f24,cf18e1c9-544d-4aa9-a9ff-d71d3ce743ee,"105843,2226467,42294,58583,58586,96701,99371",1751761055,2025-07-09 20:58:31.613441
7c520b54-e71c-4f5f-b3cd-009d839d79ad,ac80b195-d9a4-40d2-a0e1-64bcb3f31cf6,"107076,107902,51248,89357",1751957733,2025-07-09 19:04:31.645408
7c58872a-8878-4655-874c-9a70eca6a6df,9ca7d5d8-9384-40ef-b3e0-2dcaa1fd33cb,"108705,12662,17834,2086587,2214689,2254649,2811005,2811006,44619,68761,68762,94833",1748820170,2025-07-09 20:34:31.516539
7c620afd-6583-430f-97a2-abaf48e50d00,6d691c9f-b421-4d7c-8318-424eb6e3079e,77885,1733499510,2025-07-09 19:58:31.343729
7c637eb0-8d3b-47f0-a693-e1f99b5f86e0,5ee50b34-2337-4e3a-a2a0-909a722c479f,"107693,107698,108270,108614,109698",1752380246,2025-07-11 05:37:31.442568
7c63c1f1-3d4c-439b-8017-41e1c70bb7e2,1d75eada-fd35-4d06-a889-bed7de78ba74,"1662,2027415,94097",1751518373,2025-07-09 20:40:31.784592
7c75fb26-61e9-411b-b4ee-7741835d1b59,787073f6-a665-4c9d-8a1d-308afe0004e8,"17914,38441,50596,50679,58658,94817",1751248794,2025-07-09 20:40:31.784592
7c77ec94-3887-4607-b223-32784bc7e183,2228c222-b2e7-41c3-9392-ba753ff0e313,"100816,18643,24562,24702,61600,84118,85627",1752199774,2025-07-09 06:03:20.402123
7c78e905-611b-4f54-8c10-fb97a52f5e8b,86000555-b475-4502-8b7b-c315e7295b63,"109481,109581,109694,15597,62483,97790",1748725769,2025-07-09 19:46:31.620522
7c86a0c4-6f72-4a92-9a67-72a1b6927f79,62d2ddc0-b154-481d-9c0e-714a13217086,"107711,109285,11632,1910,27605,5584,85190,95680",1751553981,2025-07-09 20:58:31.613441
7c8a7b65-6517-487d-9fa7-26fdd3a0a917,82aea092-c109-41d9-a24a-9481da55c48b,"14293,17436,28707",1742126156,2025-07-09 21:19:31.485127
7c8fafe1-268a-44ff-b1a5-2c5de50a45c4,b7217c4a-ec83-4265-93e7-4f45a7f264ff,"100816,10770,11520,2814687,37808,58583,94817,96083,97066",1751847784,2025-07-09 19:28:31.448042
7c98f46e-4384-448b-8c0f-cb5e6242e0fe,447127b6-ff75-420a-8da1-4b633d58fe27,"3131,84865,85175",1751935608,2025-07-09 19:22:31.604565
7ca28d49-a98d-4d87-b42f-88efefa3b4ab,c6149b1d-2256-44d4-81cf-227e843202a6,"53730,94800",1751262629,2025-07-09 19:25:31.714795
7cd2b065-b43b-4fba-a2e5-44ace04f7257,875560d6-2ad2-43fb-92d4-7590810f0f78,"2115,90966",1751481671,2025-07-09 20:40:31.784592
7ced0755-8d29-4bc4-a31e-1062bf37d72c,b4d337ca-b20b-421f-b10d-6225c96e44b3,"105657,107082,108922,109189,14760,38330,5786,767,8641,89395,98491,98700",1752336285,2025-07-10 18:58:31.529937
7d06ee6b-d504-46ef-9b1a-122214f7024e,e84883ea-d2d2-44ac-8ea1-59632e18d7af,"106730,23793,25503,62662,89163,93015,9672,97304,99090,99216",1740591221,2025-07-09 19:49:31.570096
7d0cf8c0-05c6-4209-9f9f-90d55ad0a4c3,6e9b8a77-4a28-4243-8c67-989e20e9b81b,"10421,105846,15989,24425,24702,30439,52528,80024,98700",1751998472,2025-07-09 18:58:31.654225
7d0e1e8d-42fc-4cb3-97ef-4e32000bb898,67ddc0e4-2f98-4472-952f-08222fa7f12b,"100645,10770,11632,12397,2263528,33577,41584,54603,57032,57298,5884,67594,7098,72943,7521,86917,88674,89482,92975,94734,94800,96083,96397,97338,97553",1752296367,2025-07-10 18:58:31.529937
7d4bba35-f0d6-4c63-b4dd-f6d913ad6b0a,1fa6c666-7f27-4905-a7a5-378f153042ac,"17286,51834,91231,92271,99371",1752097023,2025-07-09 19:19:31.413237
7d591a5f-a6db-46a3-847e-3942d394a194,aa4811ea-8ed6-400d-a06f-1ed76c8234d1,"102517,10727,2048239,40213,98700",1732256711,2025-07-09 20:31:31.402227
7d6be61c-1591-4ebc-83c7-7bf000d2baae,3081dd02-c048-4e38-bfe1-6ae9b19845d6,"2209648,2209665,58583,58658,61602",1751951849,2025-07-09 18:55:31.759641
7d753631-72c9-4779-8374-33de9e6294a0,a1f076dd-994a-4eab-956a-7ab1d51f123f,"2048239,2048243",1748744870,2025-07-09 21:34:31.499073
7daea15c-493d-4074-890e-3b5678b258e3,a7cb3588-7dfc-43d6-ad09-232a30aa7ab3,"104021,106369,107400,1305,20030,37808,40504,44940,45782,53561,61602,64427,84087,91262,99263",1751164315,2025-07-09 21:07:31.368637
7daf0334-b9f9-4bac-92ee-8df489b62729,cbfd5e36-d652-40fa-90d7-893cb4b92454,"97304,99344",1751765010,2025-07-09 19:07:31.585047
7db982fc-15b1-4c1a-9980-c0ec64b2bbe4,eadbef09-41b1-4a15-a5b7-d7a311ddd1c7,2054192,1721347816,2025-07-09 20:34:31.516539
7dc0d62f-9ffa-42ff-b22b-caeb0eac9328,3ccc23dd-8a54-46c3-a505-d54730477300,"100243,103429,105018,107141,10817,108513,19329,295,30255,4023,41051,44218,58563,58583,58658,61602,6357,771,79532,9129",1751843989,2025-07-09 19:04:31.645408
7dc86331-1882-45d8-bafd-58f25fd602be,2a83b32a-e064-4910-a0a7-5437df2dcccc,"12138,24702,39201,7521,86616",1752031559,2025-07-09 06:03:20.402123
7dca2ce2-f782-4459-9f4c-5187247c72aa,54c8c939-af22-4ee0-8428-27a63efeb57f,"107898,53542,93839,94378",1752205791,2025-07-09 06:03:20.402123
7de3d8d1-7da4-4ed2-88cc-2397261f40ae,857a81c4-a573-497b-a0a6-fd15070954f9,"104481,20796,37808,42294,43144,45113,53561,61597,62662,64427,83129,92312,97055",1752442558,2025-07-12 12:37:31.584738
7df791e9-f245-42de-8c04-40c505e6f466,f45d8769-34cc-461f-a417-a9a2a8f905ed,"102968,11917,17257,24571,38441,40688,58658,59043,7521,81224,85160,85180,85189,90584,93005,95673,95697",1751835860,2025-07-10 18:52:31.513517
7dfe2c04-3100-42e6-991a-f4bad7c4fcbb,7082b5b3-7b41-401a-88a4-d3f462100f57,"101438,106601,107018,13148,20282,27488,29428,51318,5376,54603,56136,61600,64427,85654,88728,90969,92261",1737087699,2025-07-10 06:01:31.512189
7e035056-4d2d-4371-8582-b7fe2eac1036,b5fcb4b6-a7e8-4beb-ad71-45e10ec36463,"105626,96625,96707",1751680812,2025-07-09 20:37:31.608351
7e097ba8-4300-4f29-b7eb-a02e5b7b0db8,0aae6d38-cf5e-4cfc-aba6-66ffc171f13b,"2042469,2100369,2103904,2115149,2220203,2220204",1746760860,2025-07-09 21:22:31.50472
7e0ad071-94c2-42ca-b43a-f7e236a96a13,a6ebf07f-936d-407d-aebd-6aa87bf3ef37,"10638,106746,13084,13240,2071,25615,2792,29204,40406,46455,58576,64427,6621,84087,90542,90584,96397",1752270037,2025-07-11 00:16:31.65555
7e17e97a-82d0-4634-9b60-7c22af97e47a,1ad3384e-8f5c-4aaa-848e-744fda1d2ad0,"101097,6204,62483,65905,68177,96555,97787",1747860847,2025-07-09 21:37:31.433645
7e24c741-f3d2-4867-a1d8-5603402b76a8,5d5d7a49-04cb-40b8-937c-4c9f7c23d590,"101080,101348,105099,105725,106009,106827,11633,13083,16833,295,31278,32025,37661,43336,4701,50523,55597,79521,80749,91612,94800,96397,97711,9854,98823",1734161853,2025-07-09 20:19:31.511716
7e37a7b5-a5a1-47ce-9f86-f2340ed494b2,0b431c3c-8bc9-4927-82ab-7effccbfa57d,"101097,11724,19085,2138137,38441,42294,80014",1751774685,2025-07-09 19:10:31.750627
7e58cedb-ee61-4c75-9924-0f00920849c1,b8bebc01-588e-40f8-a28c-7fcba54b55c7,"101670,105766,40290,44377,61602,82490,92261,94631,98808",1733547909,2025-07-09 21:13:31.422326
7e7443b2-f64d-487f-ac22-7e0daad7df98,a11616b9-8793-4ea3-b189-96808d33e3e4,"10638,107312,46269",1751781252,2025-07-09 20:58:31.613441
7e7e47fd-ad89-416f-b38a-9d8d67429603,bbde5e3b-563e-471c-91d2-78bdde57b3e0,"106486,56295,67594,75100,95799,961",1752474636,2025-07-12 12:37:31.584738
7e86322b-5e17-4361-b45c-d7cdd92251b5,c3a1af35-26aa-43b3-9648-17687702ee6e,"103645,104176,106114,107036,107748,108513,109137,109511,2194562,2802,28996,3229,42294,48633,50679,57091,71936,7521,88892,94060,962,96351,99344",1751233763,2025-07-09 21:19:31.485127
7e882474-51e0-434e-ab5d-38244b233e42,080472c6-8290-4877-a393-ec278b5ab461,"86160,97092",1726871165,2025-07-09 19:46:31.620522
7e8ca1e6-d9b3-422b-95e9-3bf1508f39f2,50cdd03f-1fd7-458b-a592-8b791d3be2d3,"106009,89720",1743076167,2025-07-09 21:25:31.482511
7ecbce86-0014-4f6d-a08b-99ea6507aedf,ee7b8949-ca39-4f50-a37b-178ab5d4b95c,"104135,2607,53561,58586,61602,80749,95933,99216,99263,99371",1751135475,2025-07-09 19:43:31.642855
7ece48b3-fe62-40e1-a031-a9e50c2a76d7,60ffe2fe-cf57-4a8a-b59a-6c320b39a2c5,"100120,19329,2149398,3229,42294,48517,50539,55493,58583,58658,69106,73907,76859,83649,85180,94601,94800,99216,99344",1752027563,2025-07-09 18:52:31.536339
7ede11af-b0fc-41b8-8228-32895454c933,204adcb2-fdc7-4f2a-9a46-eb69bbea9feb,"107902,24250,34430,93978",1752466429,2025-07-12 12:37:31.584738
7ef878c3-e21d-40c4-8be8-35e252a9a965,8f5af266-64a5-4457-8dec-de5d632dbcb0,"107902,961",1752395107,2025-07-11 19:07:31.675911
7efc169a-fd44-4b43-9182-85a6d0266aae,299fbb61-397f-4477-858e-52433239dabc,"28832,48457,82308,9672,98712",1751949077,2025-07-09 06:03:20.402123
7efffaf8-ef03-461c-99e0-b25d95ccca3b,7426d7e4-d655-436e-b1bd-9bc829c6273b,"22507,23062,25652,50679,59052",1752260061,2025-07-09 20:25:31.345235
7f0aa5e0-518e-4267-a2cb-c88d561c4397,d91d4a6c-df51-487f-ad6e-605becc6fe26,"100641,101810,101811,11795,4178,6463,67144,97619",1749856659,2025-07-10 19:04:31.302353
7f17bbd0-4d81-47a1-a44f-52d4d1246b8c,6a1f663e-7f92-4cd3-8afd-17444fc5bd5a,"100343,101796,106454,107263,108287,12010,14641,14849,23425,35685,36485,37100,37444,45782,54603,55493,64586,65902,86260,91611,93007,93978,94379,95357,96547,97338,97653",1752300276,2025-07-10 18:55:31.478294
7f45fc0a-b4ee-4131-b83d-c082c0ea02c8,7cd35245-8da4-4fd7-bdd2-f960419f0621,"18176,67594",1736885645,2025-07-09 21:25:31.482511
7f47b335-3656-45cd-a144-cc811535a0dd,86823b5c-2132-4471-a01d-2de7348cc702,"106551,17119,24702,30439,82309",1752192494,2025-07-09 19:10:31.750627
7f501a32-3eff-4198-a06b-c0115287766c,b684eb1a-79fd-4bf6-b580-3ce9b46e7f09,"2260830,2265510,2810984,4249,50921,97978,98872",1750870318,2025-07-09 20:46:31.392832
7f5edc8e-3a27-48e8-851b-133035037c7f,0d2b4ba2-6622-48f4-b237-c90ad92953a4,"105771,105784,105832,105889,2010,93743",1722309634,2025-07-09 20:22:31.445516
7f7763ed-abd0-4ed6-b669-6ade3ca919b7,3d807765-a1c2-4a84-87c5-5b7557bbab89,"106740,16914,24702,25697,2686,52528,61645,62662,71921,76412,8906,89359,93004,93849,96977,98821",1751525959,2025-07-09 17:45:20.222232
7f9bdfeb-a9ed-4b9e-9e0e-65bd32509e89,08db57d6-fdea-4e48-9d22-62e2ffe4f7e2,"102173,1910,2157702,49705",1751924215,2025-07-09 20:55:31.375308
7fa0d40f-2180-4c5b-abdc-78cfebc1b49a,e05d6346-5c28-42b2-9aca-bfb4f8ea25fe,"102329,106859,107867,2158523,21833,27605,57032,58583,62483,80741,94378,97101",1748372087,2025-07-09 19:52:31.520152
7fb56c20-b3a4-4919-814d-25df8039a941,7ee71774-1e1b-4552-adcc-684873cd815a,"104054,2233178",1735801073,2025-07-09 21:28:31.336454
7fdf9749-0391-4684-a24e-cbdcc0a63a81,54488b0d-7e5e-4363-8b3e-d6d710b839f0,"107344,2158,39299,46829,962,97175",1749532594,2025-07-10 19:04:31.302353
7fea3c2a-ce17-4937-80da-22bcb2f21c88,757f546b-f237-47a5-99ee-115c5c6ae855,"103505,12138,99371",1751047001,2025-07-11 00:16:31.65555
7fee56fe-b855-42ca-ad4b-6a1382297718,99f2fd42-1afc-4381-8ce4-c961024ee080,"12772,2144967,91936",1744608280,2025-07-09 20:22:31.445516
80356730-ef74-4781-a4ac-e20e37de50de,d28bcfef-940d-4cfe-bc2f-cfc9376d744e,"105917,106550,106564,58658,65905,77946,94169,96370,99818",1752440610,2025-07-12 12:40:31.55665
8043a245-cd24-4f8e-a250-0cc7d6d81f08,b5046bd2-08e6-49b4-a254-9f4ff5c057db,"107739,2065667,2155599,2157789,2193179,2202060,24070,26485,32568,43324,46269,61512,61602,80672,84729,94776,94800,94817,94904,96660,99216",1751918458,2025-07-09 19:07:31.585047
8049cc0a-5cdf-4c29-b348-98f88381f273,96fb078c-5aa6-464d-be4f-0d2193a954c4,"103187,106770,16806,27693,30439,53561,54603,66133,71602,94525,95674,96701,96709",1723791401,2025-07-09 21:40:31.522517
8052df80-3459-4ec0-a349-cb61d0ffa24f,6a272b03-6bb0-42da-ad5d-b7a8aa0024a2,"21931,62008",1752003032,2025-07-09 19:07:31.585047
805ad845-f472-4e2c-bc72-cbeea4baf5d9,bea308b3-b067-42e1-be06-6321ab6108bd,"107955,14293,2116227,2830193,30335,61602,7521,89367,93015,96083,97830",1751984766,2025-07-09 19:04:31.645408
805b5ef9-ea0f-49f9-af55-ce81cbd5899d,3b8c6137-c28c-42a4-b160-a2d415fdbc58,"105724,106240,11633,32439,58583,63920,64427,96701,99216",1735845247,2025-07-09 21:22:31.50472
80687377-4950-4c1d-9e93-eda3e2073b4d,b4430f5a-25d4-437e-aa64-7629bd283207,"104105,10791,13367,26478,43336,62010,92962,98818",1751519630,2025-07-09 20:40:31.784592
8069f7fa-38d1-46c7-92aa-d887af59c6ce,5b66d4b8-a5ba-4def-9fae-c7e92af21b16,"102172,105018,107345,10956,1763,18508,25503,2607,38441,45254,46130,48466,58586,61400,61602,61858,64427,66032,7801,7978,90584,92509,92533,94773,94800,95062,97175,9819,99344",1750305883,2025-07-09 20:19:31.511716
80704592-3fb4-4c79-b216-ed0137eb7599,b46c73de-5758-4393-a70b-7547f731e87f,"107858,12597,1662,40709,58583,6114,65902,68987,85163",1751264950,2025-07-09 20:40:31.784592
807150fa-d952-4a19-87e4-dd51e727d586,7d7dc288-1acd-42b5-8dfe-ca73aab1168e,"15941,95160,96625",1752174059,2025-07-09 19:19:31.413237
8079c49f-acc1-4d08-99bf-21359e87fa4e,32ab77df-893f-4350-98dd-b1b2fb03eb81,"104357,27605,46269,54066,824,98822,99216",1749955918,2025-07-09 19:43:31.642855
807cd0e0-1d5a-4deb-9de3-34d918bc225e,21db4f9b-fa03-4554-86c4-d9ef475a668b,"1145,1374,19132,21292,21293,2142076,23591,49516,58583,58586,79521,90563,9065,93868,9496,96142,97782,97788",1738291670,2025-07-09 19:55:31.439331
808e8fe7-8bba-4ff2-8cd8-a37daa6354fd,3bb11318-63b0-4bae-8826-cc28e3fcc6cd,"106564,12397,27814,58586,95493,99263",1752303594,2025-07-10 18:55:31.478294
80ae219a-dfb4-4c6b-b2df-69b1f8cc063a,9be76ce2-9ed3-4550-90b2-66d1f4dabc3d,"102331,106076,24250,24571,3131,37808,46269,5353,85189,90584,97006",1751318232,2025-07-11 00:16:31.65555
80d09303-b601-4764-bfc6-5de2834f8cf8,ae11507c-4ca0-4d45-abae-77e6b8277e7d,"11632,68219,88463,97092",1751516330,2025-07-09 19:40:31.494332
80d0cb8c-64d4-4f5d-bcd4-8b1b1f56743e,e06284b7-a9b9-45ad-8a7a-e99f7e3d2d11,"105905,2245772,2839462,2851750,2866517,92638",1752295838,2025-07-10 19:01:31.560317
80d3e212-e189-4fd6-8cb7-78435dd43592,99d49d42-aeb1-489a-afd4-ab3fdb2b80cf,"21833,76470,96977,98075",1752312045,2025-07-11 19:10:31.371089
80db2690-9564-483f-b488-22f5664114bd,3bcc10ea-4527-451c-8be8-be3c484e08b4,"100745,101701,104349,22069,39299,40405,43320,64249,79524,95702",1711632207,2025-07-09 20:46:31.392832
80ef80b4-4bda-4a1d-be06-b015b8efc097,a94f6a91-7a49-4083-bfc2-c2050773ddf7,"107752,23425,47071,62483,76667,81224,94776,98628,98700",1751335501,2025-07-09 20:40:31.784592
8119e29b-2b08-4497-a348-b50f30eab965,20b9787c-8a27-4e6a-a45a-8a0477c1f8c8,"2254649,50614,73838",1751940028,2025-07-09 18:55:31.759641
811b0e98-dfae-4bfb-8d62-799f78015a16,89c2b756-abd9-4e2f-95ef-1705a74dfcc0,"107297,108222,108626,108891,13255,23062,2792,33493,35730,51201,54603,5767,61512,85163",1749146474,2025-07-09 21:22:31.50472
814041fa-6dec-48e8-8347-2a00d18f4b35,ced44243-7517-4a6f-aa8d-e435d0fe9071,"103314,107740,107902,42294,76859,89357,90427",1749215698,2025-07-09 19:46:31.620522
81413ee3-b244-48bb-a340-65e68e3ceb3e,c1320d25-3dce-428c-85f3-8da9bde3a88b,"2197740,2198981,2199389,2212850,2220970,2221004,2228995,2238733,2254930,2254939,2254968,2254969,2256549,2262850,2816034,2855269,2866451,2866452,2866462,2866463,2866473,2868681",1752199641,2025-07-09 20:55:31.375308
8143570d-b735-46f9-a9b3-a41feb50371f,3f0a31d5-0a58-4d58-8959-7816db8c95b8,"108345,109385,17705,23543,24702,29190,42294,44619,46447,58658,59345,70806,79995,96418",1752428906,2025-07-11 19:04:31.380296
81530f7d-0d7f-43b9-99e9-4ed89f8fd8a9,0bc98c7a-85f8-4310-a386-be92623b0996,"102396,105626,25652,51248,58586,82309,94817,9672,98389",1734879247,2025-07-09 20:22:31.445516
8156df61-4151-45b2-8e7a-38a822b70f3c,febe9dad-6c20-4e1e-8765-1cc05c1a01e7,"10421,104543,106265,98741,99403",1752193926,2025-07-09 19:19:31.413237
81688b7e-92b9-4ecf-a711-e566e19166dc,c1b38af0-a528-4eb2-ac28-9eb59b8bea4f,"10022,104143,107196,12189,16912,31628,3229,34201,40336,41097,49004,56852,57099,62662,65145,76945,87024,92357,96083",1752340702,2025-07-11 19:07:31.675911
816939ac-3aec-4988-ade9-86cc3add4492,2443acd3-83e0-43ba-92d5-cc2ea5878cc9,"10438,105081,10791,13985,22408,24250,25652,29425,57910,85180,96960,99344",1751556321,2025-07-11 00:19:31.492721
8180a803-1b4c-4302-bf0a-7726d3da999e,1c30801b-d81b-42b8-bdc2-90e7d1794634,"61600,6753",1751961209,2025-07-09 20:37:31.608351
81884ffe-6e62-4108-a93e-e48477f2f6b7,9c5195eb-49cb-4d45-bd89-800921308220,"2048239,2839461,2860091,8908",1752326965,2025-07-10 18:52:31.513517
8191cd2b-9b64-449c-b69f-d810bbfb944f,04fb096e-d53f-462f-9afb-ea2b17996ff7,"107860,109482,25503,41089,5376,60536,99171",1748305326,2025-07-09 19:46:31.620522
819edc01-b46e-4e8c-8543-be955e8ea402,72ed12af-71f3-4c78-a67f-ab520bde1fc9,"106355,106812,108295,27693,2833282,2860124,2860160,2860180,2860203,68987,96083",1752217659,2025-07-09 18:46:31.426409
81a05f89-610e-4d87-8882-f93c0712c32d,08888b6e-45d9-4713-b5bd-50be9c8b64b8,"105626,107895,108961,109429,2252159,2607,2810176,2830880",1751902985,2025-07-09 18:52:31.536339
81a89482-f7c4-4d4b-895e-580c7a1f827f,7b3c74a8-fe6f-4049-af6b-91e674520f57,"100745,102923,104019,106400,12012,13442,21159,2607,37447,37808,42294,54066,58583,58658,61602,69798,79334,89441,90169,94800,98636",1751325752,2025-07-09 19:10:31.750627
81ab2222-f651-47af-9d79-609ae8e3e3e3,0cda8133-3756-4053-a28a-9d97f1ec4f6c,"105438,19206,2197154,66648",1752326883,2025-07-10 18:58:31.529937
81dea7e9-91a6-483d-8690-ccd3928571df,7a57796f-e6e6-40dc-b060-a590d28040d1,24250,1752368885,2025-07-11 19:07:31.675911
820a0764-cea5-40cd-8cf0-757e9dcb659e,c81de9c2-4a4e-4c67-9d11-d9892b2feae8,"103458,106242,107074,107748,107829,109137,109521,109702,109737,109738,109901,2193139,22301,2828393,2841277,30878,41088,41584,6101,61600",1750263566,2025-07-11 00:19:31.492721
8223ec80-db21-41e6-a99f-3eff874de33c,6405eca8-8485-4da2-9576-5f46ee50df33,"101097,101301,105883,106715,107956,14009,23848,24092,29852,31276,37808,46269,5376,58563,58658,77784,87316,93978,94227,94799,99263",1741987024,2025-07-09 21:49:31.460853
822a2c10-cb69-4f5d-8bf9-6dec5e749eef,063b3886-44e0-4b7b-879c-9fd31cfceb40,"104442,15316,2048243,27690,46269",1746735578,2025-07-09 19:52:31.520152
82338c9b-80a8-4ee8-848e-d7f5323a46ce,460c3670-6f9a-43e6-9d51-43f222e4c3e6,"101876,103299,104876,109235,16632,17960,43144,437,47755,48574,54066,54603,56285,58586,61624,73907,77241,83129,84854,85163,86525,88463,901,9172,92548,93015,94601,95750,96083,96603,96699,99371",1752030452,2025-07-09 19:01:31.673767
824b3733-b6bb-41c8-b0d1-f3205fc6738e,074ecc0c-7d55-4ee1-a9cf-d6fa8b928e2b,"101095,101731,102633,10438,104876,106395,106413,108887,11632,11792,13983,16124,16620,23425,23814,24092,24250,24702,40504,41791,4295,43137,45852,50679,58583,58586,62535,62662,64427,67997,68991,77149,80749,81224,81812,88463,94601,9594,96888,97479,98741",1751662157,2025-07-11 00:19:31.492721
826b2d38-60c0-4709-8bc4-b4d792cce0d7,14fa0fc2-d7ab-41ac-8ec9-c7904e5b73ec,"105641,105970,106362,15791,39201,58576,58586,71406,79524,89482",1751792495,2025-07-09 19:25:31.714795
828a6214-bcce-4431-b63b-40985a03a9d7,e4873d54-ecdb-41bc-be28-095d48eb8607,"105017,105626,23425,295,5923,95353,98636",1751934452,2025-07-09 18:58:31.654225
828e236d-29e3-4bf2-89d5-8b8a68fd1501,01722ee7-8563-401c-ade7-c51fecf570a0,"105017,15275,53561,68987,95573",1750169832,2025-07-09 20:28:31.628044
8297b6d7-837e-4c14-a112-b97dcf1c0f62,f22bac2a-97b9-4f42-878d-4bddc458457f,"101278,102392,102577,102968,103512,10421,104222,105555,109503,11592,1283,16041,20822,23541,26789,27548,28652,38326,4178,42384,63395,63400,72943,76395,82290,83589,84187,8420,85110,8639,86895,89657,90206,91630,92893,95680",1751661452,2025-07-09 20:58:31.613441
829c29bd-f53a-4078-8629-cc786a58a67d,d9a27759-8198-40a2-ae3b-8fbf13397b36,"101811,105978,107858,22191,76859,99216",1751330783,2025-07-09 18:58:31.654225
82b13478-067e-40ca-893d-cdefca766c2a,4e1ac7bf-5825-4e55-8371-d91f980aef12,"106278,108184,26485,6017,79524,98700",1752088812,2025-07-09 18:46:31.426409
82b7a5e5-492d-4fb8-a542-605dbae2281d,5fec9e3f-d118-4650-bd4f-a525e2d2d3ac,7521,1752121360,2025-07-09 18:55:31.759641
82c21f18-1a1b-492c-b6a6-c09f940ab8eb,5bb3d2ea-3f9c-48f3-950a-669aca34c605,"103999,104100,11632,2158,22740,23528,25652,30439,40336,41587,48062,58583,61602,63587,68987,73312,79524,87333,89305,89311,92219,94227,94599,96083,97224,99216,99263",1751860213,2025-07-09 19:16:31.314342
82ce181f-a333-4715-8c4f-e2ba602123c1,58dcd88e-a1d5-4b0e-8ce1-42d7778ff4b2,"105626,106601,107756,107759,107860,108336,2607,41089,48517,70313,83378,88728,91611,92219,92262,95272,95637,95756",1744994614,2025-07-09 19:46:31.620522
82f4833f-11ed-46d6-b7d0-b17cfea08cf1,17c3fc6f-f7ac-487d-9489-bfd2861c2c88,"107760,108270,11520,37262,56285,58576,61602,79524,79742,93978,95160,95364,95573,97338,9854",1752159642,2025-07-09 18:49:31.587698
82f82aa7-c7ad-4f90-9e61-270bc193f166,8cf5231d-2311-456b-8a58-c71674a555f9,"101292,101881,104973,105953,11275,1662,17906,2031001,2226770,2238306,2833280,41088,50523,50539,73064,92053,92262,94800,96699",1751744773,2025-07-09 18:55:31.759641
82f8a80a-a259-4e23-953a-ada42415dfbd,f1eb183c-d5a1-4cde-b395-bc4bf41be061,"93672,98821",1752466932,2025-07-12 12:37:31.584738
82fba3ee-aee9-402f-97ab-e4ad7388e526,2509c49a-1eeb-4641-84a0-d51fc06b06d7,"105223,14002,1910,24536,38328,99216",1750427590,2025-07-09 20:31:31.402227
8304edc6-ccd6-456d-8f4d-792ed6e934dc,ee18b06a-fb3d-4fe2-a1d5-1680674f5f99,"1063,1254,65902",1750367106,2025-07-09 20:28:31.628044
8309d584-1a1e-405e-9e82-c44e4624ee17,7ba33b42-a638-4503-8708-bb5da98068ae,"102491,105212,107745,11275,46130,46269,50539,58576,58586,59270,86543,901,94450,96659",1751899024,2025-07-09 19:22:31.604565
830f4885-d0cd-4010-9929-640e3f08b62e,ed491569-bbc2-481a-be23-7f16bac77748,"2148663,24171,52753,56209,58583,77957,98741",1751939494,2025-07-10 18:55:31.478294
83179fed-72dd-4b27-b5e6-b35d636cf8d9,c2a3007c-b902-4554-a208-a1d0dfa9e5c3,"102237,102341,106294,107995,22274,26490,62483,82489,87965,93015",1751055979,2025-07-09 21:04:31.429108
831805f4-e0f3-4b77-b315-8b71b6c118d8,866e20d1-82f0-4b1b-a25a-1b52a4d99a26,"29204,82489",1752283603,2025-07-10 19:01:31.560317
8345b062-19a8-4e5b-bfec-7a1b756c0bb8,64d6a35a-18a4-4971-b3cd-00cab5d149ae,"26728,74787,96083,97711",1750597332,2025-07-09 21:34:31.499073
834e481c-5f08-46a7-897f-08186fd16250,918eab32-db8d-44e6-95bc-137c8453fead,"104744,107747,107902,109743,109746,35348,52753,88674",1752424741,2025-07-11 19:04:31.380296
834eea95-c363-4328-9146-b8f1b8131b22,6fdc5f1a-3cf4-4213-b0d6-d01c3bf7695a,"107739,1662",1751478795,2025-07-09 19:43:31.642855
836382ec-e62c-4cdb-a3a5-8da05ad5d190,8ff4dfd2-79d2-4c0b-8e98-21fc13a1a967,"100954,104401,104485,105422,106195,108473,109285,1910,2252643,24259,88990,92638,94096",1752092925,2025-07-09 18:52:31.536339
83816862-ba3a-4bd7-a804-eccf6cf6ecd0,e4eadaef-0769-4905-bbff-baef2ed61f94,"10349,17060,4369,58583,6753,98712",1752425471,2025-07-12 12:37:31.584738
838aae80-27b5-409e-98b2-0d5ca9f26200,bc2bc42a-c203-460e-916c-1602b7db0d1f,"11275,140,2164792,30505,7573",1752295372,2025-07-10 18:58:31.529937
839e0dc6-c83f-4658-ae46-62c5607a0bd5,2048b0c9-f69f-46e8-a8e8-4256c310d550,"10349,11369,45113,55220,5524,7521,94800,98700,98872",1725911588,2025-07-09 20:19:31.511716
83a6692b-ae6a-453c-94bb-081c4eca6e44,22dace3c-d7c8-4daf-b0c1-c302319d9478,"100644,10421,104368,105723,105931,108242,109008,109757,12010,18283,19085,2148654,34504,90569,94817,96357",1752258056,2025-07-09 20:55:31.375308
83ab32d8-b3b4-440a-a643-2afdf797ba2a,9f0b282a-cc5b-48b9-b4e5-a7426ee8bc9c,"103093,105265,106279,106369,13933,1662,1910,20044,50523,58583,62782,64427,79786,79925,96083,96397",1751330751,2025-07-09 21:01:31.521295
83b17e37-218a-4934-b620-2f019c037ef4,0fe5201a-dc93-4b5f-bcd4-5c2a30b1aab0,"104203,104718,106076,1220,1283,24250,30505,58583,61602",1752328904,2025-07-10 19:01:31.560317
83c70ad5-5a2b-4658-9472-d9db0eb3f67b,5186a8d1-7c16-4d29-bb79-a74486640737,"11633,2237,47057,58583,6603,91611,93870,96977,97895",1750037363,2025-07-09 21:16:31.455148
84197ecd-a5af-4572-8252-5b2f08612b8c,70e3c6fc-ab26-4fa5-b4e2-1dcf3598d4d0,"10638,107153,107884,23793,42294,58583,79524,824,88463,94800,96225,98602",1751720738,2025-07-11 00:16:31.65555
841fd62f-cbb8-4100-9294-cff8af958078,e838b965-d762-4f23-b38b-a9ea8a0bfae5,2120324,1723335888,2025-07-09 19:55:31.439331
842651b3-a98d-4993-b22f-fe102fb59312,8709de1e-469f-44a7-80ce-d758377bb835,"101424,104956,104957,106076,108074,108079,13091,13644,40063,96973",1752280616,2025-07-10 06:01:31.512189
8437bad8-543c-447f-8344-ded80b6df82b,330c3c1f-a5ca-467a-bbab-5b73b2d52c21,"102173,11632,2607,39623,41097,43144,58576,62662,83665,95933,97338",1750529056,2025-07-11 00:19:31.492721
8438a7fa-237e-48d8-8183-844e009a9c60,aed5c514-5ae5-423c-85f2-2fe6f2c153ad,"1628,52394",1752211105,2025-07-09 19:16:31.314342
844935d5-304d-4fdb-8f88-7d8ef901502b,b8c512aa-172a-4c4b-99d8-adbc7da1cbc1,"3227,65289",1752188827,2025-07-09 18:58:31.654225
844b7e41-988d-41f8-9438-e887e286091c,fe79c9e7-60a4-4cdf-8d07-699d660b1c98,"105626,107860,13138,25503,81224",1750946955,2025-07-09 19:43:31.642855
846b80ef-de70-407f-a2dc-740f1d009b49,952a75e5-6da5-456a-906a-a468f31c41c6,"105626,94631",1751255130,2025-07-09 18:58:31.654225
846c0711-7644-458e-950e-4b334d7f8fd2,e08e3617-553c-4106-a09f-ccd091586e41,"10730,11185,20339,34364,50539,8908,97479,97481",1752187882,2025-07-10 19:01:31.560317
846d344a-e4b4-4cf0-a530-199da35dcb3c,9b7935f0-fcd8-467a-bd3f-e7c2824fd2af,"30505,45782,46130,53561,56648,58576,64427,73907,84942,94800,94866,97092,99321",1752159332,2025-07-09 18:49:31.587698
8499e5b5-a156-44f1-b855-4d26c703d99c,b1ec34c8-5819-453e-a78d-bace0650b423,"104176,107752,107760,23425,24240,25652,26891,50679,53561,58654,71936,7521,94776",1751256037,2025-07-09 19:01:31.673767
849d303d-58ba-41aa-8b24-2787cbb31696,08fb3aa9-9667-4d9f-91a2-1d903d1d9921,"101095,104229,112,15791,2379,26154,2802,37612,38441,43336,5220,8445,85175,94151,94800,96388,97095,97711",1742575963,2025-07-09 21:19:31.485127
84a20b00-85d8-4d28-a686-d955cc052b50,6ec5463b-27cc-4aee-bf21-33e7a147cc29,"24092,26891,73907,94776",1751674398,2025-07-09 06:06:20.285942
84a640f8-bf89-44d7-8404-c98d09194172,5d5ad7d7-7323-4efc-9bc0-b18ade59f132,"107650,2070609,2158,2214705,2246343,2802,34312,58563,69106,74731,76470,81224,87333,94599,9854",1751804988,2025-07-09 19:10:31.750627
84e06117-3f49-439c-be38-15a5a8daf5c1,ebe38b8e-040e-4d75-831e-05cc173060d0,"26650,85960",1751426748,2025-07-10 19:01:31.560317
8513fcab-4eff-4a46-884c-d24b325029db,ee743672-cbc1-43a7-8205-b3b6640418a3,"101796,55597,5764,64249,66320,91618,96372,96671,98783",1737269225,2025-07-09 19:52:31.520152
8534b75b-97d6-474d-ba88-88ea5310ccaa,0d9f08a7-3fd8-4278-8d35-b9c957bf733f,"100373,100695,10421,105826,106018,35632,48062,67200,67997,71543,83521,97224,97712",1749242953,2025-07-09 19:43:31.642855
8553e438-2b36-45e5-9537-02ba69b559cc,13fe8940-0bc4-490f-b1d0-54cb67796241,"105007,32636,66012,91308,95681",1751929418,2025-07-09 19:07:31.585047
856777c5-1ff2-4747-bb34-9e26ccab28f9,e4be06af-06e1-4b6f-b251-064aad6a5cbe,"101095,106652,2792,48518,71886,81402,94612,94800,99216",1750559308,2025-07-09 19:43:31.642855
856eda62-96d0-4de6-8257-2a4f54e3006c,6eda4f44-7008-4188-b6b6-254c8c5b2fd1,"102200,102824,105723,107336,16951,19221,2055263,41584,48574,69798,73823,77946,92920,94800,94817,97078,98822,99216",1752411345,2025-07-11 19:07:31.675911
8589e572-15c5-496c-a0ff-935035a2cf7d,f8102a13-4f5f-4629-a048-f06cf9e0fea7,"2113554,2119802",1727546471,2025-07-09 19:55:31.439331
8591d3f3-a9d8-4312-ad2f-625d7beae7fc,3b367f7d-c3a6-49fc-84f3-8204cb4723ea,"101878,102524,104756,104917,105667,107656,2858334,2858336,37132,54597,5889,65914,68297,82385",1752032453,2025-07-09 19:01:31.673767
8599bd87-ea8f-4492-a4f0-6bb3b262f814,1479a1cf-25bc-4f0a-bd21-7b2d832a68c0,"107994,19085,24092,48574,6541,87080,91788,96696",1751636619,2025-07-09 20:58:31.613441
85a15f30-96cb-4cb5-9201-fa69438ffbad,1677ff4c-af37-410e-b0a8-630c9fa01ec3,"100251,101324,101325,10260,107074,108340,13237,2254649,3102,41089,41097,50523,58576,68227,88528,94535,96660,97788,97790,98567",1752356872,2025-07-12 12:37:31.584738
85a7f36f-cc2e-4670-b349-2736a0d99753,ca176af0-3476-4ce0-a776-a14d7289ec2f,"17042,1910,24070,95933",1750982666,2025-07-09 21:04:31.429108
85adfce0-f193-4d70-a748-ab304f588b5b,148cae9a-d78f-43a3-a378-1a6ab00e5c8f,"101730,102107,104100,105626,105967,10663,107540,19096,23425,25860,38441,41089,41097,45782,48574,58583,58658,67147,80749,88892,89456,93978,94800,97304,9854,99090,99216",1752182227,2025-07-09 19:19:31.413237
85c3198f-6a8a-4d26-95d0-0dda0b7e8515,17298c06-3795-42bd-9a5a-5e52ab542c59,"38441,53561,92301",1752464143,2025-07-12 12:37:31.584738
85de2d66-d77a-418f-b31a-c9f68d29534d,3071544e-d38b-4075-b955-32bafb9d9fef,"104099,104876,11083,54635,56285,7309,97984",1751648955,2025-07-09 20:37:31.608351
85f13929-5c87-4997-bcf5-d40af1fb8f25,3cdf0291-774a-415e-bcb2-effc61f09c54,"109832,20836,22207,31295,70579,73838,77787,91309,95118",1752037150,2025-07-09 19:22:31.604565
85f98acb-3d4b-49f6-8b08-5196ca948a21,2fcb3961-ac06-4005-becb-5fd1f7ce84a5,"2607,43137,58586,93839,99216",1749100182,2025-07-09 20:34:31.516539
85f9a92b-537b-40c5-aad3-a8c58d9b6120,d460df56-0f8b-4f9c-ac8f-22ee670f3ac2,"10956,24250,85180,97959",1751831472,2025-07-09 19:19:31.413237
85fa475d-7c3a-40ab-87c1-e907cbf54038,aa6e304c-bc15-462b-a39e-cc0564634826,11275,1751206298,2025-07-09 19:04:31.645408
86073d24-ce10-43f2-9ceb-d669bc45d094,bd065050-8d6a-4cf7-b3b3-5c5e2d3a6fe4,83696,1751762524,2025-07-09 19:07:31.585047
862c80ff-460b-49f2-9d90-7b75c4a06691,c78c1adf-d369-436b-bcb2-0f669d1405ab,"10411,23793,2802,5123,55524,58583,58658,61600,64427,73949,92449,93868,93871,93872,94800,96660,98387",1739769457,2025-07-09 21:46:31.314864
864ac800-44ed-45f0-9c19-3ddb23370fa4,955819ea-2979-4822-af76-d0250a8b76c2,"109166,109195,2052,38441,42294,46455,57297,67149,95750,96689",1752078392,2025-07-09 18:58:31.654225
866e55d1-8289-477c-9cba-a7bef8700668,dfd4e5f0-03cb-423b-8ce2-43cdb752ca27,"109585,11632,2845211,86555",1752430923,2025-07-11 19:07:31.675911
867a120a-6b0b-43ea-9733-10f8943ad0a0,865116ad-8f32-4414-a9e8-e23750aa80e4,"102968,11632,14760,24070,37612,48574,53561,58586,64427,7521",1751541734,2025-07-09 21:34:31.499073
867f6628-0df7-45ee-9c1b-5e614d580bd1,05163890-a97b-4fb1-9ce8-bbf8a92e8307,"107319,107344,109416,97224",1752286859,2025-07-10 19:01:31.560317
867fba02-e5b2-4fa2-9567-d5be3b0fa4e2,8e49e284-4023-4d16-bb43-c400808b8add,"2048239,2064781",1713570564,2025-07-09 20:16:31.381882
86814559-23b9-46ed-8707-3cd8a4f74900,dbbd3895-bbbf-4bc9-813f-02a5574faff9,"106245,35071,37808,53561",1751580726,2025-07-09 20:58:31.613441
868cfb5c-172d-41aa-8326-c752043a0a7a,ead14348-7d84-452d-9a6d-6abe321b5e43,"17257,19180,51248,55524,58583",1724167111,2025-07-09 20:28:31.628044
86b76de9-9065-4fed-a228-d69e50492633,c6612acf-84ff-417b-b604-ea8517b18c19,"106076,107753,34232,35683,79524,83696,86635,97224,99263",1752109441,2025-07-09 19:01:31.673767
86d3f0cc-acda-4948-b29b-420846b1cc04,2114ffa7-a54f-4a20-b5de-83717eda4625,"14519,16632,3012,50523,56285,58630,60612,61600,71602,89855,9496,99216",1716052726,2025-07-09 20:28:31.628044
86dd2cc9-0a5f-4933-8821-92651367d6f2,c7d710c3-1a30-437a-be5c-0e35dcb19c85,"71728,7521",1751506806,2025-07-09 06:06:20.285942
86ed7c39-0b9d-45a4-a91d-a63edf9a0bb7,055232d2-f3ed-4e32-81c1-09d6eb3b5c33,"105605,105846,106041,106501,108295,108336,2862916,32961,33577,94450,94601,96083,96547,99263",1752311249,2025-07-10 18:55:31.478294
86fcf21d-173d-4f21-8cbb-6fdb95ab34bf,7b80da15-8934-4ac7-bd32-a3fc4620a286,"11792,19525,38441",1750711951,2025-07-09 20:31:31.402227
86fd7488-2bdf-495b-869a-9984d360469e,b92db13f-bc53-4706-a582-9429d581b734,"102614,102751,104631,105591,108337,13082,19220,2116227,2253030,22742,35561,56876,71602,71921,73064,86217,89827,95353,96348,99215",1742677270,2025-07-09 21:37:31.433645
870049cb-f034-47da-81ac-471c11177be0,0dc795d7-2012-4448-90c4-d969f3f3c5d0,"107857,108301,13082,29843,39801,69106,70806,92219,94800,98700,99344",1752229938,2025-07-10 06:01:31.512189
872bde15-a05b-4e22-928f-1ae7814f6a2f,7048c8b7-2655-4f68-99e1-b73ee1e35db0,"106497,13765,16632,23591,24259,68987,82308,93927,93978,95272,95680,99090",1752074111,2025-07-09 06:03:20.402123
873e0f66-adc4-40a5-aef6-6bb07608e3a1,efc418bc-541b-4757-8ec5-72adeab0ec7a,"108206,12622,3229,32484,33028,37296,40975,44218,46269,5764,58658",1747190269,2025-07-09 20:28:31.628044
873eac72-ab45-4d0f-83af-dadeac572a1e,414a19c6-4d49-49fe-80d9-f917afa3ba6c,"10120,20030,2098804,26378,41089,6129,7521,90359,94599,96324,97078",1750705139,2025-07-09 19:52:31.520152
87498056-b900-4454-a23b-06bcb5d62fcf,564846e4-2f39-45e5-9c33-026f80a9924f,"100102,102102,10598,109645,11369,2030980,2035270,2067953,2130698,2238306,25652,2839453,2839482,37078,58583,7542,76859,89996,91308,94525,94599,94620,94776",1751657584,2025-07-09 19:10:31.750627
879d6242-d9e0-43a8-96ce-caf6d47ebab1,4d377663-c65a-485a-b412-cb85befa2df7,"3562,69729,8476,98461",1751869612,2025-07-09 19:01:31.673767
87b0f104-a0cb-494c-a73b-fe3d86f67afe,e3a4e191-be40-4495-bc12-8f7d941fe31b,2242125,1751910434,2025-07-09 19:22:31.604565
87b87bb0-1eb1-47a2-82fb-332d6cf2b814,238aae33-8222-4ce2-adbb-1c945ad931fa,"101324,107753,59291,94776,96656,9850",1748217881,2025-07-09 20:25:31.345235
87bf6331-e4e0-476d-8d3a-d9618853b0cf,e6b73e53-5098-4909-9ccd-435b774e70f0,"18283,19231,83702,95800",1751426475,2025-07-09 18:55:31.759641
87e89aaf-1b29-48b7-b052-8479aafe0e2c,31401729-be87-4327-93f9-503ad5f450aa,"24070,94800",1750035880,2025-07-09 21:46:31.314864
87eae67a-e24f-42c0-8727-02d98e6dcc8a,4f3e01a4-3327-43ef-8b66-e20b2393b1b6,"106550,11633,2068,24536,295,34201,36763,58586,65145,68177,94776",1744494945,2025-07-09 21:25:31.482511
87fbbcf4-5694-459d-b378-7e9c4da73d69,a89c0478-065b-4556-bd83-3da93a685954,"28995,36866,58583,94599",1729763525,2025-07-09 21:13:31.422326
88013a1f-9438-4bca-876f-9875f18f7878,f0029dc5-3c75-4c7d-9485-e61a006db9bb,"101872,102172,102376,104445,106076,108663,108831,17257,17286,2232093,2232094,24963,34300,37444,51931,58583,83258,87333,97695,9874,99344",1752143669,2025-07-09 21:07:31.368637
880844fe-b6e0-4e8d-a216-06685e830b79,ca303e1c-bca0-496e-8ae3-ebc17c5d4394,"101625,103744,104876,105626,105661,107760,107999,11632,1254,14390,16124,2249334,23425,23591,24070,25652,27582,27692,28223,30478,32788,37132,37751,39195,460,58583,65902,7880,8715,96707,97042,9854",1751603049,2025-07-09 20:55:31.375308
8823d103-8c80-4190-83ae-a6038cfaf06f,0f520d10-5c6a-461f-8b2e-0c44074d99d9,"13091,18065,19237,22191,40501,48517,61600,68987,68991,75636,83154,95952,97870,99216",1751728360,2025-07-09 20:52:31.34132
883fc9a0-0c93-425e-9dc5-bafad4776efc,30c84ab7-e36d-4059-92e3-e5846b6b649f,"107860,108766,21293,46130,8476,93621,96083",1750811215,2025-07-09 19:43:31.642855
886b178a-fc2e-4e83-9efc-6d47bb3661f6,f81399ab-e427-4d60-8fbc-d25d9f13f8f8,"105017,108064,109224,11632,13011,14994,2160228,2245765,2253590,23509,24324,85867,94378,95444,96656,97712,99216,99263",1752203374,2025-07-09 19:04:31.645408
886e0194-724d-48b0-a1c1-dc5329ce6ea0,422f3e0a-baee-4bcf-878f-1ab27a83c478,"101033,107301,11520,18065,2176644,2833280,2841277,2849938,2851737,2851763,48466,48574,7521,99344",1752199644,2025-07-09 18:49:31.587698
888a5210-b383-4c51-9695-46deae0f0f19,e66ab017-7dcc-425c-974b-2e5ed43c5aaf,"102542,105301,105750,105942,107711,108568,22507,27483,29991,3227,33585,61602,84181,94817,96977",1751385688,2025-07-09 20:40:31.784592
88a93e1b-e732-4584-8fc0-30c234b272e7,dca59a86-5497-4c3c-91b1-129a285509e9,"83732,88532",1752254007,2025-07-09 18:49:31.587698
88beaa00-f4f4-4597-967e-c97b20c5060a,3b1b294a-b7db-4ab2-989d-b3eee099cab3,"101629,104773,10766,17995,18255,2052120,2068,31060,3133,52762,53565,5498,71406,76470,78866,84730,9129,9355,97787",1714788543,2025-07-09 21:37:31.433645
88d0b2ff-f242-4919-a657-9a0f8c0f4558,76bf9a60-e3c7-46eb-9b7f-084e3167edf9,"112,68297,94800,96699",1750255409,2025-07-09 21:16:31.455148
88dd07d7-492e-49d8-b169-f0aaad285b0b,f73edab5-0b69-4f42-a59b-3e1889418782,"103958,112,2828239,295,38334,38441,5220,54603,56136,58576,92584,92614,93978",1752026934,2025-07-09 19:22:31.604565
8917d677-ae3a-435c-925b-2a7a33e6427a,06147693-7470-4115-a4bd-4112ae9f2142,"11632,25652,53561,64427,94800,97479",1752076226,2025-07-09 18:52:31.536339
891c39a9-4993-4a0a-9329-dcc5b89bfad1,43d08a4d-1f29-40b2-9644-d642d1c9f793,"16157,19221,22800,24584,28707,58586,96083",1752121191,2025-07-09 19:19:31.413237
892a5914-f541-4dd8-a04d-e3c98194ac6a,979e5070-050f-4960-999c-2152e7125079,"104643,2120534,2607,3229,38441",1749218190,2025-07-09 19:55:31.439331
895ed325-a38d-4c9f-aecc-629216fa874e,cb96d734-fd3d-4204-89ae-b7dc0d342bb8,"10956,11275,19085,21833,41089,46130,5376,58583",1752384565,2025-07-11 19:04:31.380296
898a21f1-8e25-4ff2-bc2a-a83a88dedb35,1580ae71-98f6-4711-bf39-fa87bcfee6d7,"105326,11275,13937,1662,18283,19329,25433,28031,30335,30439,4116,53078,5376,57297,58586,64427,65914,76470,9172,94631,94776,95689,96920,97006",1751604921,2025-07-09 20:37:31.608351
899c193c-7dbb-4667-9e44-e72edbcfeb52,84f702e2-1095-4aad-84a7-b4410aea3aef,"25652,37808,48722,53730,54659,56285,64427,83129,85175,89482,93978,94599,94631,94776,9724",1751405389,2025-07-09 20:40:31.784592
89a7c091-5060-426f-9002-a578ade94db8,6dfddb38-070e-43cf-8410-665040ae7fc7,"101323,104099,108614,19221,2145913,58576,67201,92620,97304,98324,98700",1752337953,2025-07-10 18:58:31.529937
89aac134-448e-4f7d-beba-da58e049c4cb,93eecf6f-d3a1-41c8-a494-294f6545cac0,"1662,295,53561,94443,95272,9673,97006",1751261260,2025-07-09 19:28:31.448042
89b58ae0-418e-4216-959f-e06e60c6978c,5232fdaa-1d29-4c66-8beb-f38ddca66b41,"1524,24702,81402,87792,97711",1751780203,2025-07-09 19:28:31.448042
89d05644-34af-48cb-8b96-f14cc7b530c9,22b707ee-f0ad-4305-83b7-e95b05c62ba6,"102084,106015,107656,2828277,28707,42294,53561,56252,68987,76484,94601,96660,96699,97304",1752295129,2025-07-10 06:01:31.512189
89ead0e9-6062-48ed-b260-8322b23196bd,5c87d905-21c7-4233-af8f-ec922d4d00d5,"105725,106497,13765,25611,51215,6463,7509",1751871848,2025-07-09 19:19:31.413237
89f15ad9-c0c1-4fd8-8cbe-617be6c93cbc,fbc04ee6-1a73-487b-b9fe-a4ff8f02d263,"108301,44282,80749,9129",1752073025,2025-07-09 19:07:31.585047
89f1a935-6211-4f1d-b013-cf3299cd8333,47e8ce9f-c143-402f-a293-8d3b8de3e8b0,"10057,104876,105626,106278,38441,66012,7880,94060,94631",1751319128,2025-07-09 19:25:31.714795
89fcb2d1-8bfb-4db6-a0af-76daf973e5b7,865e225d-4b7e-4d92-8780-2fee9da17bfe,"101731,106015,106538,15791,17119,24702,25179,26599,37808,53561,5456,56285,58583,5897,89845,96547,96701,97304,99263",1752411245,2025-07-11 19:07:31.675911
8a0527a5-d707-404c-87af-eca0198159a2,bc26d62e-4927-44f7-8500-2476c9c3a7f7,"24250,42294,4495,64427,67844,80749,83103,84781,84783,93849,94599,94601,94769,99344",1752001098,2025-07-09 19:07:31.585047
8a05e8fc-82eb-4476-abf0-d5e5b6319919,4f4ea378-284d-437d-9cdc-af187bb8ad2e,"102507,103512,104799,10638,107154,19540,22469,38330,49046,65145,767,7719,88994,90266",1751722186,2025-07-09 19:40:31.494332
8a0743d0-952e-40c9-95a8-ccbee79f3d12,47213d0c-94e0-40aa-858d-58ff50a0a4a2,"105766,106067,107650,2132753,38441,44933,58583,97304",1741646806,2025-07-09 20:28:31.628044
8a22b5d1-9b3f-4f6a-b6dc-c8b7259eea34,33fd1c2c-97b7-4e7b-9947-a47ae64cca57,"104222,104426,104432,104817,104918,105626,106265,108209,108288,108768,110194,11275,11606,2068252,2178357,2197160,2209671,2227640,2235713,2841277,29359,39201,43336,459,82308,84783,96150,98075,99403",1752110829,2025-07-09 20:37:31.608351
8a3d3835-639d-4d22-a986-e50210b2c886,3b3310ea-2c89-4305-bbba-57fae82714cb,98700,1752130695,2025-07-09 18:55:31.759641
8a528f94-895f-46c4-b278-3567d025b3ce,b28e9539-fbc7-4284-9797-f930bbdb9cee,"104876,109901,24092,24584,62782,80749,98555",1751408400,2025-07-09 20:40:31.784592
8a5a44a4-941a-48d1-aabd-d94081f46a51,2cc8f518-7a9f-4a7b-ad06-984ab6592c14,"102787,104705,15359,24250,29428,35348,39299,64427,95251,97006,99344",1752427142,2025-07-11 19:07:31.675911
8a770ddd-9785-46da-bdcc-b91eaa0f63b0,8a32b50a-8f53-479b-b4d7-eda7a9e29452,"106076,11275,20796,58583,61602,70952,79544,83129,85175,89482,95750",1749260162,2025-07-09 21:34:31.499073
8a79b3e4-5b57-45c4-a046-0079b50ba8d5,310f8e2c-83fd-4de3-84d9-bba47b469060,"102084,104239,104240,159,20793,27814,62010,71602,73312,87333,92180,95623,96030,98192",1750228023,2025-07-09 20:46:31.392832
8a7a2ad6-3607-472e-bc8b-46120606e900,171472c4-12c7-484a-82ce-3deeea3f1792,"106371,36978,45113,61512,9850",1752128734,2025-07-09 19:07:31.585047
8a93657d-fe22-4235-bd8b-d668b928aca1,3cbf76de-a793-410e-8572-913f969e54ad,"13240,15791,18283,34337,37808,46269,47319,83341,85175,93015,94800",1751845827,2025-07-09 19:37:31.407534
8ac458e4-7ea3-4461-82a1-2f1e11e60ba2,3f529ede-e163-45b0-ade2-ebbc348ec15e,"104439,10727,81812,92262,94060",1712020392,2025-07-09 20:28:31.628044
8acf3b91-4aa4-402f-b360-be8b58eba0e5,a04f135d-eb36-4979-a12a-8ddcd9b272c0,"101095,14272,14519,27952,69106,69605,94800,99216",1752204344,2025-07-09 18:49:31.587698
8aded9b4-64ca-4dad-9f4d-3140e9551c9c,700a8b28-5a13-44ca-8fca-799a9e319866,"82308,85783",1752116084,2025-07-09 19:04:31.645408
8ae69c00-869d-40d8-a6e7-6f18639e1bbf,8fb07daf-471e-4039-93e1-3db5a01ec20b,"102084,10303,17995,24070,27605,46889,47504,48517,50523,58586,67147,68987,69798,77946,83986,89311,89442,92357,94379,95493,96446,96699,96920,97338,9810,98557",1751875744,2025-07-09 19:25:31.714795
8aeaba00-a33f-4c6a-a80b-4b0095d82394,b9964bc7-6313-4d75-a3dc-8ab5e403f78b,"101323,104666,105017,105724,105725,105931,106040,106042,26487,94800",1734670941,2025-07-09 19:52:31.520152
8af07901-09e0-4018-9de1-e9502981ba07,720e4fb9-b84a-44e0-810d-57ce8a9f06d9,"107902,37273,7521",1752408729,2025-07-11 19:04:31.380296
8b0951b6-ff36-4144-8e65-5446c2bf0115,ef37194a-f58d-4d8f-a1a4-a89b725aacd5,"100825,105584,105888,106048,106501,107053,107345,15844,30878,34460,57595,824,92219,94601,96225",1734836013,2025-07-09 20:28:31.628044
8b18be6a-ecd7-4e19-8eb6-2b89597d0c28,ffaa5986-e72c-4910-b1d1-c30fb1444572,"27605,2841277,94379",1749796650,2025-07-09 19:52:31.520152
8b1ce111-d02c-4c3b-b1fa-8bcaf84a5d57,141fa5ca-0d16-44a5-84cf-a269272ab7e6,18265,1751667868,2025-07-09 20:37:31.608351
8b296394-ccc3-437d-af7b-719feb077595,7cdde820-56d9-4a49-91b9-aa3190d3f60c,96397,1750438834,2025-07-11 00:19:31.492721
8b42a688-d036-44b8-b826-3171fc66016a,ce085144-2676-457f-901a-646b89cb9940,"105761,106241,12397,1662,31736,43144,52413,7542,83390,88695,9157,94601,96701,97080,97695,98613",1751823287,2025-07-09 18:52:31.536339
8b625678-be4a-4b3d-a0d8-c99888e4184c,956a0cda-6ecb-4823-ad1d-3ea08b71cadc,"104876,17915,19219,2048700,2057452,2089603,2607,27488,35632,42294,58583,58586,68219,92294,94449,94869,96942",1751336369,2025-07-09 20:40:31.784592
8b781503-ba24-4ed5-908b-cb1559fda1ef,ac4ff2b3-ed8b-4938-97f0-f2baba0e1044,"14001,27605,459,58583,64427,94769",1751761835,2025-07-09 20:55:31.375308
8b832e2e-3796-43dd-81b3-a9b8f3a44a00,cb762b0b-b26b-4a21-a678-bf8e2625f893,"107760,2142785,2260002,5923,63940,65914,76470,8908,94443",1751768329,2025-07-09 19:25:31.714795
8b8d45fa-c540-47f1-b6de-8ac009bd6ea5,b5160910-0c58-40e2-804a-92aaf46705b4,"101323,105843,22742,25171,49004,56846,97653,9819",1734639898,2025-07-09 21:40:31.522517
8ba36ff2-3a60-48f5-b72c-21fd3ac1036f,bf9cf8bd-354f-47c7-835d-5dd825ee3d83,"102614,105905,105926,107006,107082,108764,109509,109510,14301,19132,22507,34344,94622,97412",1751306803,2025-07-11 00:16:31.65555
8badb514-df5f-4073-baf8-15cf013a7a20,3922fb7a-a7d7-447b-9af0-848c9e2b9776,"102173,20030,2245394,61512,83696,94378",1749221594,2025-07-09 19:52:31.520152
8bbb670c-e10e-4934-8321-e98d850dea1e,ac723e27-f4b7-4bf8-9514-0abc7c34070c,"104876,105723,23425,25652,2792,50679,7521,94776,96625",1751435597,2025-07-09 20:40:31.784592
8bddd55a-3d58-48d7-8058-b5f2c7bc2cd4,3b001af1-25d0-4f04-a95b-d60bd1139b1c,"10303,105967,107301,2174725,22484,35348,37132,52085,61602,70583,772,77787,80024,86543,94817,96660,96802,96953,97078",1751932737,2025-07-09 19:22:31.604565
8be51a69-35bb-403a-a5b7-ee229486f86b,c4b50391-f20e-4b9d-a033-c06cec2720d1,"2261384,2261926,2264726,2846633,2876639,2876640",1751230646,2025-07-09 19:43:31.642855
8bed90bd-f4f2-4cb9-ba66-4c455c738e6d,fa5050b3-fb2e-4568-83ed-3e12a16a0e01,"101056,105723,105932,108079,109017,109168,13442,17257,23425,24092,24536,27006,27605,30312,37808,53561,55493,58583,62662,85849,88469,92570,96729,97224,97653,97800",1751428643,2025-07-09 19:43:31.642855
8c2812ad-e006-44ec-960d-531be5f3456f,cd9651c8-cdd8-4a8d-9ede-e0c78c76f10a,"107902,33236,3991,51297,56209",1752036675,2025-07-09 19:07:31.585047
8c31adf2-439a-41a7-95f5-98dd46416b07,dc9eaa16-3872-4de3-a21a-d0e3fa89e440,4498,1732841845,2025-07-09 21:13:31.422326
8c35f65c-7a25-4b52-8191-c79be67dab18,56795a5e-51c3-4c12-a8ac-883003760762,"159,2214693,24250,46269,80014",1751654960,2025-07-09 18:58:31.654225
8c365bd5-c507-4327-9964-bd77a2d15744,dc7fdd60-e5bc-4d41-ab14-2b584afd820c,"101609,105664,106693,2792,31736,35567,51341,70392,93988",1749245234,2025-07-09 20:16:31.381882
8c50d978-36e1-4fc0-ac72-46af4a23e877,30f58662-f74d-4425-9da2-da7b3c2ac17e,"108417,52394",1752105497,2025-07-09 20:52:31.34132
8c512965-2cc7-4129-8460-7a110c975455,a2e2177b-9d5b-4c4e-b9ee-52653e47e3a2,"25656,62782,79734,90542",1732573209,2025-07-09 21:19:31.485127
8c654ee7-cb6d-4d35-9c7c-aa91538294c7,8caacea6-f771-41a1-8512-455fb6de7c96,"104652,107100,11520,12187,36978,38441,50378,5376,61602,94835,9819",1752256615,2025-07-09 18:49:31.587698
8c65a29c-7144-4be3-8d90-6f698667ff04,36cf8542-24f1-4244-98b2-a82337bfff1b,"104455,104456,108374,2150906,73838,91762,92159,95600",1751604584,2025-07-09 06:06:20.285942
8c66f5a7-af43-4803-a10d-7d9975407956,343dabbd-149a-473b-9e4c-7e901ee86d7d,"106582,19525,69708,93737",1735791346,2025-07-09 21:13:31.422326
8c90f69b-ac4e-4931-a16f-7c4a7e85a8dc,7a3ae563-687d-41ef-a1d5-fe49f13cb38f,"10421,108295,109533,58586,68987,92920,94025",1751868394,2025-07-09 19:04:31.645408
8ca2009f-0d40-483d-8a6c-ce579f5ffb68,f4c49cae-44ef-4f6a-9207-8a5698353193,"108519,11990,2214684,2214695,2214705,2214708,2246343,23668,24702,36486,58583,58658",1752162664,2025-07-09 19:04:31.645408
8ca7a52a-766f-4073-896d-593d54991658,f2378349-9ae4-4575-b9cc-1ff544b6a3fa,"106275,11632,11792,22406,40984,97984",1725388436,2025-07-09 20:28:31.628044
8cb4cac8-d090-48b8-a3d4-5238eb8f8dfe,8f33c8fd-3e6a-4ed2-b5f0-24bd0723b83e,"107155,44530",1752450431,2025-07-12 12:37:31.584738
8cc4dbf4-7163-4f26-83de-b0176147883e,e5bc9349-326c-4b38-965a-62396c4c8a7f,"102923,15791,18283,24702,30312,30314,42294,84168,87023,95160,99216",1751985593,2025-07-09 19:07:31.585047
8cf01f71-0f22-48c3-81f1-287725a8949e,e35c258f-dc6c-45e4-812e-5983415d4623,"105664,105887,14293,23425,24070,2607,36944,53561,58583,61624,68297,7099,85180,94601,94800,95353,96701,9672,97338,98555",1752100082,2025-07-09 19:01:31.673767
8cf774e2-20d9-487c-9a8f-426f6870676b,1c9e649a-56d9-4d76-9543-e2c4cdcc9046,"107196,13007,20806,23425,30439,47071,49004,50679,58746,94776,94942,96676,96802",1752215715,2025-07-09 19:13:31.292515
8cf7b042-6b10-44e6-807e-b7d8d6347600,1a9c6938-1109-4187-9ec8-836e1d1fe0e3,"2199387,2199391,2199392,2233242,2247951,2256541,2836940,2849132",1752034545,2025-07-09 19:07:31.585047
8cff51b7-959b-4f9f-89db-df02345c740e,d8e28fda-38a3-43e8-9574-e61914228500,"42,58658,77885,99215",1737855170,2025-07-09 19:52:31.520152
8d1690ae-2486-4f22-990d-0d31f1ce0071,85036a5e-e952-4fca-8de2-e4d7266a8f48,"107860,2048239,2071701,2839453,2843852",1747697573,2025-07-09 19:46:31.620522
8d36de57-c552-41a8-aa7c-36d23b705e8d,f85163f6-526b-4572-b0ae-55a0a5de3606,"100005,101438,104321,104799,106408,107041,107179,2089603,460,54704,63423,7309,73312,7873,83665,83671,83696,83700,94074,97304,99224",1751575852,2025-07-09 21:01:31.521295
8d3ece81-f2f1-4ff4-b2e1-8ab50cb0141d,ddb28fe4-af8f-4ea0-a90a-362c29056b23,"10438,107860,108295,56648,61883,96627,96656",1752280366,2025-07-10 06:01:31.512189
8d457893-81a9-467d-80d1-08af9a009e26,adb428eb-70fd-4bb1-832b-a043bcb4afe8,"104618,21299,62531,85163,91002,95137",1715394444,2025-07-09 20:28:31.628044
8d6d5410-d212-4e9a-ac06-790299700623,f243755f-5632-498c-8bc8-9ed011c6ac77,"101323,105917,108613,24250,24584,34586,5376,58576,58583,7521,99090,99263",1751392919,2025-07-09 19:25:31.714795
8d93eb1c-eb72-44b5-969a-21beb04055c2,65484b78-1862-47d3-a6af-3e1439ade094,"2851762,2851763,4870,56846,61602,68987,94817",1752062378,2025-07-09 19:07:31.585047
8da285c6-09af-4c1b-a3a4-bc320c1ba838,d0f1ad89-db36-41b0-944c-d7d1af825b5a,"41089,42704,58583,70737,86373,9729",1737217707,2025-07-09 20:31:31.402227
8db0cd26-0fd9-46c1-ad13-e91423740fcb,928ec163-f72d-4896-b766-e3f3396985f6,16772,1742529233,2025-07-09 21:25:31.482511
8dccc387-6f89-47b5-8a6e-441dc50e52a2,bfb3e7f4-32f5-4a0d-9d53-ab59bdf3de2e,"108295,2478,46889,6972,82008,89509,901,98491",1752085337,2025-07-09 06:03:20.402123
8de35657-4fc2-441d-87d6-6ae5bf862be6,8d0f61b7-8126-4d6a-9699-ded7ee9d77ff,"37444,97175,99263",1751906334,2025-07-09 06:03:20.402123
8deb4a33-bae0-4b51-a9d8-2615fd300bde,949fa20d-a48e-4808-9454-586bb7f8eea6,"102107,2208788,23668,25711,51215,6071,72242,99403",1752431738,2025-07-11 19:04:31.380296
8e1423c3-c583-4c2d-ac70-f9d10386d183,1b1509b9-ac94-4891-9e9d-8cc0f4170e73,"11520,46269,58576,68987,76667,82490,97338",1752267772,2025-07-09 21:07:31.368637
8e1704e1-3b45-41c5-8ca6-520ff1db0248,f0c90d74-cf5b-4ad0-b506-d5ee5ccd7e46,"96324,98298",1719720662,2025-07-09 19:52:31.520152
8e4fb1f8-20b5-4612-856f-33e3cb475083,87a901cc-e233-4d8d-a89a-fe2d765f1831,"101095,102327,102773,104016,19085,43779,47319,57967,83258,86260,89461,92313,97338",1735531955,2025-07-09 21:22:31.50472
8e8a24ba-4132-497c-a7ca-50949c2fe19a,7e3b8714-1ca6-4278-b6e9-959e1b62bf14,"1949829,1961065,1967786,2013799,2057117,2089939",1723354762,2025-07-09 20:19:31.511716
8ea1eb0b-88c7-4880-b21a-3e78b23174a6,fb991d23-00de-41be-9bd7-dad5a7b7f3e5,"48574,58583,94817,94833,96357",1749134043,2025-07-09 21:40:31.522517
8ec3ab8d-089d-437f-a62b-f979f629495c,54356e3b-279d-4434-b64f-e5884a361e75,"105578,106245,108066,11275,12010,13237,2148652,25652,29852,35071,50523,53561,58563,64427,69106,85874,92053,93754,94599,96660,97304,9853,98700",1752199725,2025-07-09 19:04:31.645408
8ed0e605-27fa-4c4b-8e3f-13a57efbe65d,493c6211-8030-4b6f-92af-b6545aea4d12,"102923,104158,105626,105923,108288,12775,19329,38105,42294,460,76859,85193,94060,95409,97304,98893",1751647983,2025-07-09 19:28:31.448042
8edb53e1-859c-4b4d-8d4f-6974237a68f5,3a8282d6-738a-4a70-a128-99b3c73f2d7a,"101097,106550,108122,96625",1747289886,2025-07-09 20:19:31.511716
8eeb59cf-171c-44d6-91e4-6579d4b88827,cc7ae56b-d474-4755-befa-5e4e4bfe2ef5,"16632,25503,55493,58583,62531,70395,82490,91612,94599,94817",1750998209,2025-07-09 21:22:31.50472
8ef1ef88-63bd-4d15-8e27-43bc856cf16a,8d253f00-ce66-4147-bef6-f26867888f53,"102317,50523,93015,96225,97092,97479",1751771513,2025-07-09 18:52:31.536339
8f0ccbda-2931-45ef-9dff-4f87f14fd412,40416834-9d08-408f-8819-c529bea77f7f,"1910,25503,58576,81865,97175",1749780589,2025-07-09 19:43:31.642855
8f1a81a8-95fb-4bcd-883c-b11f5db93d19,e1ee3639-c411-41e9-8760-683c2e318bb6,"102408,107100,108891,2195836,2203361,30312,73907,9172,94769,96100",1751828173,2025-07-09 19:25:31.714795
8f21b113-b20b-45b0-8497-c40827a93c91,69659aa2-259f-496f-bdfe-57e101ab1457,"102173,106513,18176,8908,91003,96083,99267",1751769943,2025-07-09 19:01:31.673767
8f28df47-564e-47bb-9718-4d20b9829758,afc7f3f0-256d-4e40-b811-0d3f477a035b,"102716,25503,40290,58576,74787,7521",1752447685,2025-07-12 12:37:31.584738
8f5373b4-861f-41f1-8223-51f8d714af6d,8be8a8ae-c083-4c66-8b71-dce3ea0f6deb,"2267601,68653",1752338744,2025-07-10 18:58:31.529937
8f78b095-1311-4721-9ade-c32ecd8e3800,9af0a953-9fcb-4ae2-8b35-2de44081c855,"11990,12436,3076,58586,58658,91564",1727407503,2025-07-09 20:28:31.628044
8f7fe5be-4d97-4173-8644-f7473921e766,c1ebcfd4-3c18-47e7-a5f8-30b7b4d58ded,"100272,101906,102716,104456,105955,107870,46130,50523,50912,52394,58576,94601,98389",1735353637,2025-07-09 21:22:31.50472
8f82fa0f-0ce4-479d-831c-6147655f1de2,28bc03a6-c133-4966-9f44-b934fc6095b3,"103378,108950,92687,97800",1749698281,2025-07-09 19:43:31.642855
8f92fc69-2e28-4db0-8c04-ce37da45eea6,39b80fc8-b19c-4cba-84d0-15cfdf40f686,"100079,104480,104876,12434,12597,33493,5376,56285,58017,68219,71543,73907,91262,94601,97479",1751430506,2025-07-09 20:22:31.445516
8fb57aba-2e8c-41d5-9b37-24cf593fff7a,265fc2c6-a3db-47e8-a2ad-99d58b12339a,"10022,83696",1751594024,2025-07-09 20:40:31.784592
8ff5fcc2-e6ac-48cf-bfab-fd715d561bf7,1b818da3-eb35-4fe0-b255-2b2061c5bd9e,"1358,33493,57298,8445,94631,94866",1752101127,2025-07-09 19:31:31.303473
90094390-8a41-4398-ba6e-7430d5adfec5,a28d6d6a-3922-4a9b-bb56-a63fa9418f62,"17995,23425,30711,41089,53561,55524,83129,99263",1751310492,2025-07-09 20:43:31.463099
901e837b-49f3-4672-9d2a-f7c67c2ea016,f334b3ba-c2cb-4b05-8b11-aeb62b0db008,"100954,102173",1752038446,2025-07-09 18:52:31.536339
902d8d9f-540f-48ea-a431-8df2f5438297,7e0f494f-9217-4cde-b7a5-58ba8725d936,"2053376,2190214,2191068,2245020,46447",1744813630,2025-07-09 20:01:31.36324
90340295-78a8-4616-96ff-dd175a4ae2bc,7ee1e28a-d103-41ec-8d5a-646528b3fc59,"2036105,2036108,2037157,2046803,2049213,2050167,2053270,2073823,2119340,2119344,2141575,2159342,2161746",1723594880,2025-07-09 19:58:31.343729
903fcb5b-f510-4b4a-84ba-c80c8eec20ff,d498ca43-d707-4b03-a89d-51efb4a8df72,11524,1752320265,2025-07-10 19:01:31.560317
9043d96f-451d-44c4-992d-eafdf8ddebe0,49f6e4cf-b583-4d74-a024-0b24c3b2ee86,"58583,97639,99216",1751418333,2025-07-09 20:40:31.784592
905955dc-ebbc-43fe-a02d-17c235ed9840,46194007-8a9b-4c07-b9fc-ecc3fbbd687c,"104099,105766,25433,48518,50378,53561,79532,95272",1742778099,2025-07-09 20:28:31.628044
906214b4-c7bf-4cc5-8d8a-c9c774b0ae99,e50a03c7-843d-4777-8232-8c244bf1d9ae,"101002,105704,38440,44656,503,53527,97078,9810",1749873554,2025-07-09 20:28:31.628044
9063d8d2-712e-4512-af97-6e48edf7c942,c2198564-6a42-4a86-85d4-668f7b72d0ab,"101292,10956,15493,24702,40503,51931,58586,6357,65742,82308,85175,94800,96547,99216,99344",1752122830,2025-07-09 20:52:31.34132
906c8128-0514-4501-808d-9716b7dcc3f4,69374fa7-b66b-40db-b063-c648797bf1f1,"100007,106104,12010,2190204,2194562,2214705,2253623,25652,2833383,2854556,2864962,92854,96083",1751468671,2025-07-09 21:25:31.482511
906d3c6a-df25-4f10-bb54-fa1e52cfffee,3ba0f0d5-0f4a-4b0f-a645-2b88765eb854,"101438,107540,109594,51931,57271,58583,96977,97175",1749861932,2025-07-10 06:01:31.512189
9094b9ec-29d0-43b8-8422-dd127a5098cb,67964377-75bd-4cb7-b6f3-fc37b8787320,"104485,1662,17060,32022,41023,68219,88463,95933,97412,99371",1751344940,2025-07-09 20:40:31.784592
90b82ddb-3495-4124-a341-e0550750ad45,003f7bc9-f54b-469c-b724-6e3115463c52,"10791,8445,90524",1735620666,2025-07-09 21:22:31.50472
90c1b33e-d7fb-4377-8f22-c785f782588c,8e565c57-15ed-4b50-ade0-0e1adf66b926,"16213,45775,71921",1751406234,2025-07-09 20:40:31.784592
90d2bd6f-445a-4f5a-aaf0-36621b938a26,f575f08a-0ba9-4c06-8552-a6511b6409a6,"105723,2802",1737162294,2025-07-09 19:52:31.520152
90f2dfd8-af7f-4ae6-a1f2-ba4284e206de,7c5c2d80-d455-4e89-8558-8bae2af13c85,"101608,102716,103958,104021,11369,17039,17042,19541,22469,38326,68177",1751403845,2025-07-09 21:01:31.521295
90f38002-b389-40b3-b8fa-bbc72c77c5a3,d8ed6745-4bf6-426b-8976-632cd5a55b03,"105583,106002,106494,107752,107753,107829,11275,30878,49005,79875,90015,92262,9672,96802,97224,99267",1752166348,2025-07-09 20:46:31.392832
90f87288-d8ab-4598-b9e6-c6dc3f63c502,9465cae3-16f8-4dcc-8324-adddad18514a,"105128,105555,105609,11061,3662,36790,69554,88531",1751382707,2025-07-09 21:01:31.521295
9123c636-33be-479a-bb42-505b8a08d9fe,ed85e64b-145c-4ec7-856a-6d99be529d4d,"16153,2031001,26485,26490,26744,27605,30506,3102,46130,56648,6071,61512,87024,94379,94817,9819,98700,99344",1714611190,2025-07-09 20:19:31.511716
91361510-7ccd-4a5c-819b-d559e2ab72be,eb916352-fb82-4375-9680-908f190df3e5,"103717,104480,24702,52753,88208,89461,95680",1752199201,2025-07-10 18:52:31.513517
9146c7f6-a709-4a9d-85f2-19ea0ce84151,44dc18f5-bc95-4d69-af80-4d0ac4fd516b,"100783,109382,110193,110194,11520,37132,38441,46269,47022,49016,87931,90409,96699",1752469521,2025-07-12 12:37:31.584738
9152503c-ca52-484c-b6ac-a10ca92e5bea,bda74449-af7b-4e37-8f4a-efddb7bcc27f,"10171,104054,104817,106541,107359,11083,16157,27413,63920,8201",1730964674,2025-07-09 19:55:31.439331
915a0342-98f3-4ab0-9942-9a4bceade9d4,c0d90d0e-feb7-48cb-a80e-576ca7559f86,"106412,16124,2156888,2218608,89706",1751025267,2025-07-11 00:16:31.65555
91903489-1e94-49e1-945e-fbc85cb531e6,eb5e3664-9032-46b3-be3d-45b3bbad6a77,"104158,105555,19540,45772,460,84168,98491",1752140236,2025-07-09 18:49:31.587698
919069ef-5e8a-4061-9809-5b7723d91f6b,7654f330-6e88-4764-b409-c4fe1401d22b,"106078,35373,46269,51117,94631",1742265103,2025-07-09 20:25:31.345235
919cc350-b17b-438a-b367-34d548136144,718b1583-6f82-4517-9453-3d90aece2982,"13138,13983,24092,24250,25652,4295,46269,50679,62483,67642,7521,79755,85189,87026,91361,96708",1751596385,2025-07-10 19:01:31.560317
91ac8c59-9135-4eb5-87db-55ad51a58c5a,095079d0-4cb0-4d10-827c-f906c758c6ac,"106245,11632,18283,29458,47071,48574,58586,64427,76859,77,87824,94601,94631,94800,96067,9672,96953,99224",1751693932,2025-07-09 21:34:31.499073
91ce04cf-93c1-44db-aefd-2cab35e322c9,bd6ddf19-ff8b-42ca-93d9-0f8ca2d8d44a,"104286,105833,105856,24092,24317,26258,29244,35254,42,45250,5376,7542,80936,91232,95756",1718784624,2025-07-09 21:49:31.460853
921cab18-2c18-4282-a34b-172f055d2b81,e90431a3-6126-43b9-b04f-a4a6420de02a,"106551,108342,108917,108918,110281,12992,13095,14390,17995,27615,30197,3229,35368,37444,41089,51931,56648,62721,63940,88728,91611,91612,9172,92584,92986,93015,93978,94601,95750,96397,9672",1752015491,2025-07-09 20:37:31.608351
9229316b-339a-4374-9df8-4adaa3edb04c,3ed72839-d787-475a-af8f-4ceb6375f8d2,38441,1751999787,2025-07-09 19:07:31.585047
9239e6db-e2d8-4dcb-b8a1-37cb12e52421,2931bd6e-9bba-4d36-a17f-4800adc96c1e,"27548,28766,30070,31736,49004,66991,68987,850,8526,91255",1751851687,2025-07-09 19:07:31.585047
924844a2-f507-45d5-ba5f-5c6df6cc41ff,fcf357bd-4890-4fab-a750-8be1caf19d36,"16235,24259,7398,95935,97055",1751971797,2025-07-09 19:22:31.604565
924cab6b-47c8-4cc3-aa8a-94116f52ddf8,48bb2849-79eb-432b-8f70-4be8990a44d6,"2194012,2244442,2253606,2261545,2607,2839453,2854556,48574,58658,95097,97224",1751839171,2025-07-09 06:03:20.402123
9252c8db-689e-44e0-8d50-7364e9555eac,3a7b63a7-4e49-45a7-9db0-6ba68979ea4b,"2851750,44339,64529,94227",1752154954,2025-07-11 19:10:31.371089
9282e628-9d3d-46ca-836e-e20521c62f1e,59d999cd-980a-4fe6-8f91-a2b8afcbb958,"104091,89054",1751569666,2025-07-09 20:58:31.613441
92846b33-65bf-48bc-846e-1324500a4ddf,b913283e-21b2-41a1-9c37-eefb156bca26,"17995,2045339,21833,51248,7521,96659",1751036968,2025-07-11 00:16:31.65555
92c8cedd-6df3-40c8-b8a4-31e16c3367a5,793f137b-7b03-46c0-9c68-797491c294f9,"109194,40499,46130,52394,87080,89482",1748032807,2025-07-09 21:37:31.433645
92cc91d2-3b63-4b2f-a4f1-62699011c7fc,ee5cacf8-430f-47f9-a704-757168cd6b8d,"104809,105918,106279,106413,13091,46269,48457,50523,72825,95160,95573",1750825812,2025-07-11 00:16:31.65555
92df5eae-d987-4258-bdf4-67506e381f35,31f73c79-b38f-4920-81aa-a0952c0d9e4d,"100342,11369,31838,46455,61602,62662,67736,84087,90341,92312,96659,97711",1750476571,2025-07-11 00:16:31.65555
92e68afe-5c66-44d6-956b-6cf283b336bf,09282288-a4b0-4676-8bd1-6a7a7ca30db7,"102614,104922,107540,107739,107740,107860,2538,30070,56846,95364,96942",1734137299,2025-07-09 21:40:31.522517
92f17d48-061e-465b-86f0-b28dd1045b5a,8e3728ba-b7ff-4f11-ae71-ab2c752e2ea3,"2048239,2048243,2118496,2160216,2160218,2204879",1741999101,2025-07-09 20:16:31.381882
92f56130-6aa7-40ef-b08f-3d8e6c8da3f3,f27e96fb-2825-4742-80ed-bf4de3b0d39f,"101659,10421,105469,108340,108513,25711,27561,32567,32568,58583,61602,7146,8790,97224",1752191290,2025-07-09 18:52:31.536339
93043ec2-ae21-4220-a1dc-ac6059471cf2,3f3a5491-7091-4d80-b46f-9322687ec31d,"103121,103324,108487,18995,24250,25514,25652,29469,46269,64427,85189,91788,94817",1751671585,2025-07-09 20:52:31.34132
93064fb6-83d0-4e39-a5f4-ef369e8dc001,d440ce2c-eaa6-4872-b4ff-f504b6002e06,2846134,1751213714,2025-07-09 21:04:31.429108
93172d1a-9f11-4286-b7e2-b792574a792b,64d1c797-28f4-47ab-9ba4-574294ac3062,"101330,58583,97479,99344",1748489652,2025-07-09 20:16:31.381882
932d5c25-28f4-4672-95ee-069e7b1ffdf1,6e33f5f3-c68b-49b7-9c66-b743bf50a756,"106044,107939,23848,38441,53561,76412,80749,94025,96625,97078,98636",1749785377,2025-07-10 19:04:31.302353
932e56a2-25b4-44d8-bbde-ab6985d0de7e,3a0741c7-6f46-4544-ae66-0055286a98a2,"102416,104176,25503,25894,31065,35348,41097,98700,99231",1752012882,2025-07-09 20:52:31.34132
93596550-1cd4-4157-85ed-83369bf6d17e,8703679f-e1b6-45a5-b259-2204f53ba693,"104312,106240,106245,108020,26490,53561,62483,97224",1752156938,2025-07-09 18:49:31.587698
936373a6-b2dd-4bf6-bdb1-0a8cdc6931da,6b712ae6-d418-483d-a1c0-f1985faa6df2,"104640,2068228,2068229,81050",1715543960,2025-07-09 21:34:31.499073
9371ff6a-9c07-46f8-a2ff-64100240274e,bb6c5742-4d9c-465e-892a-d152dc20acc6,"1938969,1946594,1946611,1946627,1949147,2023245,2039389,2080752,2083338,2083340,2083342,2083343,2092815,2122105,2126176,2128784,2141512,2164434,2164467,2167391,2170081,2174702,2181593",1729355954,2025-07-09 19:52:31.520152
937e8e20-8408-407f-9c2b-a7f9889fc47d,faf049e4-685a-42a1-aeb0-5400e63642f1,20044,1750947363,2025-07-11 00:16:31.65555
93a515a4-04d9-42fd-8d6b-ff0af427ce41,a554b0ec-afff-4218-9d40-dbb02057cc4d,"105055,105944,2144967,82308,99403",1752476040,2025-07-12 12:37:31.584738
93cff4a2-512d-4bdf-be85-f54a1ee9a66b,9212f4f2-8cc4-4569-a857-03bb8085e498,"105946,2118",1751146274,2025-07-09 18:58:31.654225
93ddc9d7-a7d5-4f1f-8b80-79bdc5032d31,57189ab7-6b43-40d8-bee1-7a902bee9800,"35236,4756,58576",1736089711,2025-07-09 19:49:31.570096
93fddbff-d8cc-422b-abe2-808620427809,d2e6d1e3-adac-42c6-843a-f319a027fd29,"10438,106076,11795,17129,2115,24250,24702,31758,46130,4756,48574,48645,52394,58576,79524,833,94776,94889,97304,98736",1751911308,2025-07-09 18:55:31.759641
941bed41-6c40-4b01-b400-a4f9a8ce03a8,400a4d84-e689-4001-8888-393325cd287c,"101325,96802",1751769179,2025-07-09 18:52:31.536339
9427e8c6-4c93-4518-8545-4881af538264,90b21e69-7856-49b5-a1e3-ae49695ae9c0,10022,1751596523,2025-07-09 20:19:31.511716
942f8b2e-ad71-4954-8777-b526e96e5b44,0bcaf265-89ad-4e31-8dbf-b13f9699a252,"107249,109796,110016,18283,2230422,3668,54704,5497,64427,80150,8644,89730,92012,92406,95750,9656,96696,97479",1751653397,2025-07-09 20:58:31.613441
9433d0b6-0334-485d-8ffd-05d915aec6b9,dc54401a-8278-4687-8f1b-0d8376b2df01,"102173,108606,109285,2986,31838,41791,88463,95573",1751328505,2025-07-09 21:01:31.521295
943fb1cb-b96c-48b9-b94d-182a6297491d,382a7544-29cc-4de2-b833-1562bacc17a3,"10303,105448,11061,2046658,2155249,2835607,37132,62740,6463,9172",1752130258,2025-07-09 19:04:31.645408
947e259d-f2b6-4c86-8527-9b556bc888e3,76ad6a30-4810-4c3b-93ec-f7ff6091d1b3,"10790,109194,109353,1254,14002,23425,25652,27605,31090,58583,7542,87316,93558,94817,96707",1751504417,2025-07-09 18:55:31.759641
948e71be-d8d2-4da2-907d-a1d8eebc7a66,29086a5d-340c-41fd-bbee-34206debc0c1,"103933,103934,104054,104240,109384,17960,24555,39299,82042,88660,88661,89394,93734,97597",1749610888,2025-07-09 21:25:31.482511
9499da7e-e086-4213-a17a-0ca568038ed0,fffe7772-9c83-44aa-97c2-7083760c06fb,"2057452,94800",1711730653,2025-07-09 21:34:31.499073
94a0368f-ecae-4a4a-be24-8742ed6ef253,9405ab04-5cd3-475a-9118-a3a0d56ddfc9,"100889,1662,2233454,66116",1752289270,2025-07-10 18:58:31.529937
94ab805b-363c-49bd-afa1-59e4a46cf6f8,9310a05a-4a62-49f9-b754-8714c7442f8f,"2864154,5220,58586",1752201335,2025-07-09 18:49:31.587698
94af1f90-3c59-4002-9fc3-f67dcefc9250,f47ef034-4e01-4361-af86-a96860c90b84,"101095,107760,87333,94776",1751383244,2025-07-09 20:40:31.784592
94b203e2-cc79-4eb9-80be-eb46acbd4ff5,b9d8a51c-0c62-4d23-b93f-cc9df124b9b5,"105115,105957,107076,107858,108295,11275,18065,24250,26728,3229,37808,38441,7099,962,96660",1751138617,2025-07-09 21:43:31.40037
94b5395b-c54b-42c0-bce9-82b198cdecc8,857f1099-fbd9-4ca5-8055-be24a41fb3dc,"103093,104693,109566,43336,46269,50611,58583,58586,62662,824",1751250719,2025-07-09 21:04:31.429108
94d0c175-366b-4454-9a74-baeb66e946cd,7df6bc08-5376-4c1c-9893-7a5668c15f23,"1941481,1949560,2042448,2042453,2122313,2122323,2122327,2122408,2122581,2123603,2130575,2258643,2826153,2857403",1752097674,2025-07-09 19:22:31.604565
94dc6475-faf0-4b0e-920f-b5f1dd0627ec,9374cc05-67ec-4ca5-8f08-0015ab6beec2,"106413,107714,10956,109901,11275,11699,25162,2860750,295,3076,3229,34420,35720,40501,42294,4499,459,61602,64586,6541,7309,77362,77946,84865,85175,8715,88728,91611,93672,93978,94800,96397",1751215912,2025-07-09 19:01:31.673767
94dd6977-9b50-4014-8d05-5f3b8724ec47,4531dd9e-f523-44bd-b348-a4e94249d84b,"46269,95631",1736384748,2025-07-09 19:52:31.520152
94ddbb47-b142-4397-a70a-99a68dca1d65,e8aad2f9-2584-42b0-ae19-640400398c7f,"56648,91611",1751589683,2025-07-09 19:25:31.714795
94e397b2-3aa7-49d7-b659-0d53bf695a67,3a7098b9-02c9-4b78-99a4-06efc2cc4a26,"106240,17238,17995,24250,37808,54599,79801,80024,94450",1751915667,2025-07-10 19:04:31.302353
94ebf3b1-199e-4d55-b641-3c0e5e4a44c0,052e5d91-d613-49c9-b280-6010798bb257,"106469,107444,2217614,38441,44530,66161,83378,94800,96024,97304,98607",1747586125,2025-07-09 21:22:31.50472
94ff7d8d-1cf4-4766-b1b9-da0f2f819a0b,65311487-5b30-4b77-86e6-18234fc81b29,"105626,58586,96625,96707",1752099376,2025-07-09 19:19:31.413237
95007a97-58f7-473b-8aa5-c45a48d72af6,8d4ef5e7-c844-4fca-8733-e536166f5bcf,"2245717,2260814,2261426,2262738,2266965,2266967,2813405,2836183,2839032,2846532,2851022,2855201,2855209,2857040,2862133,2862139,2862206,2862208,2862215,2862217,2862218,2862219,2880013,2880792,2880797",1752287784,2025-07-10 18:55:31.478294
951cde0e-fe97-4f06-872e-84c3a45c0647,f485f309-0ca9-434c-9393-0db7fb2eca48,"100328,101820,102052,107270,108232,24092,26891,34344,44897,46269,67594,90157,92312",1751685879,2025-07-09 20:37:31.608351
95291a42-fea0-4183-a1d4-3331350ce5a3,d9a7b564-2e93-446f-91d8-f0ec932b328d,"19221,2254475,22937,52394,86634,9672",1752126582,2025-07-09 19:16:31.314342
95301ddf-f86c-4989-92f0-9cf4a02627ba,38dba185-e2b1-4a21-8295-0a3c5312b32f,"24584,6335",1751600191,2025-07-09 19:28:31.448042
953d2b55-4d25-44a4-91da-8f746542565a,3bd15783-d401-4b15-9920-3c3af8a96714,"101014,101095,106868,107064,107540,107764,10817,108288,109411,11275,13012,24536,29244,31838,38441,4498,51272,5625,61600,6351,86616,94799,95225",1752373920,2025-07-11 05:37:31.442568
953e8403-e445-4f41-90fc-74aaf4314f03,6371673f-97a2-4c31-9d6d-1363912ea0cb,"10727,108222,108580,19329,2251900,27605,2850936,2856643,42294,43137,4793,50539,53561,61512,61624,64427,77071,77885,80014,84942,86824,91232,92184,92854,94833,96397,96547,96905,97078,98873",1750379702,2025-07-09 20:43:31.463099
954573d1-dcae-4439-91ee-603a50d15555,df0ba99f-a1b2-45fc-a551-0d47f2b9a449,"101095,103332,104958,104969,104970,104971,10727,37270,38441,40501,53561,58583,6302,69798,70399,73907,76470,90000,94631,98684,99216",1713569922,2025-07-09 20:31:31.402227
9558ad76-eab0-4485-8a86-9f3d0b71f7bf,f8f60333-f1c5-43bd-b1bc-00d4a74ddad3,"2092045,2116722,2141467",1734593395,2025-07-09 19:58:31.343729
955a276b-e341-4ef7-8dc2-79b51fef1d82,922aa3ed-b047-4995-9bee-0044f9b9deac,"104969,108892,25004,2837266,3229,64586,93015,94631,95025,96248",1747222761,2025-07-09 20:16:31.381882
956870d3-fbea-405e-92a4-ffeb7c20fa00,46175349-4bf0-42df-9cb4-bb6eaa66adf7,"101292,105882,11632,22793,29052,30195,31791,3229,40213,46130,56136,62483,80427,93983,94800,98741",1727116588,2025-07-09 20:19:31.511716
9579a1af-a8a7-429f-a888-4c6e8e2ec342,e9152e5e-562e-420a-ab5b-8b68a522392a,"106413,10772,11792,16816,19085,2144967,2852903,3598,38441,43137,44935,56285,58576,58583,58658,65902,67149,80749,85608,94800,96172",1751304043,2025-07-09 18:58:31.654225
957dc3a8-1be0-430b-ab31-f5668f3cb49a,716c5d66-8b56-42fa-b5b5-4ebb0d029607,"102716,103991,103995,106746,107400,107871,108607,11275,11504,19180,2158564,2186795,2836926,38328,45772,50611,52753,67642,7529,83696,92357,94649,95933,98491",1751744155,2025-07-09 20:58:31.613441
95838ec3-84b8-4f6b-bc26-63617046ad24,f62251fc-541c-4cc3-aae3-734d4d9d911d,"15984,81852",1752202110,2025-07-09 19:10:31.750627
95853fea-d154-4fbe-870c-02d8c2e0cff2,6e2f86f4-2738-4032-ba47-5a6824f2ad4f,"107995,39201",1751757045,2025-07-09 20:58:31.613441
9587498f-4523-4ac5-869e-7f1f374ec5c0,f957cdc0-2ede-4019-b04c-4238a239fcaf,"11632,11633,159,23793,2607,44530,45782,50539,53561,53565,56285,58563,58576,58583,61600,6351,65742,72242,73907,77946,781,80749,83129,8420,85849,94800,95272,96024,97224,97711,97791,98358,99216,99344",1752250766,2025-07-09 19:01:31.673767
95b8e8af-d5d4-4f77-9d11-1dfae859da4e,bade846d-6d3e-40b7-b7de-fecc8e720c20,"2048239,2048243,2064240,2118409,2118504,2160218,33962,40322,70806,83696",1746499858,2025-07-09 19:49:31.570096
95c3213d-1c6c-4939-aee8-8910b51d8c65,25a2ea6a-3df8-4651-8104-0ac4ac6a5f0f,"10730,12010,84942,97830",1751416115,2025-07-09 19:25:31.714795
95e3c0a0-8b07-435e-b7cb-3d2d685587d0,ce0e9da1-7b87-44f0-bda5-61df01c6bbae,"102084,105578,26485,90584",1751904561,2025-07-09 19:07:31.585047
95f0eee9-e14a-4449-928b-6eb54937089e,4c3877eb-db64-4a8b-afc8-f36272c37b7e,"105626,107752,2027415",1751243974,2025-07-09 19:19:31.413237
964e94b7-47ca-4f4e-8100-31fecee314fe,d6ac8f6e-51e8-4561-a63e-bf9c3ae4070c,"102208,107517,1129,2158,29520,40301,44933,4756,50679,68805,94776,95952",1751295735,2025-07-09 19:49:31.570096
96527d04-1e7d-4b08-ae6c-315333a8b5e0,c30d393d-66f5-4296-9b2d-c167a49ed3b7,"106412,16124,25286,41097,48574,83266,89706,979,99216",1750727701,2025-07-11 00:16:31.65555
9656eda1-9c0a-470a-b097-a2e10b6b6dda,1a9eaff8-b080-452f-bbb4-b6e9568cdf0f,"102494,1662,73907,90186,92219,93104",1750293038,2025-07-09 20:28:31.628044
966e5921-4a30-4f63-a50d-31413c98ed38,355e2580-ee57-4fd1-a3ed-701f7cfc424d,"100159,102824,104176,105723,107752,107760,11632,11792,2068204,23425,24070,24584,2841277,48574,56285,58586,71936,89482,96547,96660",1751650730,2025-07-09 20:37:31.608351
966e6c3c-c92c-4159-ba90-60164f8159a1,cc39af66-0e45-4576-8368-50c4ea8fa07e,"105626,11275,1311,17946,3229,40336,42294,46106,56648,58583,58586,77071,80749,86543,96083,9672,97066",1751906438,2025-07-09 19:10:31.750627
9676cef3-ddc1-48ae-8455-2ea41cb6609b,2c4d139d-6ddb-475a-b16d-dfaa07d10ad6,"2607,33493,91936,94631,96729,96802",1748541916,2025-07-09 20:22:31.445516
96987d2f-6cc5-40ae-b3fb-42bcd0c2e8c1,765aa8eb-7f0b-4d0e-a763-7b0cb7616cbc,"100328,100329,102409,104936,105422,105641,109285,11517,38305,58586,84168,87545,97304",1752268267,2025-07-10 18:52:31.513517
9698c9e1-f672-43db-a23f-5a4f798f3b9a,f8b60625-e6a8-4dcb-80a5-3817ed7bf7f6,"102084,10637,2252159",1752223153,2025-07-09 18:49:31.587698
96a4c19f-0402-4f35-894d-7b6958922165,95faeaef-345d-4be6-a71b-701f6e5882c9,"17995,46130,55493,58576,94800",1752199103,2025-07-09 18:49:31.587698
96ba8664-9f4d-4734-a59b-8f1f9499c20a,cd7fad00-51f2-4fa8-867d-83cb93767efa,"30551,73907,79524,83266,94800,96248,97304,99344",1752115102,2025-07-09 18:55:31.759641
96e55a62-9760-4ff1-9b37-38d4afabbef0,bc2285b1-356f-4e63-806d-7671388ad691,"101095,104176,104816,106076,107858,24250,26891,27548,47319",1752073458,2025-07-09 18:58:31.654225
96f2ee0a-7d56-4e7b-b357-db647d2528b7,ad1d3b29-d1a9-462b-b8f2-e8ee24c99786,"106237,107076,108626,62483,71921,89612",1747421966,2025-07-09 21:22:31.50472
96f5a7bc-5bdd-4c4d-9ee6-9ca0b0ca34eb,a2991432-fee9-4162-bd1b-7d623d1e4db4,"30439,80024",1752408612,2025-07-11 19:07:31.675911
96f5e33d-0ff8-4951-9c31-1be1600628ed,15df0278-0e23-48b6-9726-47142d4d0078,"100792,102633,107285,12500,24092,24324,3060,35462,38441,70929,76470,82008,87792,99403",1752481941,2025-07-12 12:37:31.584738
971ae8de-7170-4f22-a732-0af0059d5aaf,13503548-d921-413b-bbf7-521033077fd6,"100745,103939,105081,105725,107745,108487,13983,17119,20013,2116,2265508,25503,29428,29431,30505,46269,52394,54860,57298,64427,67937,85160,89482,91153,94227",1752361767,2025-07-11 00:16:31.65555
972bc6d4-aa22-4bc4-934a-726014fbfbda,18ffc6c5-5dbc-4b6c-9367-a76f630566a5,"64427,98700",1752130943,2025-07-09 18:55:31.759641
97578153-1359-41ad-8fce-ba7b3ebe3c92,4784e82e-f304-467a-b8d3-3cd17b312e97,"10480,21833,24702,27463,2839496,62008,64427,91473,93978,96357,99344",1752248645,2025-07-09 19:01:31.673767
97656994-bf4c-4048-860e-11cee2ad2fc3,62309446-4cc2-44af-b817-5c376c0103e9,"10303,105265,106601,108062,108439,109146,109285,109923,17960,18283,2252643,40499,42075,65709",1752172529,2025-07-09 19:34:31.343546
978eef6d-9b0c-4185-be25-cfbb1d6b1f9b,990de94f-4777-411e-9b2c-71c52d6faecd,"105538,30439,61512,62782,68762,68987,77391,83129,96083,99403",1752295476,2025-07-11 19:07:31.675911
97ad3c49-a4f7-44e3-8643-f2a7d7042eda,33867453-5f51-4475-83ee-9f843fad3c39,"101369,104100,12010,2065947,24702,38441,58583,6071,61602,69631,73907,76859,94631,94800",1752072069,2025-07-09 18:58:31.654225
97b25da3-e4e9-4877-a61c-c58d524e7835,7e17b15e-585e-4109-a769-e671deeab101,"100080,316,97479",1727456479,2025-07-09 21:34:31.499073
97c1e377-d1a0-4065-9a9c-870ad931a5e6,3142d266-4c4e-4b46-88d6-485a6375ecc0,"103988,2218174,28995,31838,40301,93590,99224",1751604654,2025-07-09 19:25:31.714795
97e9fe4c-7a8e-417d-85f9-07e1b888bbc0,56982336-64b0-48c0-97d7-44c3e894cb05,"100745,106278,25514,29461,40499,5353,58583,76470,91191,97304",1751145825,2025-07-10 19:01:31.560317
97fe740c-c816-46ca-b7de-5552ce9f1566,e8e6fe8a-6e83-485e-923f-be9bb410c151,"100665,102417,105917,6743,7484",1751600036,2025-07-09 19:22:31.604565
981bec2a-5d6e-4fac-81d3-eff4c003303b,f54c65de-9a7f-4e00-a8bf-44287d0af485,"107860,108337,11369,2062268,2087596,2843192,37262,86828",1748226403,2025-07-09 19:46:31.620522
98211b70-6743-4ccd-9269-a833930dcec8,bb0de57e-d0f7-43ff-b0c3-de291c70ade3,"101096,102923,1063,107319,11520,2068529,30439,37262,58576,77149,92578,979",1752126644,2025-07-09 18:49:31.587698
982d95bd-3ef7-4464-8782-e37b9db155d8,07e19e77-b3d6-4c4b-960d-e946c1a8355d,"104176,105438,107225,37100,41012,80749,94800,96555,9850",1751423042,2025-07-09 19:43:31.642855
9832c642-44c9-4155-b47f-c80e06d563e0,949bd211-61d3-49d0-8cb1-910a744ed2b8,"101064,101082,105265,105641,106413,106861,107739,109020,27605,63601,67149,76412,82434,84187,96083,96676",1751036932,2025-07-09 19:43:31.642855
986339f6-6880-41cb-afab-9a8aa9c1a1e9,5b6e7ff2-39e7-443b-a6ee-f8510ca603b6,"100744,106067,12138,19085,2164368,69554,83471,90599,97304,98610",1750098755,2025-07-11 00:19:31.492721
9871fa5e-5c8f-4de0-bc73-3c9568491e75,fa0498cd-f2a0-4714-ac64-a80bdc84ab89,"100154,101968,40063,72397,82490",1735792378,2025-07-09 21:25:31.482511
989e629c-c272-4e59-93b6-3b4aef7e9914,bef81f64-831f-49b3-aa9c-c4f80c3bfc39,"13237,27561",1752381977,2025-07-11 05:37:31.442568
989e7e28-409a-49da-88db-27dab29f0a11,6e047c0b-5e8c-415b-a3ea-39a8683b599b,"102172,105723,106926,108410,11632,24250,3345,3569,38441,42075,4498,45783,46130,48753,51931,53561,58583,58586,6541,6580,6674,67997,69106,7521,81402,81813,8420,86543,93690,93985,94648,94800,95701,96351,98480,98708,99132",1751832403,2025-07-09 19:04:31.645408
98a905cd-59e1-4d50-8a0b-f813e4feff19,95a85325-3528-4bc6-9535-9f12b1fbcfb2,"105017,106501,107345,2051762,2068529,2068530,2071147,2094964,2155253,2155256,2167360,2170014,2198327,2253102,2267271,2815497,2815500,30070,36852",1748662601,2025-07-09 20:22:31.445516
98b24bb2-8bee-440f-90c6-4c3a962df337,47ba6d9e-2fe4-4e99-84aa-67819b358089,"106441,107740,107763,108295,2116788,2263528",1745981910,2025-07-09 19:46:31.620522
98cd8ced-71a7-41a9-ac2b-bf7ff8e6c38d,298d782f-8723-469c-a4f9-4344d454ccb8,"17328,2236552,34935,35348,58586,79521,94692,99090",1736293929,2025-07-09 19:49:31.570096
98e2a6a4-f902-415a-bbb4-1be263158708,45c9b108-a501-4ae0-a674-78d0b2bc4ed9,"100092,104936,105132,108003,108880,108881,108922,109428,109641,1910,31791,92121",1751167149,2025-07-09 21:04:31.429108
98f3f066-32ed-4775-9a5d-0114aee2294e,421c3b51-5fae-4be5-967d-0052148e7516,"106795,107776,108142,108413,108414,108445,109407,109408,110193,110194,110283,2836,37100,37132,38441,58583,61600,9172,93015,95353",1751819293,2025-07-09 19:25:31.714795
9904481c-cf39-4566-93ee-6cbe2a4e7d0f,f73f1e3b-78d0-4cbf-9ca8-1e4e5d4ab98e,"42294,83129",1751849875,2025-07-09 21:10:31.289723
990e18aa-1102-470c-b301-f9c53a51ed80,d07aefa1-f8bc-4d62-9e46-ca64d0887f2f,"105626,106601,20795,48691,52394,54603,5767,58563,65902,7573,93839,94648,95750,96249,96397,99263,99483",1752209881,2025-07-09 18:46:31.426409
99258432-7c38-4799-8f61-1e97b4eda171,032fd7cd-8dc5-4dd6-a4a3-ca8de270743b,"102171,105017,106746,107740,2035273,41097,43137,56295,85175,86543,89482,93978,97224",1749261868,2025-07-09 19:46:31.620522
9932d710-750b-4f2b-a418-9f9d862201a2,bd529c96-87db-4fd8-947f-af833a65bb56,"1254,94817,96083",1751905296,2025-07-09 19:22:31.604565
99403d14-14b1-498d-b843-98cb134fa1da,cab7a4a8-78e4-483f-83a0-f5d5d308a93c,"109285,11792,56285,56295,58586,62662,85783,86543,97304",1752403616,2025-07-11 19:07:31.675911
997eadb9-2a34-4ed2-abbd-8ff7a1c8a793,4249fd02-6c2f-496c-96a9-27aaf6c229fe,"104057,105657,2048635,40504,56648,58658,99224",1751684267,2025-07-09 18:52:31.536339
997f9787-fea7-4f69-8159-0b58cb8b0963,d6262946-e774-4eb6-9b48-e548de6d5ebc,"39201,5897",1752032010,2025-07-09 06:03:20.402123
9981a219-8f73-4a0d-8220-4568c74e2be5,ba1f4dff-91d3-4c8a-8a0d-280905991345,"106245,11917,23425,50523,83258,84942,86084,86828,90362,96660",1751485080,2025-07-10 19:01:31.560317
998aa5e6-bda6-4ae8-9377-9b1df29eb122,9ef598b2-e8db-4a88-a474-f2633fdc3786,"102173,104482,105589,108122,108351,108506,16213,24092,3229,38441,4160,5376,5674,82945,85292",1750960797,2025-07-09 20:28:31.628044
99900b32-5196-430c-b80e-d3045f5a14de,b23d4d33-d154-438d-9f9f-74cdbc2f3859,"2822522,2822523",1752072728,2025-07-09 19:01:31.673767
999f13fb-22e9-4d4f-b466-7667f46bab0f,04ce0476-6420-49b7-94a9-25b267d8cd21,"101438,107340,107711,108295,108766,109115,109548,13240,159,163,3229,32567,42398,43137,55524,58583,58586,65902,71876,87201,88990,90413,91231,93061,94096,94097,94268,94599,96699,97006,99039",1748272523,2025-07-10 06:01:31.512189
999fe7bd-9c28-4533-87db-e43fdd176068,dc738be3-66f5-4cb6-9dd5-958154498aaa,"102923,18065,24250,26487,40336,53565,56285,58576,58583,68987,7521,83129,93978,94227,94800,98741",1752475916,2025-07-12 12:37:31.584738
99a7d1d8-2547-4f80-8999-e8269f847ccb,dfbc5723-05a4-459a-b12b-7c6346bf2c70,"100825,101014,101016,101017,102984,2686,35541,36485,42,48374,50381,50530,97711",1727756451,2025-07-09 20:19:31.511716
99aa62be-d5e4-4419-9c49-8cbe69a4f841,f4b5bf7d-61b7-4701-86da-eec0603db4d5,"10766,40290,84729,84942,87333,90991,97800",1731969050,2025-07-09 21:37:31.433645
99c835b3-3edc-4f7d-8da3-7718cc28ed0b,9ea35a05-f045-429b-ab99-f346206b3d79,"101599,10663,107698,2144967,23425,24092,33028,35462,4495,48912,51288,5403,58654,7521,80861,83685,94631",1752210184,2025-07-09 18:52:31.536339
99cd81f6-903f-450a-ad76-b4b494d80801,caefdbba-8ace-4e5f-8f31-da54445bfaad,"109008,109009,11520,31573",1752199389,2025-07-09 20:46:31.392832
99d69f70-c39b-4c85-9f3a-dc4c62e61647,cd2351ca-943f-4c03-8ec0-3c5b9ac5c550,"105626,108186,1402,5401,56209,5922,60565,62721,68297,6993,83540,83550,89358,91936,94601,96723,9674",1737398896,2025-07-09 20:22:31.445516
99e97ad7-2bfa-494c-bd9e-c5105b7f8c5b,94e3352c-dd7b-4372-96e3-0af45c6bdd88,"104693,107153,11501,2029937,29171,43861,65742,8600,88994,92120,97066,97080,98610,98613",1750446210,2025-07-11 00:16:31.65555
9a2fcac7-3a23-4eeb-b045-8521f26ee36f,aab709d6-3285-4c99-b57e-de928916452e,"106550,13240,28986,37447,58583,58658,64427,69106,77946,79532,80749,824,85175,86543,89346,94601,94800,96942,97078,99216,99263,99344",1752174083,2025-07-09 19:01:31.673767
9a3fb5d2-94f0-4e5b-b01e-c0fb25af1502,9c8bba31-7dbf-4fc8-9871-6b513d2d568e,"100295,3227,41088,42294,48517,53730,58583,58586,61602,70952,80749,8420,97338",1750474273,2025-07-11 00:16:31.65555
9a6987d0-525f-4193-bcbb-fbb10fa6d236,d444c314-d2ff-4b54-b0a3-a2d7b6a7d528,45113,1725744607,2025-07-09 20:19:31.511716
9a6eb09d-127a-4190-a4e5-031b96a3fac4,f5c71767-d0f5-4e2d-a89d-7bf245fcd1cd,"104099,105089,11275,24250,2607,37808,38441,42294,51288,53561,58214,58275,5840,58583,61602,64427,73907,86543,92312,93015,93978,94631,94961,96405,9672",1751991556,2025-07-09 19:25:31.714795
9a6ebf23-0cbf-4f69-85a2-19d6358d587e,50f17f9e-a1fc-4811-b2f3-3716c52ea1b0,"105626,106754,11275,13237,18283,2030,23425,27708,295,30878,3229,32680,3389,37808,38441,48574,52394,56285,74787,75100,86543,89465,96083,97055",1752002814,2025-07-09 19:31:31.303473
9a722ef0-bae2-4e48-99de-7e12abc815af,457d092c-e8f8-4e1a-92fa-ab3fd530180e,"102396,106563,22793,39334,61600,94169,9672,97175,98389,98480",1742132613,2025-07-09 20:19:31.511716
9a77d3ef-80f7-47a1-b2c2-dcdd921ab697,ff7c0593-9f3e-463e-b684-bc4d7627c298,"18910,35756,78101,8857",1639984686,2025-07-09 19:49:31.570096
9a7d2a02-bfa7-4f26-bd4c-6c9638d6a5c2,6d9374df-aedf-4686-992f-a783ae5cd0c4,"100880,2194587,23063,96973",1751583777,2025-07-09 17:45:20.222232
9aba1282-c937-4c8a-8c6b-2466f63f9c1f,c2c56ed1-1452-46b3-ad71-a7059d3bce9c,"108000,11632,19221,22301,38441,86543,96670,98741,99263",1752460353,2025-07-12 12:40:31.55665
9abae310-ab28-490b-bf5c-8e1df67113f9,e1f96fa1-6b77-4d8e-afaf-24f545422efe,"100799,101369,104617,105089,26487,33580,56844,76667,79524,94734,962",1751780738,2025-07-09 19:25:31.714795
9af096cb-8719-4e3d-a939-36994913fa95,08c1f244-b816-4322-9ae7-c40c765168a1,"1063,2478,57297,73312,80024,91936,92357",1752011947,2025-07-10 18:55:31.478294
9b0eb724-d5fc-4483-b832-7721bb09e6fb,38b67c01-a8ab-4a57-a08e-8ab145ea2133,"100816,102968,106838,107956,108971,109655,11917,24250,24702,26599,27711,2845347,34197,3598,67844,91191",1751874157,2025-07-10 18:55:31.478294
9b2dcae4-1e55-4ddf-9dd9-3fb2c9a0470e,efc4735c-149a-4049-a104-46c461d05d37,"102494,108000,13241,21293,56158,70806,96446",1747637874,2025-07-09 19:49:31.570096
9b2f19f8-2c36-40a8-8b0a-791c5d3a561a,c1ae4f5f-648a-40da-8a2e-169a842ab7b2,"104693,107759,107876,875,94062,95933,98491",1751774992,2025-07-09 20:58:31.613441
9b34655a-e58c-4602-8fc8-2fefb8442781,bf20d9f9-edcf-45ba-91b4-6e5dcd71cfd3,"100080,17915,3675,50523,55493,62721,86634",1752358389,2025-07-11 05:40:31.338301
9b374b57-9cc9-401e-8a5b-f072593d1b96,c60c9ce4-73c7-495e-a53e-9666ee6f9f9c,"46130,47059,55493,61512,77946,7880,94800,96723,96942,97224,97619",1752190520,2025-07-09 18:49:31.587698
9b40b4cf-8bd0-4c02-8d82-406c292fde4b,e0cbed74-66ee-4805-87e1-5d8a73ef561e,"102325,2158,2202487,2836,35348,41097,42294,57032,58583,85175,90560,97175,98636,99330",1749413089,2025-07-09 19:49:31.570096
9b5605d9-e004-410a-810c-cb01b11fdbd2,05829921-2359-41a2-b9ba-a6f3a7ab687e,"106241,2607,34864,37447,38441,58583,64427,73907,99216",1751738168,2025-07-10 18:55:31.478294
9b643819-6b24-4070-bb55-f040b9c79349,744e700e-b3e2-41ab-9bc4-ee18fd2165b3,"107752,71936,87408,98712",1751548968,2025-07-09 17:45:20.222232
9b9fbe43-a341-46e5-ab85-f8ec042f73dc,870cd2b4-0f3e-48b6-8cd8-d2734ef5a85b,"105887,105889,108295,30439,37100,45782,52394,53561,71728,94227,97224,98075,98741",1751946652,2025-07-09 19:22:31.604565
9bb22249-4074-4fc3-87d6-03b16d2c248b,bdf77016-c0c9-484c-935c-84d326c39470,"102719,102751,105946,106499,108106,108342,108344,108822,109415,12397,13091,13170,15184,2145913,2180067,2197081,2857869,3229,46172,58583,65914,7521,77946,96083,98692,98818,99371",1751561411,2025-07-09 20:40:31.784592
9be0c2dd-6e52-4109-96dd-147fede66aef,cd92013e-c70e-4fd2-a2a7-2b1baa0718c8,"102416,104665,104666,104669,105917,7958",1716090781,2025-07-09 20:28:31.628044
9be53657-2118-4d38-9130-64fe03c4e6c1,1c473739-2e5b-42e3-8ced-52dea4660dc8,"2031001,2035270,2047814,2068516,24070,7309,94378",1750438295,2025-07-09 19:52:31.520152
9be59256-dabb-4453-9469-c2a5de494c12,660ebd10-8203-4f52-9402-c984d25563ca,"103597,105766,108067,16632,20796,20800,2132647,2150909,2195786,2225,24250,26637,28986,33028,44619,53078,62535",1739853831,2025-07-09 19:55:31.439331
9bf01330-360d-4ad1-b5e8-a4458e82f75c,f87a549e-3f7b-42ef-800e-12b0c674678e,"105877,106513,108341,109479,109594",1749227460,2025-07-09 19:46:31.620522
9bf57dd1-6f03-41d2-bc3d-9402b07edd62,dc503139-e67d-46e2-b8a0-06f79a07a43c,"108288,24702,46130,58576,67594,83129",1752257526,2025-07-09 19:16:31.314342
9bf7a218-9bd1-435e-9980-3d378f59b5bf,835b47b5-df9a-4680-9c3d-cee9413900a3,79524,1751845814,2025-07-09 19:07:31.585047
9bfc15dd-5040-441e-b7a7-758f4d5f77d7,c5bd17eb-de56-4b6c-8a12-10bac10ecccc,"1910,95933",1750186582,2025-07-11 00:19:31.492721
9c15622b-4d96-4206-b1c1-5d344ed8d9e4,7ff813fc-4e09-4152-8688-b4d90f85a902,"108295,7521,95097",1751762766,2025-07-09 20:52:31.34132
9c25ce3f-9ce7-4fe4-a83d-c6ed2e59cf14,3386bdbb-b918-4036-ab00-c7d56e0a1240,"1662,17510,42294",1751418582,2025-07-09 20:40:31.784592
9c28ff4f-eb95-4a90-930b-3454598ab475,dacc5bcd-7499-4721-879b-382b7baa2447,"107877,108606,108607,108880,108881,108922,109940,68514,97479",1752346489,2025-07-10 19:01:31.560317
9c2db74e-c8bb-4b54-81a6-1b6c639e781b,20f1dfb2-f53b-4b92-ac87-fd5347dd65a9,"101322,106355,107739,107756,108295,27681",1751950147,2025-07-09 18:52:31.536339
9c399808-508c-49eb-8ba9-a18f9023702c,5c9d1434-105b-4346-ada5-49dbe0efdf07,"107155,109746,110075,11654,13240,24250,24702,33101,40336,46130,46269,5376,57298,79524,80024,83129,89482,901,92169",1751904805,2025-07-10 18:55:31.478294
9c5ee509-34af-4d26-ba22-4c439599e99a,b92e1198-2781-4580-af6d-6a5c576f83d9,"102232,104204,104644,104723,109337,2880721,89271,92920,94378,98828",1752203685,2025-07-10 19:01:31.560317
9c6a441d-b61d-45df-80ef-a4e0608fc229,ccde308e-9f8a-4c18-8b62-e31eb95eca9d,"101323,107902,11520,18065,67594,7309,94450",1752477607,2025-07-12 12:37:31.584738
9c7b34ce-1bba-410f-b464-3cab5bd53cd6,07b318ac-3aa1-44e5-b391-e838a77bafab,"106009,2057452,2132753,2255765,2837571,40709,41023,5674,58583,83266,901,9673,99224",1749970354,2025-07-09 21:25:31.482511
9c8cdeb2-a4ed-48f0-b749-7c9997462e06,7da18037-ed8c-4eb4-9556-ee69639c1bf1,"2252159,260,7099,95857,97800",1752207785,2025-07-09 18:55:31.759641
9c97e2b4-d298-4fdd-b3cc-8f8a99c50fa9,b67f55bc-6b39-4aaf-9892-545971152daa,"102173,106550,18283,83696",1751719832,2025-07-09 20:37:31.608351
9c9acc79-ea58-439e-8d04-b21f70cf0818,3ec07f9b-52a6-48eb-a515-2bf05e471bc3,"100079,100879,104176,104617,107760,11061,23425,24584,30070,67425,88695,96709",1751608691,2025-07-09 06:06:20.285942
9ca06116-b358-45d0-8f0e-fb75918dd609,a5cd6990-1b20-4139-8aa9-5efe8e257c7f,"104955,2827078,2860203,29843",1752164549,2025-07-09 20:43:31.463099
9cb3ead1-7d7c-4715-8d66-80c36441a9ec,e0fbadb8-73ef-4d04-890b-1a1338c412bb,98700,1752369583,2025-07-11 05:37:31.442568
9cbae0e7-bb22-464a-8634-382cedb17e92,b350583e-a904-4c0c-a8ff-433e2ee084e3,"102173,93978",1752276167,2025-07-10 18:58:31.529937
9cdd0ff8-498c-48a5-8d13-d28b29048c63,de54da07-dd44-40da-bfbd-71a82e92b20e,"104022,107152,108112,14002,25656,46269,50523,53542,61602,68227,73369,81402,8641,90671,96701",1750421469,2025-07-11 00:19:31.492721
9ceb8a9b-ada3-4fc7-b1f2-d74841d68f5d,ffbd2d5b-1b2b-45b7-b950-32d0d94387b7,"104819,2057449,2873841,31838,4498,45435,79524,94601,94631",1751417210,2025-07-09 20:37:31.608351
9d0de30b-7152-4894-b6c3-740cc8d1e667,a3d93f6e-6379-41fc-a319-e30c2f97d7fc,"103665,104876,23425,4233,59340,62782,8906,91611,94599,95573,98270",1751343772,2025-07-09 20:40:31.784592
9d0fb61c-c890-4ab6-8e87-f4e2165b4e2a,0cc5d6cd-a39e-4d12-b472-6b5321669889,107639,1752280467,2025-07-10 18:52:31.513517
9d1b6d55-f661-4f05-80e1-b67ca2ed9c36,ce02d5c3-0a7c-42be-bfc0-c1d69b31952f,"106728,106741,24250,43144,91262,94097",1751235191,2025-07-09 21:01:31.521295
9d2e2097-6419-4210-9051-0636059a5b2e,3996893b-1b30-4868-b782-2c0a34a21a0c,"101471,109482,17995,2142766,24536,37262,5767,58586,67594,7719,85180,86373,90661,95800,98670",1749183861,2025-07-09 19:46:31.620522
9d3117bd-d512-41d6-a548-9a9e190d0e00,1ebe3169-af70-45b3-9e0d-a0894588174f,"101301,105846,107754,107758,25503,29236,45783,46130,53561,54603,5674,58576,61512,77946,79544,87743,90553,9065,92651,9672,9673,97304,97553",1752434080,2025-07-12 12:40:31.55665
9d4998cc-9561-4537-8fbd-ec021a9397ed,631913b3-f302-4d1e-825c-c8e78a53f633,"102507,10421,24070,459,48574,94599,97224,98741",1751926173,2025-07-09 19:07:31.585047
9d511269-02c3-417c-87a2-b70c1aa2af50,2b7fab74-3ee0-4d17-ac02-08cc5b720a15,"18176,2062628,21293,24070,3229,346,36443,41089,42294,58576,58658,62842,8394,94599,94631,95513,9729",1750646818,2025-07-09 21:16:31.455148
9d5580aa-26c4-489c-84ea-299923acdff4,56632310-9f6b-4f84-a434-55c6388228ca,"13007,2177257,34201,35740,6009,86614,97597,97978",1752022930,2025-07-09 20:52:31.34132
9d6b3cc6-3b53-4ee5-bc3a-f20e84f49d16,f204e367-0e2e-4819-89ab-f67c9af84137,"104615,105626,15570,1640,2148643,2812524,75262,91701,92301,99225",1751469867,2025-07-09 17:45:20.222232
9d78e2e1-642a-46cf-aa3c-24bba4876a6d,e66debc9-58e6-4602-ae4e-264b424f2738,"102132,15914,2838497,2864176",1751588212,2025-07-09 19:25:31.714795
9d88a024-a987-49c3-a51c-3a73d153d325,cd443d99-b49f-4b1f-b4d9-b1cfccdc8a9a,"103958,104338,2052",1735609234,2025-07-09 19:40:31.494332
9d8fac8a-59c7-4a47-b3ee-d2deaaebddc8,8c12d69d-03ed-49d2-a0ae-55f8399f1eb1,"107318,110190,110253,66648,88159,94449",1751606244,2025-07-09 20:01:31.36324
9da55120-ee50-44a9-a0e5-6bc5e9d9b41e,4f5dd21c-a08b-4c5b-9e30-73e67c5b3c17,"1254,1662,24070",1752120070,2025-07-10 18:58:31.529937
9dd78324-1f18-46fe-b21c-34f33b06beee,b309c91e-cbd6-4f04-bb15-6de2a450d34f,"104640,37100,40336,41088,58658,72397,80749,94769,94800,96660,99216",1752347307,2025-07-11 19:04:31.380296
9ddcb9a3-0386-454d-8732-332842d0b1df,46a880c3-0b96-4e5e-9e83-9a26e297b95a,"100900,104875,53561,58576,94800",1752209816,2025-07-09 20:34:31.516539
9de4ce45-e10b-4a47-a4e9-08fef355f09a,9c4f8d63-1080-4a0f-aec4-d9bc1a6e1e32,"106288,56924",1752283672,2025-07-10 06:01:31.512189
9dfe8525-963a-4c49-9670-ea4c02d2b526,10421f22-4f73-44a0-8995-a193624f3d22,50596,1752211283,2025-07-09 18:55:31.759641
9e0a26a4-b693-43a6-bb6b-b0244ab6031c,8bf841ab-9e53-4351-8bdc-5898e3f4cba2,"100802,101369,10260,102824,103861,105017,107344,107748,107752,107829,107902,108340,108860,11792,2067736,2070606,2190214,24092,2478,26487,26728,27615,40972,44933,44935,4661,48789,6183,772,80024,85364,92295,93985,96627",1752316751,2025-07-11 19:07:31.675911
9e15836f-0bf3-4199-ba45-ccd22b0663c8,10c6776b-620c-448d-996e-959abe9fcedc,"10637,2164792,4756,90661",1735016384,2025-07-09 19:46:31.620522
9e277331-05bc-4fc2-94dd-5973bb7be370,dc8dcfed-d7df-4110-bbde-36fb3a478a7d,"1662,7521,94631",1751680859,2025-07-09 19:25:31.714795
9e3191c7-3eab-42b1-a626-5f1529b6c45c,007191ec-323c-4dea-8310-45fa8f954e42,"10303,2155604,2158538,2851762,2864973,58586,65959,87804,93754,96225",1751589734,2025-07-09 19:10:31.750627
9e54e2bb-e0f1-44e3-8696-39065e0aa0f8,22cc742f-59f5-4fd6-a51e-409b7d36e22f,"102968,1523,17995,57298,65742,68987,70833,71360,77946,81865,92219,96953",1751741750,2025-07-09 06:06:20.285942
9e646f9b-62d7-4ed6-8439-3612c96330e3,e620b5b2-b2bc-41ef-981b-058f75cab773,"102173,102409,103378,105275,105422,107050,108779,2174713,25234,3227,38328,53542,58583,79654,84087,92383,92675,95470,95750",1752103409,2025-07-09 18:49:31.587698
9e6db0ab-e1b9-4b35-bbd4-44e5b17e5bf9,98eeb730-b38a-42eb-82f3-c6747fab5d3f,"107153,12904,26891,62008,68177,97144,99263",1751679290,2025-07-09 06:06:20.285942
9e7c4199-5742-4507-9538-bc8e49c6da4c,48631cdc-a208-4d4a-abed-66ab1e6cde11,"101095,104176,24092,37612,37808,4249,4498,4701,53561,58583,58586,68987,69106,89465",1751673223,2025-07-09 21:43:31.40037
9e8db61c-49b5-4007-bda0-bca69cf40810,ab84d402-e162-4e72-ae1b-9add4f4ee799,"1910,2607,79611,99216",1752157370,2025-07-09 18:49:31.587698
9ec982fb-299f-4bb0-873d-8c69d935568e,85f5aa20-2b7b-457b-b219-edc964fd0635,"100272,10303,18283,27743,30312,83665,85163,92650,97304",1751250771,2025-07-11 00:16:31.65555
9ecbbb19-760e-4b71-9250-76357ec245aa,e9fb90dd-5f5f-49f7-bd27-879f06c4dfbb,"106044,106499,106597,106651,106866,107827,107999,30219,3229,45782,58583,83550,83811,94800",1737598945,2025-07-09 20:16:31.381882
9ef44c55-c0fd-4777-a21f-656164dfcc12,1b144926-cfdd-425a-888e-93573a317fc5,"101730,102051,104357,2849032,2849101,2849940,2854546,2854547,2854548,46269,47319,50523,76412,84087",1749776863,2025-07-09 19:43:31.642855
9f0da5d0-a6ef-4cb2-9dce-a004452a22ec,6e1225fb-a628-4e69-a3c8-e4f50e3f4c30,"101236,102084,103254,10638,2068,2174713,36500,43547,67495,79524,94227,96977,97619",1752116148,2025-07-09 18:55:31.759641
9f0fa41e-238f-44a3-b170-6f6cf0ba0703,0fdefde6-1370-42fa-8c9f-555378d35df5,"1662,961,99216",1752449147,2025-07-12 12:37:31.584738
9f25dcc0-1eb9-4358-8eba-802f11c817c9,12921faf-5a82-497f-b8e9-db81e68a42f9,"100954,10638,11516,11517,14002,44785,52394,55493,62662,65228,83341,85783,87080,94800,98610",1752057480,2025-07-09 19:34:31.343546
9f499cae-05aa-4875-a6d4-e2018fd8c184,f8d56be6-ab8c-4109-b1e9-00dfe42f46ee,85163,1751257744,2025-07-09 19:04:31.645408
9f5ac29b-e2d8-4f15-8799-d49ff30fb860,b05ce656-6c6c-4368-9174-7f2a6d615436,"106590,11501,11650,13459,1662,2855138,5369,58583,79524",1752301477,2025-07-10 18:58:31.529937
9f673be5-4dd0-4733-b3b3-be6d0a6b382b,82f22bb8-7576-45f2-9561-80d26140bff3,"100329,104924,1192,170,2045343,67997,92186",1750472183,2025-07-11 00:19:31.492721
9f6c795f-58ea-4422-9a0f-ce79639fdd54,6224948c-05d6-45d6-abaa-fe1cf7e7c164,"103444,10791,25652,50679,95697",1751298754,2025-07-10 19:01:31.560317
9f6c8d36-dbdf-4ecc-a4ff-e93af7f64720,f53939ee-1cac-4be4-acd0-bbcaea575d87,"103584,10638,19597,65742,68987",1752109598,2025-07-09 18:52:31.536339
9f9b58d0-7cf0-498d-a080-c3addcaca65b,e975b146-16f7-4caf-9678-44d48b2edc41,"103977,108534,35348,53542",1741465561,2025-07-09 20:31:31.402227
9fb93706-dae1-41f5-b5fb-9f0b9d603214,ac6740c1-1447-4a89-ba0b-bae631eec2e7,"100154,106551",1719947268,2025-07-09 21:25:31.482511
9fd678a1-f695-4957-acf3-4f45b3147555,ca6a90cc-f9c2-4428-9602-c6226110eba6,"101033,104969,106355,107319,107540,107860,2607,26891,33028,38080,58583,58586,62662,80024,81402,85180,88636,94227,94800,96953",1752197120,2025-07-09 19:10:31.750627
9ff29e30-bff0-4b90-9a2d-d5aeba4e36bc,93cc65b0-52e3-4c25-bee3-4e6d5e91dd69,"7521,77946",1752356295,2025-07-11 00:16:31.65555
a0088dbb-e677-4437-801e-e7b6a2c655e9,a1c41940-cf49-4b21-8cbd-263e4927dcef,26964,1752289029,2025-07-10 06:01:31.512189
a018da6e-e509-4679-97ff-2814b52d6407,2849457f-e111-4d0c-84ba-433b233302ac,"61602,95857",1751676074,2025-07-09 19:07:31.585047
a024c179-6103-4710-9402-3ab5061a6c99,d0893ae8-38b9-4e67-939a-a577d22e1c4c,"1910,53561",1751505497,2025-07-09 21:01:31.521295
a06cc5a1-96e9-4d97-a58b-6c92aea296dc,ec56fc68-b0f1-417c-8c54-bb6d60f294a2,"104176,105843,107752,17267,2194562,25708,26891,40325,58658,89482,97787",1751739179,2025-07-09 21:10:31.289723
a07dd640-c2cc-4655-9186-a0f8f9b6c257,cfd6ab62-7abe-4fe0-b719-60fe96313f29,"106076,107074,2194562,2839482,41088,7521",1751671734,2025-07-09 19:10:31.750627
a0b64df0-42c7-4c53-86fa-367b7415e591,37734fdc-0927-4ffe-bfdf-28e747938964,"103977,2115,26891,37132,58658,61602,79544,85180",1752003212,2025-07-09 19:25:31.714795
a0c0ba66-3b85-4f61-9118-f12e54de2246,b45a9ee8-5949-4abc-8092-a0f806a125a0,"106550,71188,99839",1752347689,2025-07-11 00:16:31.65555
a0e0e266-d26d-4d82-be43-fca68c8ea7e2,7aedb911-edc9-434f-8561-3da2ec3639ec,"101165,8122",1751136681,2025-07-09 21:25:31.482511
a103af17-3c78-4d56-81bf-d1c12e494482,79bf7e77-504e-4344-92bd-654ef7186b4c,2078410,1750520813,2025-07-09 21:16:31.455148
a104b657-942b-4434-96b0-1dccfc969633,04cb77af-4aa3-4b2c-8e0d-3bd1f27b6d00,"105437,25652,37447,44169,58576,62531,93978,96701",1751929136,2025-07-09 19:22:31.604565
a11cd75e-5235-479e-a7cc-f0dfc711a15c,67becd22-73c8-4417-b126-766709f429b1,"2048239,2048243,2176646,79742,92306,94800,96357",1749259417,2025-07-09 19:49:31.570096
a122e3bb-8555-4342-bf86-c5b10748c013,a96074cd-d2d0-410d-98c8-c57fadccb060,"102420,105695,106957,109664,2163591,27235,27463,3102,31629,34421,61883,81842,88735,93015,93927,99593",1752122514,2025-07-09 19:28:31.448042
a12d26ba-8a28-4b8d-893f-7908fdf68b8f,6e568ec6-9ecc-4031-b24a-3bb264a031f4,"10303,105970,107400,31838,3664,48518,50523,5584,58583,82818,85163,87024",1751681162,2025-07-09 20:58:31.613441
a159a90b-a2a5-4d7b-b14b-dc577a407c01,698af80b-e058-4638-825e-8035525675af,"18265,2607,56648,72028,83129,85783,94443,99403",1752211937,2025-07-09 18:46:31.426409
a1771792-3067-4078-8298-e7d122c946ec,7b61d20c-5f0b-4924-be81-04b39b0a1685,"11504,13095,39299,53561,61602,96707",1750362938,2025-07-11 00:19:31.492721
a18d1504-8316-49c1-bf82-bc285d2f19ad,32a28405-27ef-4513-8b61-7edf2cb2588b,"100532,10303,10510,106186,19221,24584,26637,27605,3585,37100,51318,84087,90453,91262,95933,99371",1752123871,2025-07-09 19:34:31.343546
a1966185-9098-40d0-b6b9-6427bd547652,c0f7e187-e432-4478-b903-4c67d90299ff,"104273,104274,106395,106400,107803,108015,1254,14002,2159235,23425,23971,35071,35548,37247,48574,58583,67844,7542,80014,90569,92411,96707",1752104229,2025-07-09 18:49:31.587698
a196fa17-d7b6-49d2-8761-2f706b5e6b7d,70307c7a-0bd7-4a77-984e-8b4a9845b58e,"108705,24250,58583,58586,7521,80749,83129,85180,94800,95513",1749340287,2025-07-09 21:16:31.455148
a1b6880d-004b-465f-b80b-fbb348334ded,2e2a5939-cb6d-496c-b9fd-692dd5da0ec2,"12397,16632,83129",1752203765,2025-07-09 18:55:31.759641
a1bc2389-7e2d-41af-bcf2-33302c777255,7ca2e2b4-9711-4410-843a-3546fa806c9c,"100325,105377,105723,109679,109817,109900,1196,2862962,2866505,2871172,37808,48574,54659,58583,64427,65905,8445,90413,96808,97338,979",1751344977,2025-07-09 20:40:31.784592
a1cf6819-b554-46c6-8d5e-364fb9c92f8f,b048d186-7614-432a-ad69-7c149d868e2f,"100614,108402,46269,69106,94025,97092",1744735577,2025-07-09 19:52:31.520152
a1dc508e-8f3e-42ac-9720-3d70174fbd21,2b3a738f-0eee-485b-9904-91c63a695db5,11275,1752242859,2025-07-09 21:07:31.368637
a1f2a0fd-5eef-441b-8337-225ce97fd9e7,65b15e02-6a0c-48c5-90e2-1a14d2ed1477,"104072,11633,2125810,41097,56844,61602,94817,96701,97304",1743294428,2025-07-09 21:40:31.522517
a1fd2ae1-5290-4602-9db3-7eedecd0b041,aab4846c-7910-476a-b09a-5081668c473f,"11786,21833,97786",1744248163,2025-07-09 18:52:31.536339
a2043d89-c529-4903-869b-40acb4cf4f89,0a5fbdb9-e285-4438-8282-039745328d1a,"104542,87080,94800",1750015462,2025-07-09 19:43:31.642855
a2072ca3-e862-4764-b670-194fb43d2e70,58637a96-9929-4f12-8ec2-6b6a41e806e4,"100954,104440,27605,97224",1751969450,2025-07-09 06:03:20.402123
a20929aa-9886-41d9-8883-860699808a07,527bbd34-746c-455b-be26-c73f5a3b1b67,"108146,11633,15178,2607,43137,58658,6114,61602,67200,77959,82314,82490,87315,93486,93978,95493,99225",1752006572,2025-07-09 21:19:31.485127
a20a02e1-2f29-4c55-a29c-9dba257f37c8,620fef22-5a6a-45e6-b536-db95a3d36d46,"36776,37132,42704,45113,48942,67425,67594,849,95406",1736902514,2025-07-09 20:19:31.511716
a20e2782-1080-4aac-ab7e-b056c8783510,cdea6465-215f-4154-9253-1c34bcaef0b7,96707,1751511892,2025-07-09 19:01:31.673767
a21d6e3b-bd24-4191-a110-f30313313c14,c5765da4-d9c0-4850-8808-9ad81e6e6d6f,"107829,2148658,27605,29129,776,97045",1752236131,2025-07-09 21:37:31.433645
a223b46f-4b10-4df8-a124-4bc7a026c6f6,f279e3e4-f5d3-4be8-a839-44c477905b7d,"10421,18283,459,52394,58583,80749,88463,9253,94151,94601,94800",1752090043,2025-07-09 18:46:31.426409
a22e9755-0dfc-4982-98e3-d30893dc244c,0aa70ea1-ab96-4105-80dc-5ccc29d79b95,2119802,1718529827,2025-07-09 19:55:31.439331
a2352aec-9bbd-4193-8c69-bc757cdaa0eb,89a85eb5-9f0d-4ce5-b326-9fd82d3d4df7,"101097,38928,87316",1736395368,2025-07-09 21:37:31.433645
a24f3831-dc9f-4493-9f36-a518ec66af0e,cbefd6f5-8f99-46d6-a808-ac79b061fd62,"105641,15791",1752275984,2025-07-10 18:58:31.529937
a255d64a-d628-4b59-9cd3-01f8159169c5,3320615e-b094-4ca4-8491-87852d3718d7,"104652,105018,58583,61600,61602,7542,97304",1735537706,2025-07-09 21:22:31.50472
a264061c-466a-4e65-ba2c-c8591b5db4c9,a68a46e0-2097-41cb-95d1-2280040b6082,"101625,106868,23814,35484,37262,75100,97304",1751915226,2025-07-09 19:22:31.604565
a267fefd-9310-43e2-8425-e319dcee3e1c,145ee502-78a7-4189-ad1a-cea0aabad53c,"104761,105531,105592,105831,109463,109485,23476,2839467,3229,48622,88661",1748148410,2025-07-09 21:25:31.482511
a26f5d67-b6ac-4a22-b03c-b1061a1b78df,f2ccece4-c22a-4475-8d82-8114e8165f94,"10421,11275,94060",1752292530,2025-07-10 18:58:31.529937
a27a3ff0-4062-42cf-beaa-73c2d8159437,2d8e78a3-6846-47ec-80d9-9ae19120a0d9,"33585,53078,53561,58658,61602,64427,83129,86543,92854,94817,97078",1750959255,2025-07-09 19:01:31.673767
a2894d6c-927b-4e6a-ae0e-53053cf8d4f9,7d129eb0-2b79-4acc-ac33-f9949def211c,"100328,100329,102173,105267,17042,2848686,52394,85163,92638,93733,95933,97412",1751238881,2025-07-09 21:01:31.521295
a29f26b3-0448-452b-b791-0359cc303a15,b156f52b-67ec-4d59-82e6-6253100fe0d0,"53561,79524,91936",1752381288,2025-07-12 12:40:31.55665
a2b09d3e-60a1-49f4-a1e3-a0f2bf358147,fbd1a93a-7a56-42b8-a1a7-45c353766266,"102494,104617,104641,106245,108122,10931,15270,16951,2607,38441,40214,41089,53561,75100,83378,85180,86634,94800,96283,96953",1752108399,2025-07-09 18:52:31.536339
a2c9f8d0-7571-4239-8413-13c3b82d63e7,72b85e06-bd62-4205-b454-8be875ec5700,"14905,30070,3229,51931,58583,58586,64427,65905,86543,92219,9810,99248,99344",1750179450,2025-07-09 21:34:31.499073
a2d479b8-562f-412a-b0c6-e685e92f06e0,e5f59575-4ede-487e-a616-46108dbea3ef,"15791,30439,33884,37132,38441,40504,58583,64427,93978,96547,96953,97092,9729,97304,9819",1752034934,2025-07-09 18:58:31.654225
a2ea0994-77d9-4c0c-86c0-0c6c2676e1b0,5398f8bb-fa25-42ef-b683-b38cebc2a786,"11632,11792,14002,17119,25503,37808,64427,67201,87315,92312,94599,94631,94891",1751692954,2025-07-09 20:37:31.608351
a2fa0c70-f3ea-4116-8fb9-25960561a52e,0e85e5b8-d28e-422f-99fc-18439a2dda81,"11632,51249,53561,64427,85175,94227,97055,99216",1752098968,2025-07-09 19:22:31.604565
a344133a-b79a-4a57-8dc2-cfb862fb36b8,185a9383-52a7-453e-b4f7-857e6f7a3c01,"58131,92694",1752188408,2025-07-09 18:49:31.587698
a34f556b-b24e-46a6-b59e-0bd43762553b,e092c79f-6614-447c-af05-39e1cd64bdcd,"104222,105641,107391,108056,110060,110087,110223,2071,24702,30505,46130,48307,7719,83702,92651,99839",1751740189,2025-07-09 18:52:31.536339
a35b5e52-fe60-4548-a535-fc41a9ce25af,8e3627f8-bc4c-4a86-9bbc-44dda8160465,"16124,2251842,26485,39299,42330,45783,5674,61600,61602,64427,68300,89359,97790",1748526713,2025-07-09 20:34:31.516539
a381b593-cb30-45a3-857e-a8bda1fbb728,608c60e2-d794-469b-961e-2f028dd0468c,"101731,106048,10727,107628,11632,11792,23528,24702,31053,35348,47057,48574,62180,86373,94631,94893,96701,9674,97304",1752042786,2025-07-09 20:52:31.34132
a3921898-75e7-4118-82e8-877bee1ee7f4,9f35f6d3-dece-441d-9a74-d59d2fb318bb,"105594,13091,5584,61602,92261,99039",1737761859,2025-07-09 21:19:31.485127
a3abf677-0d49-4a04-9737-b81835b3c6b7,a4d8b36a-ddb5-433d-9af2-6c8aaa247b6e,"100343,102736,14519,1910,85783,88531,92283,98610",1752102832,2025-07-09 18:52:31.536339
a3ad34c7-eb44-41b8-b2e5-eb06e843be10,b5f1a273-58db-4eb2-ab6b-8f9ae2000d0a,"104935,109873,2155604,2156461,27605,53561,84942",1751533723,2025-07-09 20:58:31.613441
a3bec711-8e72-44de-b757-c25dbcbe823c,65d84626-bed1-4485-a32c-301cfb13b39e,"103381,105918,1910,25652,55493,85783,93754,95933,99371",1751207130,2025-07-09 21:04:31.429108
a3c8f09c-6181-468b-a06a-53e33ed68022,903e5aad-5168-41a6-82e1-5bd1a14f7e04,"11990,1662,2068228,2242739,2267232,27463,42294,64586,71406,98061",1752343171,2025-07-11 19:07:31.675911
a3d50f2f-38e9-4de9-b5ba-16affee12796,68cd6eaa-786f-4613-bff0-b88fa118f5e0,"6357,84168",1748571782,2025-07-09 19:52:31.520152
a3d527cd-0d29-4976-8f6d-54d48c73fa6a,ecb38ba9-7a28-4126-8013-b4da4e63f20c,"102001,109917",1750653823,2025-07-11 00:16:31.65555
a3df6eec-9814-48de-bbfb-71c72b8fcf72,73a62df2-f043-4003-867f-659810bb0310,"26477,2792,42294,58583,6114,7521,84942,85849,94800,95952,961,97006",1752116446,2025-07-09 19:07:31.585047
a408eac8-41ea-4ce9-aa2b-d438c365207a,8be65079-60f8-49f7-9a21-048346ac8a22,"102547,107540,108513,108947,109547,2151946,2225973,30335,30878,33322,37262,53565,57298,79742,97304,97630",1748151308,2025-07-09 20:31:31.402227
a409fb32-31b7-4218-8a21-de4948fb2045,fa52c803-a002-4b4e-b97c-36d2f987d63e,"106717,2855138",1751001233,2025-07-09 19:04:31.645408
a415aff6-516e-4206-a8b4-f290ecd90a09,bf2e35d2-fdcf-420a-8dd0-db781f901914,"101028,101438,105447,108056,108075,1311,37447,55493,56285,58563,58658,96925,99263",1744925011,2025-07-09 21:34:31.499073
a419ef0d-35bd-4729-bb64-b605fc7e73b9,23f02fa2-6ef7-4105-a3b2-e92ce68d4029,"102001,102341,104936,105918,106470,107780,16632,17995,25615,2849094,2849099,2849101,33028,34337,37489,46447,53561,5584,58583,58586,65228,70395,83671,83917,84783,8595,86323,87024,88531,93761,94601,96397,98625,99321",1751051855,2025-07-09 21:07:31.368637
a4246d86-44c7-4003-8dea-dc9e04393f40,74f808b1-b7a1-4afa-b0db-9d007ad6921b,"35348,94097",1751589178,2025-07-09 20:40:31.784592
a428f5b1-34e9-42ce-a66d-ed51f01e26dd,8dbc8606-a95d-440f-825a-61d43faffc3b,"106355,107860,107902,11275,30439,52394,94601,9672",1751960587,2025-07-09 19:07:31.585047
a42eef44-d81a-40f3-9e77-bf30d29ae77d,eddbe3a2-5101-44fa-a7a8-6f897446aa7f,"108135,99403",1752107522,2025-07-09 06:03:20.402123
a42f9cd8-db3b-4ce7-87d0-41729962c3a7,4e87a2ba-6489-4b05-8517-5b5bae01f0a4,"1250,31260,55493,55524,58583,58586,61512,73064,82309",1752328291,2025-07-10 18:58:31.529937
a45e3444-955c-4473-ba2f-096d0b017202,4cb11c2b-af2d-4e05-b248-06677b08c62c,"100328,108880,108881,108922,82437",1751883340,2025-07-09 19:37:31.407534
a465f1d5-becf-486c-9889-6ea06c04d4e2,d1380fc9-b853-4074-8ca2-87be31efcadb,"25503,37100,52394,58576,74787,98075",1751967577,2025-07-09 19:07:31.585047
a490e9e3-8c9f-4531-af1e-40c12ecff434,a910735c-0a7a-40b0-b8b6-40064ebf9671,"10303,11275,18065,58583,7521,97224,97782",1752096523,2025-07-09 19:22:31.604565
a49390d2-e70b-4032-bb5a-a7fb9112baa4,27a936de-c5e3-423b-b964-ddcb45e2c9ea,"102716,103381,105306,106147,106982,107995,1910,2071,27605,37444,58576,62068,73303,83341,96397",1751295231,2025-07-09 20:40:31.784592
a4b46096-0251-4b28-bb03-72587a5d73b6,41e61b57-e878-4c53-8112-85bf9b7ff93c,1662,1751521506,2025-07-09 20:28:31.628044
a4c863a4-45e1-45f2-b330-9d3c9d3554a5,c740b76d-5551-41b5-970f-664a075fc9a0,"104050,11632,23591,48466,61602,82309,90965,93015,94227,97210,97224",1751848951,2025-07-09 19:01:31.673767
a4cfc950-51b2-4df5-b288-fe1808945aff,42bd7a9b-c8d4-403b-b200-095069038b35,"100079,10730,107760",1751678578,2025-07-09 19:49:31.570096
a4e6eb55-1202-47cd-8bfe-788acca765fd,8e7d28de-c130-4698-9c02-83b739f65dc8,"100802,25652,5897,64427,81402,90569,94182,98357",1752335893,2025-07-11 19:07:31.675911
a4e80dc0-cd30-434d-b54c-67a77a802855,c0b8c58f-b0b1-4303-a9c4-1bdbbe0947b3,"101495,102084,109586,17915,21353,85180,94769,96953,98670",1748052032,2025-07-09 21:22:31.50472
a5048b97-e3bf-49ff-ae31-9d581ee8a6de,c1668f08-94ad-403a-8fe5-336debf46f14,"10303,105887,105889,107739,108135,43324,61602,8394,94800,98741",1752422185,2025-07-11 19:07:31.675911
a50c340c-3468-4278-9369-9acee8126959,8c1948fc-470f-44c4-ae11-171474746f9d,"100210,101371,101443,103166,105103,106147,10638,106467,107400,107995,112,25656,2841398,2841403,47319,53542,58586,83700,98491",1752326114,2025-07-10 18:58:31.529937
a520f221-3318-4f80-8b55-171b6d02b2ae,1b0a8732-62b4-4fe7-ae7e-ddcdcdbea6fc,1662,1751507620,2025-07-09 17:45:20.222232
a5523377-6990-40b7-985c-63de9564e5bf,5d1eb13f-0a1b-4f5d-89e4-5d17480e21ed,107999,1751246225,2025-07-09 21:28:31.336454
a5615ce2-bb33-4dc1-874e-890c9c7e3441,fc720feb-f096-49eb-8663-45ca82447b46,"102925,11654,15684,1662,22406,35348,37808,42294,43144,51931,57271,61624,68219,69631,8715,88674",1751566998,2025-07-09 18:55:31.759641
a5707ddf-b721-4c3f-948d-4baaa9432afd,aa439cd9-72af-4850-80f3-14a8f55e75c1,"105626,106076,48574,90902,94097,96397,96942",1751454122,2025-07-09 20:40:31.784592
a571765b-edeb-40d2-bc52-01d70a63e8df,9d69b0f1-b7f3-4516-acc5-2186f10792df,"27605,96083",1752010154,2025-07-09 19:22:31.604565
a590cf37-4760-4f87-8d39-6ba2a75e75d3,d849f2ba-a5bc-40dc-9d0e-93b9717c4d4a,"105235,97224",1752158430,2025-07-09 19:04:31.645408
a592cd03-4cd9-4a7b-b9da-d1c81bae3fa5,1a69a3fa-f6cb-4f17-b9fc-a73dfe04f81a,"106496,107505,107581,107901,107922,109221,1685,17995,2162,58658,82324,96225,9874",1752443854,2025-07-12 12:37:31.584738
a59926c3-cafe-4b1e-b108-b62683985fe1,3ce3e535-2a2b-459c-823d-f81b28639e21,"10303,105017,105723,11632,53561,5614,8701,94776,99216",1751474479,2025-07-09 20:40:31.784592
a5a54561-296f-48f4-8400-b2e3da5983a9,06b0abda-651f-4aaa-b2d5-5145f2cdcee8,"37808,96083,99216,99263",1752280419,2025-07-10 06:01:31.512189
a5a8c2c0-8b35-4101-abd5-fcee8fbe1154,3372df36-c820-4eb0-89af-8ef41f52d2ed,"105553,106246,106601,11632,1528,3229,40501,45782,48518,52394,56648,61600,61602,67844,77946,82290,94379,94800,9496,95158,96083,96249,96372,96942,97066,9839,99224,99263",1752289937,2025-07-10 18:55:31.478294
a5bae194-6a4c-47d4-8028-3c2b389c7d95,19574bfc-b2b8-4620-8da7-28ccb4408ee0,"105012,17621,19287,24250,46269,66320,80749,91473",1752211941,2025-07-10 18:52:31.513517
a5f7267a-a58a-4725-ba09-206fffc3e582,89325309-e455-482f-9735-a1a271a75d37,"38441,41089,53561,55493,5767,71406,73907,94799,99263,99321",1751611180,2025-07-09 19:22:31.604565
a6037d74-6290-40a4-a3e3-3e6ebcb1fcf7,d5b823c9-621b-4419-822e-6b5f56e1eeec,"107425,108728,19085,2607,2841312,41089,42294,43144,48574,53561,57298,58576,80749,87965,95673",1751169677,2025-07-09 19:28:31.448042
a60fd2f2-e384-4ed8-96d0-63d1c3995fe3,8647b193-b465-473e-8d37-a6ad51f9c0c9,"2218173,2851741,2856773,38441,43137,61602,94817,99216",1751156101,2025-07-09 19:43:31.642855
a62b7644-e48d-45b4-bccc-cfb492860234,4c74addd-f233-4ba2-bca6-0b76e746aef2,"101095,101625,104054,106795,108142,108298,33580,3569,38441,94799,95947,9819,98700",1752003457,2025-07-09 20:52:31.34132
a68527a0-f3d6-4392-a88d-e8f2b32e990b,4e9149fc-d1ff-4983-81a6-583173f04d04,"1938972,1946636,1965549,1999354,2088894,2088914,2128784,2128800,2128805,2128831,2158999,2163432,2169498,2173688",1725905606,2025-07-09 21:49:31.460853
a69280db-d065-4e48-8009-9dcc1b24cb8d,1b66638f-de02-4560-a1d5-92f8aedc1ad4,"29052,5883,76047,90661",1727463375,2025-07-09 20:19:31.511716
a6d6a836-d81d-4c84-b422-d1e5b8620699,7d0d648b-7624-47ff-bd5e-3be37fa491b8,"103991,11632,11792,13012,15791,16914,20795,25641,27605,38329,40213,58583,79742,875,92283,99263",1752210932,2025-07-09 18:49:31.587698
a6ef924e-71e3-4007-91b0-2118b2f25e42,1efefdc8-4271-458f-ab39-12ad4e7d288f,109479,1751796799,2025-07-09 19:07:31.585047
a6f0c9d2-1a42-4f63-b65d-bcec207eff01,930d1f11-6d08-4407-88b2-6b43ea1d3848,"102889,25652,40504,40972,44761,44897,48574,53561,58583,69996,71360,77355,80014,824,94776,94817",1752237668,2025-07-09 21:25:31.482511
a6fe7804-6425-48a6-9717-223018862230,8bfdddbf-e6fe-4337-98df-9b71c4b6802f,"25652,62570,82489,92975",1751414224,2025-07-09 21:01:31.521295
a72e7696-27d8-4df0-a49f-175cc0f2c337,140dce70-1cf8-44cc-8bed-6c85bae4f99e,17510,1750697764,2025-07-09 20:16:31.381882
a73013b5-3e29-4919-b40c-269e2359af4d,a94340b9-6d7b-4fb1-bef6-552440f94e90,"109472,56295,76470,82873,99571",1748889299,2025-07-09 19:43:31.642855
a73ae68b-a459-4bf1-92ee-b7761c664d2c,0626063a-c300-4aa7-8604-86c726ec9802,2089619,1751348795,2025-07-09 19:25:31.714795
a744ee2a-416c-4bb8-ae68-040cfa635c7f,4d0fbcfe-a629-4ec1-b332-7647e7e122d6,"103744,2205410",1751609103,2025-07-09 20:40:31.784592
a7487140-f6fe-48c9-b15c-b63bea6216c5,aa2d0501-3340-4d48-9ade-f6681e1e83ae,"104650,105898,106285,106288,106482,106497,11654,12397,18065,2067975,2836,34929,36793,40549,53561,62662,94776,95442,95834,99216,99263",1735258768,2025-07-09 19:49:31.570096
a75031ef-68eb-4a45-8e7f-d03cd3105767,9e500ef6-61bc-40db-a7b8-31046e17fe5e,"2071,2607,27605,37100,50523,5584,62662,90584,96083,97338",1751583045,2025-07-09 20:58:31.613441
a753d1b7-3b92-4d7c-9bef-b0ac2d6a974a,76e7f151-85f5-40cc-9e6c-b9a687bd9b66,"12010,2047814,2048243,25503,40444,54107,62662,80749,94060,9674",1725679674,2025-07-09 20:16:31.381882
a75b925f-3633-4053-9ef5-049d6167c314,f37a75fc-d9fb-48ae-b37f-d251cfdd97ca,"104919,1662,17995,48517,53561,83129,94800,96625",1751409640,2025-07-09 19:28:31.448042
a76c5622-44f3-4bee-bacb-73eba822571e,811ba47d-932d-469e-b16e-55c1eed7add4,"12772,12775,2138137,6470,65902,72028,81224,94893",1752203383,2025-07-10 19:01:31.560317
a771eb3f-c224-4e51-a69d-f1fa48424349,1916a934-b195-4c27-9a3c-cb2f3ecf8000,"104919,11521,4180,49181,53636,5497,83917,85163,8641",1751507977,2025-07-09 20:58:31.613441
a78e54b3-f218-43a0-b570-fe5b56a1a686,aaee4dbc-580c-4f17-81fb-f71f64b5e98d,"106413,38441,40644,41097,46269,64560,84942,86084",1750919539,2025-07-09 20:28:31.628044
a7bcfa13-ee4d-4f17-a9d8-18969a81d546,315ff6d4-48e1-4da7-a079-923290b401f4,"101504,101928,104229,108735,2145165,2238275,24536,2812484,34931,46829,54107,92013,92306,95442,962,99216",1743253075,2025-07-09 21:46:31.314864
a7cb5274-0124-4121-91ec-15731993c134,f5536571-73d4-4dcb-bdc5-d6662762ed2f,"40092,44785,54704",1751504714,2025-07-09 20:58:31.613441
a7e2289a-f7fc-4d3c-a5e8-4a1060915f2b,ade22e83-82e8-4477-9f80-0c2f4fd0217c,"107752,81402",1751422394,2025-07-09 19:10:31.750627
a7f29b9c-c243-4c76-8d16-f7ca82bc2225,e8f7d62f-f92a-4a20-898a-d24f0951538d,"102107,105661,107340,2217614,2247935,2852903,4495,79524,8906",1751858014,2025-07-09 19:16:31.314342
a80f6d9b-9fa0-4d6f-a2b3-ffa901659844,b53c5b47-b13a-4c51-85ca-2ceff0b25511,"101292,101325,102416,103020,105447,106009,107612,109596,16632,3229,34853,47057,52826,61600,6341,65914,69650,71936,72397,82172,93754,93978,94599,97078,99216",1751592921,2025-07-09 19:43:31.642855
a820a108-f384-449d-9932-f97014670ff4,b6c42a19-5383-488f-9952-7ccb0e616bbf,"107620,110092,1623,19329,31758,40709,52157,60286,62542,67954,772,85510,93985,97550,9839,98754",1752460374,2025-07-12 12:43:31.31274
a840e3e9-b825-4a05-a1a4-e53c48e0a4fa,d2b6d6d7-519f-424c-b39d-b95def602867,"101935,102715,10303,10329,104615,107739,20774,3229,41089,42294,50523,5376,62662,73907,76667,92578,94817,96397,96689",1751755873,2025-07-09 19:25:31.714795
a878de8a-4eae-4cff-afa9-884dd502223c,80a76668-a4f4-4a96-b697-78e5bcec7cc7,"106513,29428,48062,85163,94776",1751942357,2025-07-09 18:58:31.654225
a87b9ecf-48ca-4739-af13-ed4fb14c0b5b,d388aee4-4aa0-4c7e-8814-7314966056e3,"1977110,1977111,1977112,1977115,1977116,1977119,1977139,1991866,1992321,2014281,2014589,2015233,2017741,2030082,2030229,2048349,2050373,2061082,2061205,2061206,2068664,2117403,2121811,2121864,2124087,2129624,2815548",1746838600,2025-07-09 19:49:31.570096
a87fd964-5f15-4f3f-a735-3bf7eb9b66e7,ad7b1e7f-0e69-464f-aa72-ce3247e70670,"107902,962",1751783600,2025-07-09 18:58:31.654225
a925561d-e8cb-4f7d-8f85-dc2d86f4050e,278e33db-48ec-4c2a-9547-211c8f5872d8,"107898,23793,37808,38326,53542,58576",1752035943,2025-07-09 06:03:20.402123
a93b1aca-cee2-4a9b-8dc3-58a3e6bce2e9,98b7ca0c-f8d1-46fd-8c89-fdf32ce7beaf,"11632,12597,25503,2607,41097,813,94601",1751341654,2025-07-09 20:40:31.784592
a93b2759-f1d6-4ef2-8aba-bf56f2299b53,eee8c86f-1792-488a-bd70-ccd80cf5bd25,"108295,11275,11520,13237,2048243,35348,38441,58658,7521",1752447783,2025-07-12 12:37:31.584738
a9446891-6455-4f62-93d5-dc0dce164b45,a515825d-b357-4a23-82f3-cbd465d69402,"100683,104384,105828,109020,18283,42294,45254,46455,48062,48992,96707,97412",1751393662,2025-07-09 20:58:31.613441
a951eeef-32ba-4ed5-8005-5a5e37544d02,09239341-d617-4da8-b5a5-44ce52947710,"23793,25652,81813",1751632578,2025-07-09 20:58:31.613441
a9536d08-85ac-413f-933c-6be0c618a999,48749370-9101-4c03-acb6-1243f72da23b,"104401,108210,3585",1741807397,2025-07-09 20:19:31.511716
a9674638-21e9-4b55-8723-e56099a261f8,71936d39-4fbc-4f14-af50-699f2c5e608d,"105438,105442,105948,107202,108413,48517,69106,94800",1750477767,2025-07-09 19:46:31.620522
a972f98f-c183-4094-b9bc-a7393ac09fd8,22d8add6-9855-40ee-b084-8db4c8ebcc36,"105918,22467,29331,3625,87833,92638",1751081939,2025-07-09 19:43:31.642855
a97fdd28-6d44-4cb1-b82b-88016cebbc41,331c034d-588c-494e-9de5-36986d768bda,"54107,74858,90362,94379",1715906065,2025-07-09 19:52:31.520152
a9991320-2f1d-47d9-95a6-0a031442bceb,90883e1d-b84a-4308-b158-d34fc27b1cb9,"100328,100868,103381,106728,108758,108935,12010,16937,2851733,37100,42294,460,80749,85175,89482,91262,92121,94025,94800,96225,96905",1751472212,2025-07-09 21:01:31.521295
a99f7b62-e95e-41f3-989d-e0e543b28b0e,2f8c5636-5363-4f4a-928e-d456fd464dbb,"107264,30439,35683,57319,96083,99403",1752185986,2025-07-09 19:28:31.448042
a9add424-9c37-46ea-94f0-0c4e5f1eb1e9,784245a6-9477-4670-a785-ebbfa0c43932,"104055,105657,16992,32983,35348,88661,94800,95160",1728781825,2025-07-09 19:49:31.570096
a9be7e48-f473-4ecb-8985-684189cd78c0,abbc9464-02de-4ca8-90a3-3875184bc5de,"1662,2030995,2214694,2214705,2852446,7521",1751201438,2025-07-09 18:58:31.654225
a9d230fc-d522-4d48-8576-8d2447d70c88,820dd353-1705-49fb-a188-6afe68c11131,"102173,1662",1750604620,2025-07-11 00:16:31.65555
a9dc45a4-a588-4dfb-b1d2-b55a8d5d7581,2a17a8e4-2e80-4aa0-8fcd-9ca2768c4b8b,"106398,16066,16124,38441,49004,6114,80749,83129,94631,95272",1745629482,2025-07-09 20:34:31.516539
a9e15e61-033e-4d7a-97f3-31ca01520c44,2723a662-093d-42fa-9810-717cf90b49c7,"105626,1063,34929,37132,46269,58583",1752006809,2025-07-09 19:22:31.604565
a9e3fbf1-5f54-4802-9b6b-8ca2a2a2279b,ed1a80b0-bbf0-4f58-aead-9ac8d93835f5,"103958,104338,108277,7521",1752452751,2025-07-12 12:43:31.31274
a9f13de5-575b-4348-8a93-66bd5d34d0aa,d587ab0f-db66-4219-bfb9-89c7c0fbc4aa,"100695,10137,104016,104017,104018,27605,34344,83696,96083",1750906902,2025-07-11 00:16:31.65555
aa19cb8d-7b9d-4170-a5ac-a7ac76f8df82,90313cb3-8d17-4507-b938-724196c2027a,"100080,107095,107153,170,24536,31223,35367,46269,53542,87024,92122,93015,97217",1751910877,2025-07-09 19:37:31.407534
aa1e229c-e2b5-4515-a5d7-7ec1444413e4,00a154ec-190d-48bc-bd0c-23672228556c,"105666,17915,2046652,2129747,2196585,3061,40291",1752332190,2025-07-10 18:52:31.513517
aa483420-4e6f-4f08-89bf-c821c07c6f9a,208eeaeb-610b-4308-9181-992d568f3850,"101097,104182,106344,106495,106796,107018,13083,2840,36789,37100,39976,50679,54600,7968,81813,86958,89054,91155,94648,97799,98818",1750629699,2025-07-09 19:49:31.570096
aa65dc50-0367-4510-9845-f97543c7f027,efee14fd-8c96-4fe7-83ee-ecdbe2101e89,"25162,56852,80741,84571,94800,99216",1752082991,2025-07-09 18:58:31.654225
aa6695b6-66cc-407b-a85f-bbf9f2e806f3,835effbe-8e67-42bc-945b-e21391c40e8c,"11275,48517,53561,81224,94631",1751997285,2025-07-09 19:22:31.604565
aa6ef2c3-1dc8-49a7-959a-a828b7a9a4c9,5a985702-8e7d-4e09-98ea-ae4f6fed20c9,"103144,106076,41025,53561,58582,58658,61512,61602,63395,71543,86777,91308,96802,9729",1751767785,2025-07-09 06:03:20.402123
aa706436-fc4c-434a-8a1d-af175fb3c339,dca4c297-7989-4093-8c80-847284092ae9,"1662,94769,94800",1752282938,2025-07-10 19:01:31.560317
aabaa00a-3b98-40a8-889f-c9b9f508274d,08356a3e-9c9b-413f-b521-761aadcb48b1,"10303,11275,25503,27605,42294,52394,79524,94240,95493,96446,96802",1752427440,2025-07-11 19:07:31.675911
aabfc068-34e3-48b2-96d1-6bd03c9fb338,82fb5ab4-c158-4062-8392-32077ff211d1,"1910,99371",1750952940,2025-07-09 21:01:31.521295
aac443b7-ef1e-454a-8021-1060cde162cf,ab42ac50-1dd9-485d-bd1e-4b67b786ec3d,"101095,101811,103314,107203,11061,11632,12010,2214693,23591,2852446,46269,48574,53527,53561,55493,69106,80749,88892,8908,90413,94599,95637,97304,99216",1751677685,2025-07-09 19:07:31.585047
aaca2ac3-eaaf-4cfd-b317-052e2fb9d914,703e6ce3-a614-49b3-a376-0e905c6f1ace,14390,1751651627,2025-07-09 19:28:31.448042
aacea473-9b21-4ad1-b493-c24ae674d4dd,88ac33c7-125d-4cef-b40e-313a3d166bef,"108880,108881,108922,91690,95687,96605,97791",1750977045,2025-07-09 21:04:31.429108
aae8ffa7-c142-40c5-afcf-ab0021dba7f3,0eb65cee-0aa4-4785-bcf6-15f38d777ccb,"103381,1910,40504,95573,95933,99371",1751079058,2025-07-11 00:16:31.65555
aaeb7359-5ae8-4844-b6e0-cab12a5f9c4d,858f81c6-5866-4467-82ad-8993988e25b0,"104086,107903,108074,36944,40336,5674,58583,58658,80749,83129,83266,87965,93672,93892,94450,94599,94648,97066",1751049512,2025-07-09 20:40:31.784592
aaefcd47-7d97-4dc0-8e17-0aba71471ab1,f57e7e40-23e0-4359-bddc-a38b98faf490,"100880,102923,37447,76667,99839",1752091216,2025-07-09 19:22:31.604565
aaf821f0-0884-4ae3-8cb6-a1651b953ade,66b78c82-170b-476c-adb1-59969a080432,"23430,87333,96555,97511",1724550408,2025-07-09 21:37:31.433645
ab010ef9-5eeb-4b98-bbc6-32722c4225c2,cde7e301-2ec1-4919-8bc2-c3dc73524219,"102107,2255076,2686,71406,97711,9819",1743640718,2025-07-09 21:37:31.433645
ab26e8df-0d0d-48af-b4b3-69dd97564376,a195bba0-bd17-4b9c-9a40-8d7577c298a6,"103444,1920,25652,2607,35071,47071,48574,53561,55493,58583,61512,85180,94599,95097",1751596688,2025-07-09 19:07:31.585047
ab355716-14b6-4dc1-9ff6-b5eb3f23074a,36d9c7ac-e8f8-4b81-a86c-33f491f9d896,"104876,105626,107018,107473,107752,14262,18255,2158,25652,26728,48722,50679,97711,98675,99216",1751351308,2025-07-09 20:40:31.784592
ab38dcf1-7868-4168-a411-c8e4fabc5243,51ffea62-0deb-4fdf-ad31-3c9eaa53c2ff,106730,1752257140,2025-07-09 18:46:31.426409
ab4649c3-a5bb-4492-8290-1f975fcc5001,b244522b-31ca-4848-a358-ec70a5107ec2,"101097,104100,16124,18527,25006,93978,93985",1724285472,2025-07-09 20:16:31.381882
ab4a179c-c91c-4ae8-843e-1339ed4a96c8,8c23ffe7-2860-4a23-a32a-92c93fcfbe47,"104969,107962,16041,2244753,9854",1751988736,2025-07-09 19:22:31.604565
ab693bdb-8328-4e02-8a54-156ff7ea4ff4,ca96bafb-906d-4ce1-a40f-968a343d0009,64529,1751421641,2025-07-09 20:40:31.784592
ab79740c-6c86-46e6-8f12-08a7a8c67f18,5ef0d4e6-57fa-4ae4-9698-014f5bc9ca90,"101080,103939,104485,110285,2048240,2068,20795,2226079,2245385,2245760,2253606,24324,27582,2818454,2839487,2851747,2851763,30439,31026,39201,46447,61600,68177,83589,83696,85175,94227,94800,99216",1752178446,2025-07-09 06:03:20.402123
ab7cc55a-a272-4a20-b616-ba8538b40f66,b00fa03a-f64c-4d86-9684-aad8e31e12b2,"104143,13765,34421,41023,79712,80741,97078",1745817962,2025-07-09 20:01:31.36324
ab82954e-ae82-4182-a7e3-c637acb1174b,b80110eb-8524-4301-9906-c885936bc536,"108606,31838,89996,89997,95933",1750869476,2025-07-09 19:43:31.642855
ab896f25-07ec-4ce8-86d7-adc9d9abd5e3,eb1a4c1d-9c80-4983-b132-3facdd038bc8,"103665,104968,105626,106003,10917,2155255,24571,25708,2831727,30878,37270,37444,40504,42294,42935,460,48574,58658,61602,62782,70399,77787,83129,88892,92262,92312,93978,94450,94599,96418,96660,96953,99090,99216,99263",1745211316,2025-07-09 21:49:31.460853
ab8ae201-0ad7-4dbe-9a8e-97ab3c6af9ed,f460d3a1-30d3-48fd-b795-614c66dd013f,"104017,107672,108338,25652,33577,38441,41023,58583,79524,93978,9819",1745259465,2025-07-09 21:37:31.433645
ab9a5f8c-8013-4ca7-b596-da67d8e94b9e,fa52daa3-f0c5-4365-a580-0586ec412ced,"106413,107999,16951,2041577,2134354,2197157,2209700,2265510,295,5353,77953,94060,95700,96953",1751561966,2025-07-09 20:37:31.608351
abcc1757-bd7d-4a53-b76f-65c6d8f3f9c7,54eb54c2-231d-458f-b9b6-f87155034fa9,"10303,107153,14002,1910,31838,95933",1750487123,2025-07-11 00:16:31.65555
abcf6b5c-2ee9-4fe5-a165-50e2695d4e12,06a6712b-f93d-4b3f-91bc-7ab355b4334d,"108955,2860750,37132,37808,4499,50523,53561,56209,58583,64699,83378,8715,89358,94800,96446,96699",1752184615,2025-07-09 18:46:31.426409
abe98bea-5cdf-4229-9817-20a189fb33d2,ec741f8a-60b6-4d31-afa4-56d38f165a07,"107318,107744,107755,108288,109357,109481,109482,109572,109581,109596,109900,2048244,2261545,2813504,2832293,2851989,48574,65914,96357",1751723587,2025-07-09 20:37:31.608351
abf7e860-cad3-4e1e-b275-574f1d0ec884,0c55b650-b5e5-4e7c-83a7-bb942de7b889,"100773,10421,15791,52394,53561,96802",1751726920,2025-07-09 19:40:31.494332
ac0908bf-3325-4436-ba6a-e159d6614218,797e61d8-09b9-4134-875f-33f69a706f1a,"10171,102780,103968,106045,106170,106173,109503,109936,15234,2252134,4870",1752283671,2025-07-10 06:01:31.512189
ac19f3d9-0ed2-4b22-9dda-6623b2752b2f,a658dcad-d418-4f0b-945c-29e3c90bb568,"104158,105422,105918,107989,109929,18283,43320,46269,60612,84090,96083",1752280879,2025-07-10 18:58:31.529937
ac337ca3-03cf-4bad-9ef4-e8016a4051ad,bff2b79e-f75f-4a49-a305-2a52c87d9092,"108192,38441,61600,64249,73907,85189,87026,94800,96701,9672,97078,99344",1752283685,2025-07-10 18:52:31.513517
ac37ab2e-9cab-41cf-918f-20d8ee445cae,e2158cda-923f-48ab-a3d2-54ae0d834617,"101033,101097,105967,1063,106750,10727,109429,15516,1640,2038,2205354,30439,32484,37100,39201,41097,42294,42330,459,46130,53561,56924,58583,61602,61883,80024,91317,96100,96397,9672,97078,97695,98075",1752003625,2025-07-09 20:49:31.280575
ac38aa12-ee16-4761-b328-91e4cc1b0c3a,41a066cf-160e-4689-a7cc-af2a11d3f55a,"106246,107739,2195732,84942,94800,95442,95697,96397",1749862092,2025-07-09 19:43:31.642855
ac4227c1-5d35-442f-a914-942125479ac5,c9126d6d-865c-4333-9756-b61f8eb20220,"1968268,1968269,1973434,1986195,1986213,1987775,1999044,2028582",1691039804,2025-07-09 19:07:31.585047
ac582583-9c9e-4e78-b362-87b026b6310e,cba6a64e-667d-418f-984f-08b91571cf14,"104714,104876,24584,86556,93754",1751266357,2025-07-09 19:25:31.714795
ac608643-55a6-415b-9500-15dae0bdf0a4,083dbac3-c030-4edd-b4bf-25d8cee72f4a,"100745,102491,24702,32636,52753,74509,81224,87792,97006",1751919052,2025-07-10 18:55:31.478294
ac6b25be-3cb2-4ba2-9975-e35eaf8d4c95,3d934777-8bd9-4ec5-8c37-148ea6992687,"1938963,1943213,1946633,1946636,1949124,1965171,1999354,2008242,2035903,2042448,2043634,2095694,2095760",1715041360,2025-07-09 19:58:31.343729
ac71284a-f1e4-468f-99bd-284d5d91f0d5,c3471a4a-f4a6-407f-ad88-41382db2b5f3,"11632,17060,2262353,24702,37808,39201,4701,53561,53636,56285,58131,58583,61600,6753,70929,781,79757,95437",1752066985,2025-07-09 19:25:31.714795
ac9f49ed-5483-4d40-840c-c76cb6457eb1,689540a6-1337-48cc-95ad-e8fb0a9d3373,"1662,99216",1751204290,2025-07-09 19:01:31.673767
aca5a94a-bdac-4c8d-9d82-2af38780aabd,6c31a401-5a03-43bb-9451-5a5d7503aeca,"102492,106582,70583,91619,92336",1721920427,2025-07-09 20:43:31.463099
aca94422-62da-4ede-b829-bd36da20c48a,92186414-9e0a-4ea4-8600-8f41a9aa3f68,"104122,104222,107512,107517,107918,17960,18975,2228384,37132,38986,3967,58576,65252,68285,72433,73907,7719,77241,80749,83129,83466,83649,87080,88463,88911,93015,96701,97021,97092,98885,99090",1735536150,2025-07-09 21:22:31.50472
acb0e02d-7d7b-4bef-867e-5012266b3043,212ea773-3502-4de6-8dcc-f32310b4d595,"15791,58563,9672",1752239467,2025-07-09 18:49:31.587698
acde63e2-f9ed-4e69-9f01-55820772a8e6,cbaebdde-9383-474c-9118-5c1b1ccd1730,"106494,11990,2052,23668,41023,62782,70163,89394,9192",1746302345,2025-07-09 20:25:31.345235
acdf715c-eefa-4ab2-a316-910f8db1492f,4039e4c0-6385-4b4d-85c0-49b08c4ccf5c,"105089,2070606,2241459,2817712,35730,37612,38441,48574,68653,91511,92854,97553,98567,99216",1752377613,2025-07-11 19:07:31.675911
acec6bfd-307f-468e-8738-e56799e970a5,baf3e31c-b4ff-4bb0-9d60-f202132e94ba,"100980,106104,106285,12134,19231,26637,26789,316,31758,46269,46447,47401,58583,65145,92433,97828,98544",1735332152,2025-07-09 19:46:31.620522
acf6d5fc-0ea7-48b9-b68f-acaed26757d7,d67e1416-e8e4-4f69-9f63-4574ea439bda,"108211,109303,15603,17906,2153407,2226133,27605,2812505,2868709,40709,45782,48574,52394,53561,62531,80749,85870,92271,96083,97066",1752020965,2025-07-09 19:25:31.714795
acfc187a-e34a-41f2-989f-421be08dce94,7b7fb64b-0a09-4b8a-8af4-b7b0d0fe1ee4,"102527,103085,10421,109764,11795,15570,2240453,40336,52394,87218,92103,94151,98707,99232",1752276508,2025-07-10 18:58:31.529937
acff5084-2de3-459a-9cfe-aad94630aa4a,2648163e-b8f4-4123-a691-b241d8b405ae,"104380,85163,90177",1751162482,2025-07-09 21:04:31.429108
ad32a0f7-afee-4b16-8361-9f667cde5d70,986d7b61-c014-4cc6-934c-f36eb43cb7e2,"23330,24250,40290",1752000099,2025-07-09 06:03:20.402123
ad6f49f0-7207-4c0c-badc-7253abe503e5,27cabd8a-b81c-4624-90df-2feeab98fe97,"102121,102176,104019,104111,104458,106521,2256204,67954,96977,97712,99589",1749151827,2025-07-09 19:04:31.645408
ad723a7d-26c3-427d-b65a-408e78e4f882,f08119bc-c695-4ba8-9eb4-6c2a7d3769be,"102232,103324,104458,106732,109285,13082,31838,51299,51931,84168,95701,97217",1752375140,2025-07-11 05:37:31.442568
ad864c5b-7f4f-450b-beed-a9c989287bdc,a6395d7c-1976-479b-ad6d-68fc65a8eab3,"5376,58586,83266,96372",1750985252,2025-07-09 21:34:31.499073
ad8ccab1-f268-4012-b002-bda2bf07e915,2c1d4028-7de5-4fd8-93e0-4ecbf132786c,"106265,41142,48392",1751227256,2025-07-09 20:43:31.463099
ada4b7e3-c83c-4319-a24a-1f102c5928e2,593d5837-8046-4fc8-ba4c-01acf8e0ac71,"10303,107793,2032169,65902,82308",1751082918,2025-07-09 19:28:31.448042
add47a64-80dc-4c79-bab4-20c8f0668b7f,46eae451-ac71-4321-bff8-0ac8b295ac96,"102524,105664,105665,15519,18065,25171,2792,54603,58576,58583,61602,75298,7719,85180,93978,94113,95364,9672,97338",1738903460,2025-07-09 21:40:31.522517
add6c694-faf1-40e6-a524-3d83088c6024,2543ec20-dd6f-4f10-a2ad-1a470f3da540,"102325,16951,31736,43144,53078,65902,88695,91231,95800,96660,96701,96953,97633",1751040789,2025-07-09 19:01:31.673767
add890b9-125f-496b-9f1c-1f1bd1115e30,94888e04-89cf-48af-aaee-ab0ac5cb43fa,"101881,104454,104973,108513,10917,19329,20796,2129729,61597,71906,71921,7309,9254,96555,98675",1751123578,2025-07-09 19:01:31.673767
adf0a73b-20a9-43fe-8931-a6a926727b42,d9192d2c-4b82-4cf6-9e6b-d8de8422b3f5,"11917,24702,2607,37612,38441,50523,58583,88969,96357,97304,99216",1751857315,2025-07-09 19:01:31.673767
ae0af55d-7a7e-4126-a30b-9e61aa166b50,4df2382e-47fc-46d4-a7a6-1b309a61a168,"13765,16632,30505,44169,46269,64427,68987,87333,89482,99263",1752122387,2025-07-09 19:19:31.413237
ae1050f1-383e-4dab-a637-75692c84c59c,f8f7e73a-ae44-47db-91a6-1ac50fe762f8,"101540,102200,2564,38441,58563,70399,90362",1751248799,2025-07-09 20:34:31.516539
ae1f3ead-9807-49fd-9763-96e7ddc400df,a9a1666f-c272-429a-a216-69c4e6f480ef,"10421,107703,108528,109215,17129,18358,2265585,45559,89657",1751655598,2025-07-09 19:10:31.750627
ae3ef10e-0ff3-4181-971e-37f17846b872,f9aebde2-ff2c-4040-abff-1c5fbc6b1c02,"105626,1662,94776,97304",1751346133,2025-07-09 19:01:31.673767
ae423778-81f4-4c5a-9c9e-63ed6be8b3e8,2d360997-879a-4300-a7aa-1b549f11b370,"12010,30195,48392,48574,70583,96083,97304",1751327408,2025-07-09 20:40:31.784592
ae62df01-f8ae-4f4b-939d-e6ca0a17b461,ec371c0b-ed15-467f-b95d-0ef9ec7724f8,"107006,58583,72028,76412,80014,86543,87651,88990",1749431811,2025-07-09 19:43:31.642855
ae8810a5-5cc8-4d66-929b-0fe0dc251601,f14425a1-7a09-4ce4-9376-06288597587a,"40091,65959",1752162656,2025-07-09 19:34:31.343546
aea662a3-6b7d-446f-b8e0-cc2c7db18492,cbb344d4-591f-4366-bec2-130759afea72,1662,1752282245,2025-07-11 05:40:31.338301
aeda0b08-2e38-49c6-ba24-3f389cfb78d6,e077a2cd-17bf-4329-a38f-edd9da9a2cbd,"104037,108184,13833,35730,3968,41097,42330,77951,79524,84877,87214",1752335669,2025-07-10 18:58:31.529937
aee25234-ba0c-447f-a0c9-2195e813e491,3ec6354c-555c-4c72-88de-9304fa96af1b,"101730,104176,14760,88531,92283,94800,96225",1751638378,2025-07-09 20:58:31.613441
aef5d59d-913f-4e82-b7af-6cd8f4a9b91b,5fdb8e8c-9e60-437e-85aa-c1922891827b,"100164,101095,103620,105450,105765,108287,108288,11632,14904,15557,15684,19329,2048239,20822,2164903,2253606,24070,2607,27197,34460,38334,40301,4388,46269,53561,65905,69106,76412,79521,79524,80749,813,87649,87650,91788,93015,97304",1751766384,2025-07-09 19:10:31.750627
af01cb5e-7697-4f61-a7e3-161d82c808a0,26eb26d1-c624-4ba2-8d3f-856c41b072e1,"100025,100954,103003,103271,105116,105265,10638,108880,15403,19541,25503,48062,53561,5883,62570,79521,94800,99216,99263",1751561609,2025-07-09 20:58:31.613441
af1257f7-10b9-45c0-8f21-ef69f687d4f7,ad53b1ab-fbef-4a58-9742-5ff6a89c11ee,"104176,105725,108083,35348,38441,91691,93983",1736132241,2025-07-09 19:52:31.520152
af1cd1d6-265a-4733-8672-fa199d746ea0,0b6ed0aa-1496-4b98-9f08-be13a26935d7,"101876,2155249,69996",1751175619,2025-07-09 19:43:31.642855
af2d9c7b-8a8a-4c30-bc9a-4615b8732601,08e1bed6-327f-4cd0-89c2-d1c59e7a272d,"101322,101325,102172,103523,10638,107018,107074,109793,16632,2138137,37100,38441,50776,97078,97304",1751824341,2025-07-09 19:10:31.750627
af3bb46f-cba3-4adf-836c-424b2577f615,65418fd3-5a31-4b9d-8d7d-f3240f9168cc,"105846,107860,108766,108772,109511,2843345,2864973,30195,58583,68177,94800,96083,99161",1751118741,2025-07-09 19:46:31.620522
af5626dc-def5-458b-88dc-7ead55cacb5b,97ae4753-28bd-49be-82a7-2aaf0706b8aa,"100159,27605,95800",1751346676,2025-07-09 20:40:31.784592
af5a3b16-c541-402a-89cf-50d022b69e9a,fb30d011-9971-4032-a2f5-1094801deeae,"101095,101096,101608,105149,16124,37897,56844,57298,67594,71188,72397,80741,94066,95062,99263",1752338455,2025-07-10 18:58:31.529937
af6b652f-9d6b-40af-9f99-69aede7cdf1b,f81fd607-4b05-4ae4-b7a2-42d0f7c87bef,"106076,1662,7521,96083",1751501739,2025-07-09 18:58:31.654225
afd9b54e-199f-449e-aa50-72bfc0e2e72a,94aaee6f-a32e-4e84-949c-2d9a2c6a56ea,"102968,18283,24702,38080,50523,61512,61600,73312,82008,93978,97224",1752087959,2025-07-09 20:52:31.34132
afe45bd2-70fa-4e5f-ab18-956ce6b0bba4,aa352ea3-a6fd-4914-9c5a-30413bf91f4b,"104462,109456,110206,20538,2219346,42405,49176,49177,82385,98610",1751063378,2025-07-09 21:22:31.50472
b001b806-13b5-479a-a36f-354c68d84a98,46db3301-c8e8-4d5e-9729-8bf823f09db8,"107760,2208732,35348,56852,59965,7509,77792,86122,97217,98575",1751553490,2025-07-09 20:34:31.516539
b02efa7f-b9e8-4047-afff-1cd52dfdcbd8,18c8c8c7-2e7d-42ab-8e15-738bc48a5fd0,"107860,12010,16937,2205567,2210830,2244183,2259980,2817712,2833280,2850931,2850934,2851737,2851762,2851763,2854553,2856773,295",1749376697,2025-07-09 19:55:31.439331
b049b31e-f48e-433b-95af-a628d522bf64,7711c773-a420-43c6-ba7f-3acd649e0b83,"100764,106398,140,4320,64249,76470",1751674650,2025-07-11 00:16:31.65555
b063432f-4d3c-459a-886b-c3ee39516db0,32e70d9c-f5d0-42a5-a2a1-ed5abadb0c1b,"101225,14061,25112,2559,25717,83266",1737939911,2025-07-09 21:40:31.522517
b06e46e4-8eed-46f3-83b7-b0304fa68e44,d6ef25f6-e2f9-4625-af24-edeef0af6d2f,"13091,5403,58586,80749,94817",1747965869,2025-07-09 21:34:31.499073
b0723fd2-ab0d-4ad9-9af4-2766d2dd05d4,846114bc-139c-48e1-9d08-52685940722e,"105760,107155,2225,35755,52684,64427,81224,85189,89461,89465,90584,95256,95673",1752435736,2025-07-12 12:40:31.55665
b0bd99b3-2eac-4582-8096-ece252c08106,eb345c51-8a8e-4f9f-822d-cf47b9b7eaff,"107473,108301,14390,2246343,2833359,51931,76859",1751151174,2025-07-09 21:22:31.50472
b0c424b3-161f-4701-a547-92cc529c4ad0,5b3a62db-da3d-4508-afad-a8579502e188,"100729,102173,2174716,2253606,6017,83696",1751777206,2025-07-09 19:10:31.750627
b0d8857e-22d6-4847-bde9-fb9ba0b51946,412b7c23-b7fd-42d7-8dd3-d0f0e0eeed37,"104617,107884,41089,43144,58583,69106,98555",1750855507,2025-07-09 19:01:31.673767
b0d8bb68-b50a-4b2c-bdfb-0802f090c297,0137f59c-8a9b-4749-a4c2-0df41f17fc1f,"2030,23325,52157,68987,70369,70806,94631,94800,95272,95799,96627,97092",1752246128,2025-07-09 18:49:31.587698
b0e0a2f5-91cc-4cea-84c7-066c3442f9f8,c867ecbd-12e1-4388-b304-7e4f922ec94c,"2191216,2229198,2238345,2238759,2254957,2254968,2818489,2836891,2854783,2854785,2855259,2855261",1751784988,2025-07-09 20:37:31.608351
b0e0c5af-b402-400f-aebb-d41435a2443a,2c5c1d3b-5a2f-46bc-b06a-c838e23c4b34,"1910,38305,50593,54062,89100",1751521007,2025-07-09 20:40:31.784592
b101be4b-ee46-4a4e-9287-08f38ea95460,adf7a582-a255-43e6-9cf6-18fc63fc1da9,"102396,1063,36978,43861,70395",1750685126,2025-07-11 00:16:31.65555
b106fd8c-8cd8-48e9-870a-cd4a72ec5eff,0b6b1721-57e0-4251-b651-ac6cf09c5f27,"11275,79524,94599",1752230079,2025-07-09 18:52:31.536339
b1092e4b-f7cc-47a5-8b2c-3f24bb3c7c77,ad10f993-fea8-4326-98ab-2721afe1d863,"108663,11632",1752382603,2025-07-12 12:37:31.584738
b11f56b5-bb85-42f6-b88e-2bbae57e3ef2,f944b9f6-f0ef-4f06-bd58-d4e961e69b04,"102923,25860,37612,51931,58586,64427,93015,94800,99216",1752190556,2025-07-09 18:55:31.759641
b1319657-7278-4755-ab29-d6cfe8621fe9,9b819706-326e-45dc-ad45-03c7175974bb,"102507,105026,105895,107993,27605,38441,42699,53561,58576,87834,94601,97412",1751390229,2025-07-09 21:01:31.521295
b149f13d-562e-4c22-9c04-3564b59bbdec,e06c6916-d653-4663-9b65-0b0e536a7378,"1662,46269,94817",1752489527,2025-07-12 12:40:31.55665
b151b87a-2cc3-4442-b9ff-9359029d5962,1208726d-6f30-40af-b500-99a3f625ed6a,"37078,5401,58576,87284,88728,96230,97304",1742072749,2025-07-09 21:16:31.455148
b164a107-e0ca-4497-89f5-3b12a2349e16,1ad44a1d-7857-40f6-847d-c3d8d58d74e9,"105626,13091,23528,58583,76646,92312,96083",1752204141,2025-07-11 00:16:31.65555
b164d760-6d2f-4acf-b2d6-05490753a29c,a36fefd7-a53f-4359-bf95-9f8c20ea77b7,"104176,10421,106895,108040,108979,108980,109923,1910,46813,51931,84942,8790,92854,94817,97080,98700",1751984537,2025-07-09 19:37:31.407534
b1b1f061-adc3-4f37-876f-bbc6c3a98070,08cde4b2-3ac8-4c00-95a2-cbae5653cffa,"104111,104816,10817,24683,7521",1751907211,2025-07-09 19:07:31.585047
b1b90792-aaf1-4e78-90f4-59013b07ddc4,a90fca3c-2747-4138-9c22-b19fd3b5d664,"101097,101708,107614,87315,92651",1747434817,2025-07-09 21:37:31.433645
b1ba17a1-4810-46ca-ab93-ec5b046dea49,b3750144-29c3-4f1a-a735-de48eb4748f3,"107860,108337,108338,40549",1741225517,2025-07-09 19:46:31.620522
b1ba20c4-6f4e-4d30-bafa-eba04bb0508a,27a5a57e-4e3c-4b7d-ab57-729098df02c6,37751,1751998816,2025-07-09 20:37:31.608351
b1bd48e4-2277-4e7e-8a31-7f8a56ee6f00,d2692146-b3d7-4a57-aaa9-3cb658de69d2,21293,1752428904,2025-07-11 19:07:31.675911
b1d2c050-aaa8-47a4-9156-f65fb7de9ef1,cc4bb2ed-ef17-4a2e-a24d-65d869c8783c,"102102,10730,107866,11061,16124,17906,21833,27895,46269,95680,96977",1751602795,2025-07-09 17:45:20.222232
b1e00a11-505d-42b0-a905-bd687be0ed0d,4e7fdf78-b079-4b57-a4ef-98302783aee5,"103992,28707,49181,86685,89648",1752158686,2025-07-09 18:52:31.536339
b1e29e2c-1cea-43d5-8d95-1997b7b3c53b,4fa7e8f6-bc44-4efc-95ce-36f02c514866,"2068,45782,57298,58583,62662,64427,77946,84942,93978,94227,96953,97224,97304",1751769841,2025-07-09 06:03:20.402123
b1e7b440-6515-4770-87c7-a8316044b9db,fb5161d3-2a78-43b2-a3d1-173a1eee3f4d,"105723,108288,2041578,2114640,2248312,2263346,2835292,37808,46130,82430,9673,98480",1751667845,2025-07-09 20:40:31.784592
b2190723-8195-40b9-bb72-ce37ae7e56f4,4b4460c5-30c8-4cb1-93a9-e858f31b1bae,"106941,2268065,52154,71209,78866,86679,88449,95851,96193",1751694769,2025-07-09 19:28:31.448042
b2226fa4-4595-4ba1-a788-13bbd5b669b8,8c621aa5-c431-4031-b249-c3faa802e79a,"102968,10770,110340,24702,40503,58576,61602,64427,65903,92219,93978,99263",1752113623,2025-07-09 21:07:31.368637
b23305d9-2f42-4a76-a57e-17a7bbf1bdb9,b823b392-f5bd-4d30-8e9d-66a61aa84352,"103938,104013,104769,105641,17119,2028733,56285,58583,73719,85536,89180,89504,92685",1751224498,2025-07-09 19:43:31.642855
b23cbfef-dd0d-4b14-936d-67f3e1e183ce,5465277e-5465-4784-9d05-bc7c398b2950,"104209,24536",1718559135,2025-07-09 21:19:31.485127
b2458a9b-45de-4eb5-a319-37927c557030,88f1f7ab-08dd-4128-ace2-aebd098f0f58,2231303,1752030697,2025-07-09 19:01:31.673767
b2535c2b-9c3b-4617-9d44-d2add996441e,fb2ec56f-83e3-43ab-b4dd-992a78dcdf04,"100784,10421,107577,107711,109457,11275,37100,46889,48574,51208,60286,82308,82309,901,94817,96083",1752209795,2025-07-09 19:10:31.750627
b2706d1e-5d96-4244-95b9-9a231b53ffa1,8a347075-2dd4-4c7e-a143-1bb41a6546b7,"102491,103097,104523,109022,10931,19221,24702,29428,58583,77071,81402,89719,91191",1752256635,2025-07-09 21:07:31.368637
b27b8871-14d5-4e41-9922-fb5882605c4b,88b08d23-b07b-466b-a224-3625d6bfbd14,"106564,27814,49005,58586,96083,99263",1752393422,2025-07-11 19:07:31.675911
b27dda09-a8b2-4a3f-a90f-1f6baa9b2988,36b50b9c-bf8c-4701-a775-921c587f2aff,"106237,108222,42,57032,58583,77149",1749486664,2025-07-09 20:34:31.516539
b29035fa-deea-4b3c-b4ac-bdb4529bf63d,61d992a5-dc34-4d38-b366-b9b44d9d8dd6,91003,1752384867,2025-07-11 19:07:31.675911
b297a4ee-a42b-4288-b001-249ae3ec05f7,aa373038-01d6-47a6-9ec2-b3c0a9c09006,"106246,106796,107829,50523,53565,54107,772,83129,9672,99216",1740675905,2025-07-09 20:25:31.345235
b2b28ca2-2611-47a7-b7e7-993ab28611f7,c278f1b8-5166-4b8e-bcbb-47f1b76f6a0e,"100100,102231,104919,106741,108210,11792,23793,37100,53561,6329,83129,94800",1742051512,2025-07-09 20:19:31.511716
b2b4369e-ae19-4056-94ea-2cddb20326b6,09476af3-d182-4fa5-894a-2c88b7a174d3,"103998,105827,107751,38441,39801,40504,50523,58583,62662,64427,67937,80150,89482,95411,98555",1751077375,2025-07-09 21:22:31.50472
b2b9e1d6-e121-46e5-a01f-f2d4f39cb40b,008ba4d6-5fcf-483b-ac0a-9d7a644f289f,"104918,105937,107858,108337,108663,109581,14808,41089",1752474891,2025-07-12 12:37:31.584738
b2bbea0e-f5a0-48b0-b463-8ea776e3a968,b44a5a19-faea-44e5-827e-6c49e759e67e,"11632,12010,2150917,27814,56285,58576,61602,69106,94800,98636",1749153989,2025-07-09 21:16:31.455148
b2c33054-a828-42cd-be61-15d0c4e07a9e,d58721da-985e-46cc-b93c-9a42cd297b80,"101540,104442,106413,106588,107870,109628,25656,26492,62782,94800,97080,97338",1751403503,2025-07-09 19:04:31.645408
b2d4ef30-dce4-4e61-895d-2c49c91aa35e,d114c660-de5d-4ba7-9e89-77ddcd13751f,"46269,83696",1751940344,2025-07-09 18:52:31.536339
b2e86302-9191-4476-8185-7767ebb48f00,cbfb5682-d94a-4672-b083-82175eafa477,"108107,16937,2070609,35071,48574,53561,608,92259,99263",1750870423,2025-07-09 21:04:31.429108
b2f25b33-f432-4026-b30b-ce46b9b4c503,4e621f8c-e82b-4e33-8763-d61b891b9a94,"109321,84118,91691,97479",1747363991,2025-07-09 19:52:31.520152
b30480fe-a48b-45a7-a302-60d7d65df874,ccf4d5f0-2960-4bd1-a27c-b9a8bb99ba77,"100243,20795,40970,94378",1751551940,2025-07-09 17:45:20.222232
b30da94b-3fd8-48f6-a685-831438e62a86,34af425d-f9a4-4f75-8684-0354d7eeb0a8,"100102,106189,15917,17826,18283,56209,94599,95353,96083,97078,99225",1751136984,2025-07-09 21:22:31.50472
b30f8f6a-d36a-44fb-aa64-4f4cf85ea6bc,7fe42094-db44-4bbb-988c-929fb43357b7,"109580,109694,11516,2131942,46207",1752041023,2025-07-09 19:22:31.604565
b35855ef-ecba-4815-a5e6-92b9bc353853,cf043732-65aa-4eca-8773-a0b0db6bbb88,"107870,109329,109481,25503,6101,90992,99164",1748612412,2025-07-09 19:46:31.620522
b35e2d59-c3e3-4ce0-8343-987945403e8d,81b8628d-f738-429f-a27c-7b78c0cb8cf0,"11275,90584",1752365064,2025-07-11 05:37:31.442568
b35f86e8-23ab-4e1f-84f5-92868b601c85,f93cfb00-a662-4cd9-b34e-db4404bafa8e,"10171,2686,3675,67594,90542,92411,96707,97479,98583",1751687411,2025-07-09 20:58:31.613441
b37c917b-8567-476a-9419-1cc524324c8f,ff389f91-ba00-4c09-b5a8-222b400823a5,"102391,103669,108487,109518,16951,2031385,2209633,2209665,24092,24702,26154,28776,52360,5353,97479,98768",1751661614,2025-07-09 20:37:31.608351
b3ac6dd9-1926-45be-9984-a18b022245f5,968b730b-c565-47da-ae78-651d86c3bf17,"20795,23425,34588,39334,44098,95631",1736440446,2025-07-09 21:25:31.482511
b3b1771c-df67-428b-9744-3666d5464fee,aa49bdd3-d1c0-4854-aaa3-b0f63eadce27,"100129,106789,108779,14357,2193782,2198066,2206778,2208688,2253855,23971,4180,6598,6600,72825,89509,89657",1751094035,2025-07-09 21:19:31.485127
b3b38942-8e07-4843-8e27-42a4c897eb35,3144fca2-e5b9-43db-b68d-b2c9a50e2437,"101731,102200,104641,104876,105626,105856,1063,107956,108735,11792,13137,1402,1662,23425,295,33493,36793,48645,62782,7569,84730,86002,94240,94601,96397,96659,97304,98544",1751696685,2025-07-09 06:06:20.285942
b3bdd3fa-a416-4bd1-9cf9-2803ee069e0f,865e127b-b566-41df-8014-13ee463aa261,"1662,46269,76859,96547,97078",1751259537,2025-07-09 19:55:31.439331
b3c0337c-4902-455f-9952-56749b3976a9,56929f28-30ab-480a-9be1-fb77b5d4fd9f,104109,1751948233,2025-07-09 21:10:31.289723
b3c2e4ce-6eb2-48a3-aeb9-98161113e101,e570aa88-43f0-40f0-a143-cf6b0e8d93ba,"104204,106076,11792,18283,24702,37808,38441,58583,87333,92450,94227,95673,97338,99216",1751734067,2025-07-11 00:16:31.65555
b3c4d987-7ccc-428a-a950-b84aeb054bef,08574bf1-2e7e-4e65-aa76-f334e6c34d45,"100152,103861,106601,37808,53561,83129,87218,98906,99216,99263",1751418104,2025-07-09 20:28:31.628044
b3c78d20-9037-4f16-a5ca-1e3ba2a1310a,445edf5a-ad6b-4e9b-8819-51ef5e3931b3,"104019,108042,108513,2144967,2232552,2686,32486,47922",1745547569,2025-07-09 19:52:31.520152
b3cab09c-971f-486d-9c0a-32eb23f8bc63,149ca8f4-3bd8-455c-8eee-00b597740db9,"101095,101820,105750,110029,110084,13459,14105,14390,15684,2209650,2209651,25615,27235,41097,78866,8715,92312,93978,95272,97175,99090",1751696882,2025-07-09 20:37:31.608351
b3e813c2-192a-4784-96a6-7c05ea052fb0,41b428e2-f230-401f-8fd1-6f23b92e0bed,"102052,104876,10766,11792,24092,26891,2792,28505,30007,41097,42294,58583,65905,71543,73907,94449,94631,94776,99224",1751601400,2025-07-09 06:06:20.285942
b3e83987-2a15-4c2f-94ea-db733a653ff8,2e71c627-d520-470c-abd7-2f111a27516a,"11632,26509,94800",1752474822,2025-07-12 12:37:31.584738
b3fdc638-2042-4a16-9709-8ff6429f6fa5,cd8471d3-6d18-46a2-af7d-37ab12be476f,"1910,2607,26378,30308,45776,48574,5353,54635,69106,84111,95933,97304,99216",1751755935,2025-07-09 19:10:31.750627
b403c262-d55a-4cc7-bb68-d0c671df7475,44b57302-d0bb-4afd-98e1-eae85ad03d07,"105555,40548,87024",1752046543,2025-07-09 06:03:20.402123
b404964a-8e0e-432e-939e-a3460584cf17,468ece3e-fa76-4eb7-ac63-6751e8516dd4,"107485,27605,46130,58583,62782,83266,97304",1751141122,2025-07-10 19:01:31.560317
b4193f75-d548-4bdc-aadf-82054cfc9907,2aa75469-25b7-4daf-a74d-a9cb281e1efc,"10093,44546",1749386806,2025-07-09 21:43:31.40037
b42619fe-77cb-4dac-ba1c-de09b6bed7e0,cb0b3675-e1b2-4694-ac12-aed099e23930,"16213,2034106,39196,49016,5376,83664",1752195262,2025-07-09 18:49:31.587698
b42f409e-5044-4ea1-93f7-a8d4c841b495,e8276103-4e1d-4d56-a1bb-15f9c0aba581,"107053,26396,43341,59340,60286,93839,95573",1750995272,2025-07-09 19:46:31.620522
b43c96aa-f97d-4445-a66c-92576fdba268,e0ee119d-64ef-4846-a3a8-654015c9bca6,7521,1752325051,2025-07-10 18:52:31.513517
b44e549e-5b7c-4f6d-bd02-b2d42157af12,8b956f19-a5f5-4517-9e23-429e1ce4bb9c,"10421,11275,27582,90266,91262",1752009780,2025-07-09 18:55:31.759641
b45a0787-29b5-4eb4-a28b-0f7dc2855420,49e5c8f3-d4b7-4045-a84c-8dfc8be0830f,"27605,79895",1751426960,2025-07-09 21:01:31.521295
b45bfec0-f1e4-4c38-826f-6c1714510509,ecbdf482-2b01-4307-9b4b-0308487f7abc,"101097,102713,27488,44785,61602,68297,79544,85619,85774,88108",1745785864,2025-07-09 21:37:31.433645
b45c32f3-dc3d-4529-8e50-0d6295c992bf,838347e3-7cab-4a87-8741-63ab51fda98b,"11275,39201,45782,58583,5897,98491",1752217926,2025-07-10 18:52:31.513517
b46383fd-0b54-4cbe-b4dd-dea19b2b3f84,4573c202-5ea9-4937-85e7-2936fdbfeab1,"101325,104461,105657,107409,107430,12597,2120534,2218068,23848,47057,88449,9129,92301,94599",1745618350,2025-07-09 19:55:31.439331
b48dece1-b836-4e59-9917-674a96f63720,ff0fb100-8e3a-4651-a609-8ad200d53b41,"105942,14301,18051,26477,2825301,43946,83460,85530,86414,90074,97412",1751616037,2025-07-09 20:58:31.613441
b494a949-c076-45b4-a298-8c035ce7e541,b7996879-a17c-435a-843b-6e1e05a61ef0,"12397,5786,80197,94443,96083,9672,9839",1752173250,2025-07-09 20:55:31.375308
b4a5dd4d-ce7f-407f-ad60-1bad7fde4a20,a85ad528-64c3-4daa-858f-074d773015ac,"106237,107740,108708,14850,1523,2209664,2223192,2832277,57091,58583",1745477926,2025-07-09 21:19:31.485127
b4b9d146-c7af-4781-81b1-df9804773e43,17cc8529-15ef-4028-993c-238a85609225,"10137,105114,105602,105725,105834,105956,106565,106613,106719,106859,108226,16632,49177,58576,88159,94599",1740352396,2025-07-09 21:37:31.433645
b4b9f04b-e120-4daa-8471-17a1ffebc2a1,bf6dfeee-540d-4b79-aaf0-c9304efe44f8,"102079,102286,105443,10817,108288,108999,109227,26490,35348,41025,99159",1752334553,2025-07-10 18:58:31.529937
b4ced796-c661-4ea4-8e9d-676bd59dba9b,085801ca-af1c-46c5-a3f6-e2a4c1b60fdc,"103669,10438,106241,27006,35348,46269,58583,61602,77071,83685,83707,95689,97304",1751915270,2025-07-10 18:55:31.478294
b4eb2c01-03ed-460c-bb6d-76ad90444af2,0e503575-69f4-4b12-80d7-a4055148e5f9,"101820,108277,108511,109118,15844,1910,83696",1751368846,2025-07-09 19:40:31.494332
b4fdfbd5-83e1-4bcf-831e-63045a770784,180b06fd-00f3-488e-a614-f70f42171b36,"48574,53078,85849",1751688209,2025-07-09 19:25:31.714795
b50ae6b0-fbda-48f6-9e81-0feec0c12c06,fac8f2ff-3d6f-4d31-aa4f-a629b99978da,"107100,14329,1529,2158,26485,6352,94227,96090,96417,96656,99263",1751642252,2025-07-09 19:10:31.750627
b524ce2d-b5ba-4110-ad65-120c8356e72f,a756ba32-63ca-4d62-8dbf-3041a7d17d99,"105396,106486,2144967,2815565,2855138,38441,42294,53565,56295,7309,961",1752394035,2025-07-11 19:07:31.675911
b53fffcb-936d-453e-bc8d-ba34a7fecc3c,f6164786-becc-4e13-94ba-f3c45f4c5234,"1786,26487,4931,51261,58563,84666,92219,94599",1738202586,2025-07-09 19:49:31.570096
b5532912-d21e-444a-b905-cd60d5975937,288b0548-6870-4bc0-9954-1878669c937a,"102491,39976,95673",1714802819,2025-07-09 19:49:31.570096
b57639ca-b1ec-44b9-b349-8194f3a30ad8,dc7963c0-94f1-4dab-8433-befee14ffcf7,"15243,2029928,2142785,2181146,24250,25503,41020,41088,41089,45782,65905,75100,94449,94599,96699",1748931119,2025-07-09 21:34:31.499073
b5845eb3-48a9-4140-a31c-2dd189c6b99e,068e5e60-854d-4611-b76a-49fbdabed35a,"100641,101810,101811,2132647",1743468002,2025-07-09 20:28:31.628044
b59f7369-1bdb-424c-896b-c049c366ed43,1e93ef45-ea1a-44c1-98cf-d773b987afe5,"18065,38924,58583,82309",1751091908,2025-07-09 19:04:31.645408
b5c7950e-33fc-467b-9e9a-92e91e70415e,6d7c1286-94f5-4629-9447-7575dd1ada53,"106601,107204,3076,66133,73838",1751477923,2025-07-09 21:40:31.522517
b5cf2927-dfce-4cc6-a2fe-11ca7f5528f0,734dac7e-85f2-4ee9-a484-1c641f32fa34,"104485,10510,107285,1910,30314,3227,42294,48574,54659,62662,86543,87315,96699,97304,99216",1752311209,2025-07-10 18:52:31.513517
b5cfbed4-622a-4270-a3f4-d07d67d749d4,d9c04be5-b5fd-4368-bd2f-e2baf7c9597d,"100825,101097,107266,108301,15296,19180,19219,2254649,35202,35254,41088,41089,42294,44933,48574,51248,52394,58583,58586,58654,62662,7309,73907,74354,92262,92306,94599,95062,96397,97055,99216",1748447392,2025-07-09 21:37:31.433645
b5dcc61f-f19a-44b3-8a07-20ab4b552d8d,4b272dcc-dbce-4261-8615-3ea344a01daf,"2255749,58576,96699",1752105975,2025-07-09 18:55:31.759641
b5f940e4-8b2a-46a2-83bc-2f05299de1fd,7c53654e-8866-4185-a01d-0cb3619e2240,"101444,10421,104485,107803,11275,1662,23425,28652,43861,53561,58583,7521,83696,85163,8602",1752071046,2025-07-09 19:07:31.585047
b5fb1888-5d9b-44be-af25-f77247452e0c,7fa6e46b-6844-4977-a04a-3f7426f4c14a,"102240,15989,2228245,2230497,2242735,52528,54603,80936,88990,94097,97175,99483",1752258521,2025-07-10 18:52:31.513517
b5fdf341-3694-4112-ad18-b1042a03cbc0,d9697e8e-1bc2-4036-a1a5-f0bb7ac59aa4,"11520,3485,459,54066,81813,87377",1751766809,2025-07-09 19:28:31.448042
b6022933-87d4-498c-83bf-0062a1eea03c,fcc7f0d9-38f0-4d81-b0bb-55c63857b007,"103121,103324,105326,105786,107725,108482,11632,160,2197342,22290,22301,23814,25641,2607,3061,34542,35207,35348,41584,46269,5353,64249,64427,66017,67844,80149,81402,83517,86543,93985,94631",1751663562,2025-07-10 18:55:31.478294
b60f0f39-5288-4eb6-87e7-969e4d1875da,f4511ac8-1240-4ff8-a69f-1ac27f9fee77,"103744,104204,2817911,2855138,30195,449,50523,5353,5376,94060,94631",1751358557,2025-07-09 20:40:31.784592
b6337475-54b6-40b2-90c6-5f9d35b4033e,bcd73479-95ee-46e8-a6d3-ad96d354c5d0,"105089,52394,6753,75100,91191",1752365046,2025-07-11 05:37:31.442568
b6391e04-2dee-45e2-bd9f-1c441d49af96,dda60783-bd86-48b0-ae29-750ff49a0fca,"11369,1523,16041,20800,23476,46829,5584,58586,80749,877,94631,96083,96953",1751779991,2025-07-09 18:58:31.654225
b64e6809-b810-4f9a-9052-812fbecfee27,9026eb83-3e1c-47fa-80e1-cff240469f04,"1254,1662",1751181597,2025-07-09 20:43:31.463099
b662666c-f1e1-418a-978b-734d6a703e77,dc34ba83-19ec-4ed8-a997-9ae3a23c3e49,"46455,48574,52394,58586,62612,80749,83696,94800,9728,98557",1749166838,2025-07-09 19:43:31.642855
b68a44c2-9183-4642-ac0c-438093bf866a,542bb33e-d330-4477-95f6-47eb38aa156f,"100085,107693,39201,44610,44933,44934,98700",1752104757,2025-07-09 18:49:31.587698
b693b564-2c30-4ab7-aa6c-9547daf6c810,33392749-0560-4e3a-b402-d138c7e89012,"38441,56844,58583,58658,61602,7521,80749,92219,93978,94800,9672,97338,99216,99263",1751725186,2025-07-09 19:28:31.448042
b69f6dae-d4d4-4707-a3c0-8812714318a5,9d7c6623-08d5-4900-b28c-2ddf7f43ed52,"102485,109189,14002,22739,70806",1752081855,2025-07-09 18:52:31.536339
b6c17b9d-1cf5-490a-86f3-668adbf42016,dd885d90-644a-438a-85e3-3827dda71563,"105970,1662,2206941,96351,97790",1751909461,2025-07-09 19:37:31.407534
b6d214a5-e2b1-4190-80a1-a4abed8464c5,17d10d4b-6ebc-48b5-8037-8f0d44d81135,"10727,17906,40499,54066,95515",1725512914,2025-07-09 20:31:31.402227
b6e52a13-63e4-421a-8951-008650e4cd19,5f203b27-2d43-4d34-b4b6-cd14d8ff0812,"101095,104019,105448,107866,108288,109113,109697,15396,15493,15917,1920,2048239,24092,37612,38442,42294,52053,58576,58582,58583,82309,94097,94599,95701,97147,97304",1751768726,2025-07-09 19:10:31.750627
b6e8a669-776e-4257-b15f-a5625e8229ab,26b9aed4-0d35-42a9-b5c2-00b8d9da5665,"15359,32961,33577,95700",1722112035,2025-07-09 19:58:31.343729
b6ea7c48-9297-4f42-aa15-4e7b58fba580,bb9c7a02-73e3-4037-a3e9-f9672eeeb7bd,"103332,295,36793,37808,39976,44377,4793,63940,76470,85849",1751994292,2025-07-09 19:19:31.413237
b6f5877c-8a6a-4bc7-9ced-ae3cbfc7d93c,b3fd58b4-13ad-44cf-91ba-fd79a2764917,"107153,109285,34337,43341,44339,96707,97412",1751243869,2025-07-09 21:04:31.429108
b70456a4-5569-444a-9ca8-2a853a901313,43a4590e-9ce8-4fca-bdcf-0bf9c0566978,"107319,107425,2238508,23509,8906,95800,97619",1751241915,2025-07-09 19:55:31.439331
b70c5df2-1aeb-470a-9ab9-70ac47ced984,19e2cf53-8d3a-463b-aefb-1f4aad56e199,"102542,104461,10510,105422,105533,105641,106147,106701,108936,109285,109433,109641,11275,1662,2071,22484,50523,50611,86191,94799,96083,97304,98461",1752377418,2025-07-11 05:37:31.442568
b71d541b-ac10-45da-9a2e-a63617ef1067,693d6162-b7df-4778-8258-9cf6c1e24d12,"104057,106260,107920,2068204,2792,2850931,2850934,65742,6980,71728,71944,93978,94800",1752016432,2025-07-09 19:07:31.585047
b71dce24-fe34-4615-8683-d39c47c070c3,13b9a6f7-4e3e-4690-b182-c9c503b3028e,"16632,22793,24070,26485,459,84942,94169,94227,94817,95573,96625",1751724209,2025-07-09 06:06:20.285942
b73aefdd-0c66-470d-9012-8597d4fd1078,22c576f4-d280-4be5-82f3-9a50a63edfcc,"107955,11632,1910,64427,86543,90671,92975,98700",1752190181,2025-07-09 19:34:31.343546
b741b439-8f71-421d-beff-9d5a0cbcd80b,d0eb5b40-a2f0-4e51-b0a9-414dcee6fa1b,"105089,2209700,2832279,2832282,28995,48574,58576,84168,9172",1752407241,2025-07-11 19:07:31.675911
b746c972-4469-476e-897b-ad25053b1b04,27ce359f-ea9e-4571-9536-0b0f715ea3d1,"107473,170,22301,2841277,31053,33577,37612,46269,51318,58583,64427,84942,93015,94800,96660,98461",1752080545,2025-07-09 19:04:31.645408
b7573b2d-2f80-4016-ad93-4a75c3e8a06e,514e0a4a-a044-4126-88a1-e8a8699751b7,"101443,38441,44897,46269,48518,58583,58658,62544,90541,92638,96225,99263",1752332416,2025-07-10 18:58:31.529937
b75b63b7-0a55-44d2-919e-f1d460698aa0,1d39ba20-f8f1-4a1b-8709-94e2d510ba18,"101730,102183,105455,106067,14519,80749,94601,9672",1743433234,2025-07-09 20:22:31.445516
b760584f-77ac-4cc5-b278-4bbeb48c71e8,94874b5a-dca0-430e-9cab-61881edcf750,"104072,11275,1236,14905,16213,2246227,2251395,30439,5376,75298,76470,83811,84781,88430",1751957461,2025-07-09 18:55:31.759641
b76798c3-c51e-4f6c-97c0-aad9f28517ac,4d021a0c-d069-4106-b38f-305845db183f,"101325,104665,105212,105723,105932,106009,107860,17915,1923,2055261,21159,43137,58211,58586,65902,84942,9450,94599",1751657115,2025-07-09 19:10:31.750627
b76d777a-c573-4c8d-b6e8-74f34dc01124,9218c428-3cb5-4214-b939-90c4b6f28700,"107760,109836,1287,4369,93754",1751590964,2025-07-09 18:58:31.654225
b77fa0b8-541b-49c2-8f5b-f911ed17a727,e401a26d-f788-4ed9-82cc-a236e06b368f,"102925,104031,104319,104640,106479,107862,107972,24702,459,47071,52394,96625,97565",1752171561,2025-07-09 19:10:31.750627
b78023f8-94af-4555-8ca7-c928be0ee681,eb0e91b9-5e53-47e8-bb45-c075edf82d91,"12010,15844,2252564,42294,51218",1751868665,2025-07-09 18:55:31.759641
b785092a-286a-4d35-9f2b-2ee286fd95f3,47589743-8268-4fbc-9417-a73d63d4a481,"12138,37078,37677,40955,41623,60568,71921",1736140246,2025-07-09 21:16:31.455148
b793a887-35fc-49f3-aa08-cd19e52b4af3,7dfad321-dd28-428c-ba78-cccd76a1028b,"2191103,2198983,2198990,2198994,2206119,2206120,2206706",1731547366,2025-07-09 19:58:31.343729
b7981e30-102c-40d7-b0fc-bded851eaa44,a165a26b-4431-410d-832e-9607f6bfec5b,"1662,2850934,29843,99216",1752277416,2025-07-10 18:52:31.513517
b79b8729-9c7c-454e-9539-62e750623b20,5447233c-009f-4269-a4d4-d5d57421ff5e,"101460,19180,2877965,65742,81813,96083",1751947784,2025-07-09 19:19:31.413237
b7ac5616-d292-4966-b127-059d30bd145f,c0ee68e6-865a-4012-8c82-a8e7c76927d9,"105824,1910,3625,49181,53561,90453,99403",1752463718,2025-07-12 12:40:31.55665
b7d98320-993f-44cb-8514-aef1e3067016,6d88226c-0174-42cb-af2e-36308d75c555,"105750,105767,107372,108880,108922,13081,3939,92687",1751613673,2025-07-09 20:58:31.613441
b7e2480e-2569-4c48-87e5-cf576b016e50,14e06352-4871-450b-a005-343e5dd6c983,"101097,104615,104618,104969,105626,106240,109165,10964,17952,18283,2104244,24702,25504,29871,30255,32961,38105,47022,47156,54600,61156,62542,7521,77959,85849,90337,91155,92295,95371,95689,96603,97078,97224,97565",1752427062,2025-07-11 19:07:31.675911
b7f5fe1a-1d5c-4729-b7e3-05583a9d84fe,93f42dbb-e4b1-40b5-85f8-db32eab252ae,"13237,2048244,2067921,2607,2817712,9172",1751773839,2025-07-09 19:04:31.645408
b7f7857e-59d6-4187-9d03-e6b52d45cd06,cd251644-83e4-4705-8b5d-38bb317cf477,"30549,6071",1752374177,2025-07-11 19:07:31.675911
b7fb09e8-d82d-4c4e-813d-5ea19acb14dc,43aabfb9-1e7a-43b7-bcc2-fe0e71f7da18,"100825,101806,104100,105529,105934,18065,2068,23509,31628,34201,34364,51265,54599,54635,58583,80769,95272,97078",1711999722,2025-07-09 21:34:31.499073
b81f258d-102d-41f7-a93a-6cbeeafbd091,6536b446-05c5-4649-86b9-c993cf19218e,"100042,102173,103198,105555,11632,17119,19541,25645,87133,96351,96689,99263",1752198512,2025-07-09 19:34:31.343546
b82258af-06a1-4806-8452-e44702015e27,f1f12412-af2d-4fa7-a5be-fcdb0b8e60ee,"101325,102493,10260,104780,105723,10791,2832380,28832,4023,48574,64427,85180,85189,98575,99248",1751843996,2025-07-09 06:03:20.402123
b82f6f3e-5ca3-4583-a52f-26d8bc0855bc,838dc549-2bce-462e-b621-b7a3b6c6b60e,"103939,10790,15791,21293,24702,30439,42,99263",1752289049,2025-07-10 19:01:31.560317
b8345938-92f2-4cf3-bb87-a3cc5487f893,0cc2e70a-536e-4451-8c08-3a1c04348234,"22415,52746,84248,97597,97978,99438",1723610607,2025-07-09 19:46:31.620522
b84bd1cc-95e8-410b-92a3-c4893d8ddc71,9318a74d-bcc6-4adc-aa38-ab735dacfb4b,"107879,6759",1752458462,2025-07-12 12:40:31.55665
b8758540-ddac-4c58-85cb-7d1bc863c9cb,9de720e9-4625-414a-9685-c0e5c9fbdec6,"100538,106033,106560,2830979,40301,41097,5403,73907,8906,94601,96216,97304",1751178969,2025-07-09 20:40:31.784592
b87b3608-e023-4333-bed9-6e336b1bdcf5,3b2888e8-6df4-4d31-90f7-d3843413161c,"1628,24702,4931,5619,76859,99216,99344",1752222810,2025-07-09 18:52:31.536339
b89bca3e-773d-4266-a3fc-fe62704112b2,df98ab01-eb8b-4db8-9ee0-6e5981c8049b,"10260,18438,31736,46130,50523,53561,77885,93109,94379,97227,98625,98636",1750300475,2025-07-09 20:22:31.445516
b8a9b410-1adf-4eef-9372-51557b067222,3149330f-713f-4a86-971c-328806529abb,"10303,10510,10638,107781,11633,2070609,37808,42294,45782,46269,58583,65959,90362,94799,95750,97304,99216",1752012013,2025-07-09 19:34:31.343546
b8b7d2dd-17fb-480d-a8f7-7a908dd114eb,8bdf55d3-54f9-4168-8180-867399300171,"101292,107757,10792,159,1662,19329,20795,35683,57091,76470,94692,96083",1752421102,2025-07-11 19:07:31.675911
b8c5c7ab-e149-4fc2-97b8-570d88fe415c,2ebd6100-7393-487d-a3c1-f9cf2ef05139,"10956,25442,28832,48517,51248,53561,61600,62731,67594,68297,73907,96083,97066,97338",1752470823,2025-07-12 12:37:31.584738
b8cba270-c6d3-4c88-b885-fc5bb69670a6,4f7cab9f-927d-4f5f-b30f-000b06eeb17d,"106045,106076,106497,108591,108626,18358,38320,53611,60612,7719,81532,97078",1747455087,2025-07-09 21:22:31.50472
b8d686de-d3a6-4acd-b7fe-7ee1672ec9ea,64a5bd66-afcf-4bdd-bb77-455750fe4577,"104442,105529,106652,109108,23793,2793,4793,77885,81852",1750466403,2025-07-11 00:19:31.492721
b9215c38-694d-4dac-b8a5-1205a76e7237,9ec17e25-9251-448d-a840-2181b009fee1,"109585,1662,94599,94776,96625,98075",1751734665,2025-07-09 19:10:31.750627
b92b8d7e-1b07-4cda-a4e2-73d60fe0bc3e,54c6555b-8f2e-4c65-97b4-8014b7fbae3d,"1662,2852903,2855396,96083",1751826759,2025-07-09 20:37:31.608351
b93176dd-57c4-4fd5-94ef-3c6412d966d9,6419f7a8-ee8b-47a6-9de0-2ef5be34bb6e,"101308,103283,103294,105089,1129,34554,41791,52528,61600,66116,70586,73831,82699,89271,93988",1752198218,2025-07-09 18:49:31.587698
b93bfcb2-7e2c-4216-b19b-c0be6340be5e,1bf8c1ba-c890-40b7-83e5-d5caecfffced,"106651,23425,81813,86543",1751690120,2025-07-09 20:37:31.608351
b9424dd8-c88b-4313-a99f-128090492af9,14b7b929-e4d1-4ea4-a98b-27114dd18338,"106237,2068227,4023,42294,58583,58586,6204,83129,96953,97304,98628,99224",1745432347,2025-07-09 21:34:31.499073
b9599074-38ac-4c21-b340-9025c1a331ee,400082ba-7298-4538-8615-9c1bdb33eb24,"15791,23793,2817712,94227,94800,96083",1751815955,2025-07-09 20:52:31.34132
b9752e1d-0a50-404b-9d1b-5a41db28e823,8448ab1b-b7d3-4453-ab64-2be4f46ec684,"101325,10592,107679,30335,80024,95442,97787",1735965847,2025-07-09 20:28:31.628044
b9808188-2817-4d3d-ae9a-5c0a2c464946,92cad1e9-8b07-4726-9622-71703d9c3daf,"11345,17257,3598,40213,59332,68177,80749,97078,98710,9926",1752257303,2025-07-09 19:07:31.585047
b9ace2d9-9299-4566-88d3-bdd56d05547a,ffc3413f-a075-4521-84cd-a1d7c96a8e01,"24250,28986,38080,53561,58583,64427,80749,824,83129,83685,85189,92611,94631,94800,98741,99216",1752072877,2025-07-10 18:52:31.513517
b9c5139d-3a72-4247-a7e9-b3cfec32ccfc,c559e348-5924-4125-ba0b-a434207f215e,"106015,1244,13083,36866,70279,77885,8122,89657,92620",1731119354,2025-07-09 21:13:31.422326
b9d5dfe7-95b8-461a-aded-a1822a205e9f,48405ee8-5e17-4df7-b7cb-1aa6369db014,"33702,48518,56648,79532",1751520226,2025-07-09 20:40:31.784592
b9dd6d2a-e285-4d15-8c44-dc99e541799b,0894d28d-3c13-42f3-8ef4-6c5870baa65b,"10235,104019,105149,106189,107860,1254,21058,2252136,27605,4023,40966,48392,58583,6071,71751,75298,813,89996,90584,92301,94817,96083,97078",1750998932,2025-07-09 19:04:31.645408
b9e4ec08-adef-46fe-ad01-79620b1ca972,8a6e818d-902e-4a15-a9e9-6c3ff2b8d052,"106549,15914,16951,2068229,2190531,2242738,24070,2848455,41088,83129,901,91690,91936",1752340551,2025-07-10 18:52:31.513517
b9fb8dcb-8c27-44f2-910d-88bb0e7c537d,5c750828-6e0e-4eec-9ec9-c7d01316d6e6,"101323,105761,106672,15243,17060,21058,94525,98389",1736173207,2025-07-09 19:55:31.439331
ba0394c7-5af4-4037-9a06-d370a815c4f1,cd4a3ae9-f46a-43e1-83ae-1f1c7ea69859,"102492,16809,50679,62234,64427,73907,85189,94817,96249",1751514704,2025-07-10 19:01:31.560317
ba0d968a-2153-4a3c-9ce9-8ddce6331b2e,ccef7fde-ce96-4be3-9d7a-170a1fdf6cb8,"108295,2864154,3598,61600,65902",1752142148,2025-07-09 18:55:31.759641
ba230a9b-e4d6-484a-b3e2-450d677efdab,b4051c1d-9897-4012-84f7-c451711f8125,"106601,107298,15684,2051762,24070,31838,36793,41924,81402,83129,87218,96802",1751094124,2025-07-09 19:01:31.673767
ba2942c6-7b0c-412d-937e-914c1d2d5d9c,893f5a42-4953-42cd-a731-b4b16b922fd7,"100551,103378,104909,105822,108778,108803,108804,108950,109565,2202489,2253209,31838,38322,38330,63412,73312,767,86685,87309,88738,90671,92664,94622,99147,99462",1752124828,2025-07-09 19:34:31.343546
ba498057-a00d-42b6-8f74-6c79580fcb5a,b0147a73-c390-4e0b-90dd-e690e686f6ee,"104019,21882,41089,65747,65828,74787,90584,94378,94776,97078",1726107428,2025-07-09 19:55:31.439331
ba4ccbe2-dd38-4c26-89d1-ab07363b190b,26858e91-5a25-4e82-b1c7-b925135bcb39,"108074,11632,14934,52394,56285,58583,58586,64427,85180,87377,96699,9672,97066",1751992872,2025-07-09 19:04:31.645408
ba6ef92d-6803-4d7a-bb70-3f9a83c7ecd3,8d9b0832-779e-411c-a793-9b3c42d5a65f,"105978,29843,48574",1751861671,2025-07-09 19:37:31.407534
ba6f55a7-7819-43a2-8299-f6bdf0f1e646,2ebd22b8-6c8a-4fd2-b3ad-eb2398935266,"103332,10594,13588,22175,24536,37444,59332,64427,66320,75100,77149,80024,84942,94601,95750",1751605489,2025-07-09 19:22:31.604565
ba87fc4c-84a0-47a0-930b-2bf2f5eb3dd2,2743b565-de2c-46c5-89e0-2335f192c6e2,"11275,15791,30439,3229,61602,7521,94601,94800,99216",1752064270,2025-07-09 19:04:31.645408
baa68543-5c58-4e23-a7da-3f7b263e7f64,b459bfc2-9f89-41ab-be5b-f882562a9ad8,"104432,106560,23425,58586,61602",1751511255,2025-07-09 19:43:31.642855
baa69399-4333-48a0-b600-1f6ded497034,7406cad1-b702-4103-858f-5701e1dcc0fd,"104776,108614,28832,30150,35836,38924,42061,4233,65742,80741,91255,92409,94097,99216",1752024302,2025-07-09 20:37:31.608351
bac481ba-76b4-49a7-93e8-da11dacb96fc,067a3f13-fa20-441e-a1c9-94b219062587,"2067953,2236541,2832288,2838496,2854541,94443",1751587501,2025-07-09 19:10:31.750627
bacdbe95-5bca-44e0-8664-c13a6abeddcd,ffad131d-b3b1-41d1-a689-c5d4dfc90555,"102968,105017,105018,106041,106046,107018,107752,2544,58583,58586,64427,65902,93872,96083",1751787817,2025-07-09 20:37:31.608351
baff512a-1d66-4755-9075-5fbfe193c66c,6c29446e-5f40-4471-93fc-231bc7afec53,"104485,13240,1910,27605,30197,61602,80749,97800",1751310320,2025-07-09 19:37:31.407534
bb1ad9da-04f8-4bd2-aa8c-aae84fa883e6,d8498946-996c-4093-ba65-4a5c5c5354b6,"107285,16937,3227,37808,46269,47319,48004,49046,53561,58586,62662,64427,8715,94799",1752089072,2025-07-09 19:37:31.407534
bb32dcc5-adc4-468f-a563-bd2e542affd8,ab62e08f-a169-4e1b-bae5-6fda15372828,"105626,106245,12010,3598,43861,50679,60111,68177,96193,96225",1751399177,2025-07-09 20:40:31.784592
bb546503-97d1-4164-a674-4d5e56e63d3e,44ab1eed-03d6-4eaf-81f2-dba6084f6b80,"101292,108295,73064",1752110040,2025-07-09 19:07:31.585047
bb60db19-ac81-40c2-b582-490e7fb0a526,713fdbb3-8580-418a-a9b0-31a8fd120497,"10638,1254,2164792,48517,54603,98700",1752158731,2025-07-09 18:49:31.587698
bb725645-5507-461d-b553-58a3d25b98f2,e78bc890-8d7b-4217-962f-563b3844d940,"11275,24702,37808,58583,599,94631,94891",1752189190,2025-07-09 20:46:31.392832
bb7f14ec-7964-4ffb-a4fd-e32ca9f89365,1b01c750-bb53-4e2e-a615-2cbec4569bd6,"100745,101927,102968,103146,106076,93005",1751745098,2025-07-10 18:55:31.478294
bb8b2bdd-6224-45cd-8cea-486b78338e75,c6efa0fd-054e-41c6-bde4-ae88c17b14ca,"112,25615,26891,46829,54599,67594,72397",1738874948,2025-07-09 21:34:31.499073
bb902cac-cc72-4dd2-900f-bccc489990f1,90816009-8280-49ad-b782-229d8e861f72,"30070,50530,83647",1733458910,2025-07-09 21:40:31.522517
bb9684c5-2d8d-449a-ac64-847d8d039722,98348ce4-e214-453f-a099-39a9b0d7530f,"100042,104158,105411,106698,106746,107041,107989,108020,108200,108475,108950,109923,109929,17995,2071,25656,26485,38441,46269,62662,62782,73910,824,84168,85121,87300",1752290677,2025-07-11 19:07:31.675911
bb9709d9-7aa2-40c3-8217-9524f1cc7385,dc4dc2e3-3cd2-450e-ba84-e1492a7e7dbe,"82008,82043,89509,98075",1747827801,2025-07-09 21:16:31.455148
bba74637-fce7-4e40-ae13-03abfdf1a1d0,6b063d20-737b-421f-bda2-74cb56e4808a,"38441,56295,76470",1752460936,2025-07-12 12:37:31.584738
bbcaa8bc-dce3-4bf1-8468-28b8a3981824,131b7ffd-d36b-4ed5-ad12-bdf887d03d4f,"68987,98075",1752100395,2025-07-09 06:03:20.402123
bbecf516-e30c-4c9c-99f8-e8b1c00e0260,70288497-7f2a-493f-bd96-3cc113a03d52,"106371,3229,37612,41097,43137,48574,53561,56285,58583,824,96701",1751588182,2025-07-09 20:40:31.784592
bbf752de-23ff-46e1-aff8-93e7be28f40f,ba19b376-0861-48e9-9a37-737488dc6c79,"107155,18981,24092,33184,37808,56285,58583,84942,89482",1752413705,2025-07-12 12:40:31.55665
bbfad23e-1d81-443f-aa24-c230f915a393,efe6b607-162e-420c-9f7f-2be0f14808bc,1662,1752280997,2025-07-10 06:01:31.512189
bc1bef55-1dc1-432a-b1d3-7fe146400ec2,fc0f9b30-0552-47f8-b14b-d434d70b5a16,"104050,105626",1751724569,2025-07-09 18:52:31.536339
bc279625-94c1-4154-be81-7e8887d96ee2,acf2d2a6-5044-4c3f-a62f-c120766accc3,"104876,105626,1662,41097,51931,57091,89482,94599,95799",1751322150,2025-07-11 00:16:31.65555
bc2fb730-5f4c-4f68-a70b-9e3e3faa2dda,1962224d-70f7-4fa1-890f-eb5b45f249f7,"102118,107155,24250,37612,38441,46269,53561,55493,58583,64249,64427,89461,99216",1752354942,2025-07-12 12:40:31.55665
bc402748-c62f-4ff9-9dcb-7b2561c96626,eaaba358-33b4-4463-96e6-30514ccc25a3,"107547,108210,108245,11990,1380,96977",1737224457,2025-07-09 20:19:31.511716
bc4672a5-bbc8-4be6-8f93-003e9a3fb623,74eae8f4-6a75-43e9-87e3-fef7c91da5c5,98700,1752372041,2025-07-11 05:37:31.442568
bc562a50-71ef-439e-a926-52233eda9f49,6e2d23d6-19dd-4e0d-96f2-a4c20d1f7ad8,1662,1751221909,2025-07-09 21:13:31.422326
bc71807e-7976-4c0c-8020-c6f4bf63baa9,24b68abb-920b-4517-a441-2f0a79c7973a,"101413,107202,107939,14390,16937,18065,2836,37449,42,42294,42398,58583,80749,85175,8880,94271,94800,96397,96660,99935",1749268347,2025-07-09 20:22:31.445516
bc8edb8f-e748-484a-b4d6-3dcca253cc9a,d6b73bd8-66e7-41c7-8da8-5e8a931d8f07,"103998,105607,105789,106558,108510,108528,17914,2832277,2832279,2832282,30195,70332,95622,95700",1746398937,2025-07-09 20:46:31.392832
bc92a03c-86dd-423a-9ca1-974322daa8d0,67966f4c-c2d5-4b8a-b386-bd7cd7cd4f22,"108184,17906,24070,37808,46130,58583,96707,96953",1751592134,2025-07-09 18:58:31.654225
bcb5a107-c74d-4704-b763-aaa9f1e928ea,9692a28f-50fe-4a33-9d57-832bdf8d6e88,"107895,109160,109588,2071,2818009,37078,38441,46889,82308,85175,99403",1752004625,2025-07-09 18:55:31.759641
bcc3a487-004b-46e4-b6ff-5903117d5ba2,f3b05e0a-d172-455f-874d-9ee79b9fb63a,"106413,106717,25286,6071",1750999629,2025-07-09 19:01:31.673767
bcc41f4b-81bd-4a24-b45c-f6ea555b9cf0,1ec5ec3b-a236-4abe-a92f-53d05e6c0e00,"104615,107287,2170014,22793,53596,83647",1734560614,2025-07-09 21:40:31.522517
bcd58420-f655-432f-9d60-10c422bbba09,06d00a09-104c-4bd9-85b1-d3de385ce665,"105723,11632,30551,35071,42294,48574,83129,90362,91936,94601,94800,97304,99344",1752004369,2025-07-09 18:49:31.587698
bcf1409e-87e0-4f2d-b26d-5f88adc4e591,b55d3f4e-7cca-4e80-8d98-e4b7498706af,"102896,105881,58576,58658,94631",1726169180,2025-07-09 21:43:31.40037
bd130dfb-f9dd-4c56-9be4-fd3a12d36c00,bfe79fba-33df-42cd-bdd5-8f08574c58d1,"2174403,2174406,2265601",1750881712,2025-07-11 00:16:31.65555
bd1c408d-557c-4970-8205-2137260afdf2,c3afbff2-ab64-44ec-9db3-16f8b7ed4073,"101308,108771,30207,88892",1751473132,2025-07-09 20:40:31.784592
bd295d14-8dd4-43c8-89e0-ae3c7c3ab164,73cf4065-8d72-40e3-9640-48b18c3b9726,64249,1716768892,2025-07-09 21:37:31.433645
bd2b99b9-c62b-4ab2-9ac0-0e8605583357,40eb6785-c1bf-4480-9a89-1f5dd63756b6,"107902,98700",1752444270,2025-07-12 12:37:31.584738
bd598102-ecf6-4a76-8dc5-1345b92ceef3,715e7e61-e25c-4421-bfed-0f2f72d58bce,"102524,107860,108295,108340,11275,40407,45782,50523,61597,82308,87080,9672",1752092284,2025-07-09 18:49:31.587698
bd5b2689-844e-4124-b33f-9ca18998829a,b67e19a4-fb9b-4574-a9a6-de42f1ad7cb2,"109137,16772,24259,25894,93016,96083",1752194831,2025-07-09 18:58:31.654225
bd6c9d26-7215-4765-80ab-b7a2837a3df0,503f59b3-f881-43f7-985d-26cff3071866,"106355,109479,79532,92920",1752044059,2025-07-09 06:03:20.402123
bd7005bb-7548-4cb8-8c9a-4c961bbdfe89,a36c1fdf-e6c6-45fd-9b64-658746398909,105661,1751597842,2025-07-09 20:28:31.628044
bd768591-145c-46ae-b232-dee322031279,25ac5b79-442f-453a-8129-d578310a3107,"2048239,2048243,2160211,2197225,2222002,93857",1740192647,2025-07-09 21:34:31.499073
bd7cce76-c4bb-457c-bb55-8b9295e5a397,a1f7eb90-5e81-494b-bb15-41de7e4eb0ea,"101308,106046,11632,12130,17995,24571,37808,45783,48517,58077,61512,73907,75100,80749,86325,93849,94025,94601,94631,94800,96699,9672,97078,98105,98634,99216",1751583779,2025-07-09 20:40:31.784592
bd8812b9-ab19-4f71-907e-af07912a10bf,68e788be-e776-4fef-925b-d24318fc72a7,"16124,91002,96953,98628,99216",1733281129,2025-07-09 20:34:31.516539
bd9071b4-c2ce-4cd1-9097-5443b5f7cd4c,92b4e4b1-53ff-4ab3-8299-4bf6ff190b64,"107760,2116452,24092,61602,85163,94776,99344",1751209537,2025-07-09 20:28:31.628044
bd954b2b-c5ff-45b8-8c5c-a4833ce53702,d9d590b0-06e4-43ff-9a98-c22baf543ef5,"104176,105093,106104,107540,109460,12010,13237,18065,2161145,2253606,35462,55220,56285,71921,77946,89458,9159,9160,91611,94776,94817,96083",1751638391,2025-07-09 20:28:31.628044
bd95c10a-9771-469b-9c03-5cd6c71c9f7b,3b2ad9d6-028f-4493-b933-3ebb153dc26d,"100533,104876,105626,2134354,23425,24070,37803,4023,94776",1751621128,2025-07-09 20:40:31.784592
bd9cc95f-72ec-4708-b628-93c19190a93c,0e0b151c-de48-4d82-ba8b-59b2a0fae6c3,"105017,106047,108122,11795,2142785,42294,94599,96083,97481",1751169883,2025-07-09 20:28:31.628044
bda56871-4d04-41fa-97e9-361e00d752a2,7c6353e3-5b1b-437c-9d8e-bb26dba60b45,"10730,53561",1751506276,2025-07-09 17:45:20.222232
bda61279-0a09-46d3-abe5-f8acac7da738,d0b584ed-6d44-45b7-b544-1f21091e1fb7,"105555,107922,4931,52394,82308,92360",1752328137,2025-07-10 18:52:31.513517
bdbdee6c-d5b2-4e56-89b0-fa46bf353553,ee1a6e11-bdb9-41b2-b122-2f70ab00d257,"11653,1248,51208,56285,86754,94378",1751938858,2025-07-09 19:46:31.620522
bdbe4b11-031c-46ff-bd14-73541773f25f,8e3d5f9e-895c-40d2-a747-bacf455ad858,"106247,106887,17264,2559,316,33580,3598,50530,65157,68938,7542,76047,90661,93985,9450,94904",1726599894,2025-07-09 21:40:31.522517
bdf7f528-0531-45a4-88b7-a2d395d6e9d8,24aa29c0-1f11-4183-8e3c-ae95f5b48d78,"100164,2253606,41097,43137,48574",1752380465,2025-07-11 19:07:31.675911
be291030-8032-4dd5-a87c-d8df854f99ae,3ba99e62-09ba-4e3c-b247-160375a503c5,"104174,104454,106093,2134939,2162166,2251540,2836,42046,43453,7955,96888",1751774324,2025-07-09 19:07:31.585047
be3b8530-b4c4-450b-8920-1a903af15116,3ef9cf42-4477-4293-aa4f-eef275013dfa,"1662,66874,8480",1751947984,2025-07-09 21:10:31.289723
be47c9f5-f4b1-47b8-96ce-34d8018fad12,481526e2-4aa8-4db2-9bfb-813ed4c9f5f7,"102407,105151,16124,23063,30312,316,31699,41089,45782,5584,58586,62662,77107,94601,96225,99216,99263",1721582284,2025-07-09 20:34:31.516539
be4c7a4f-7d61-4152-8659-1983c7e0a91f,982f988d-aa31-499a-b9a4-8d21945350b1,"102509,110110,43144,50611,58583,824,8715,96513",1751778069,2025-07-09 20:58:31.613441
be556302-b0d7-4762-a1f3-fb312bed9551,2c4231bb-ed4e-4b25-a790-6dfda607d86d,"104426,108079,15510,15557,4931,50766,91171,93978,94443,97055,99216",1752004081,2025-07-09 19:22:31.604565
be7136de-2daf-40f5-b202-402137c2e8fb,6aeeac04-38c3-4db7-a51f-c88527522999,"105664,107902,109737,15684,19329,27605,48574,56285,61602,62782,67594,86745,99216",1752476397,2025-07-12 12:37:31.584738
be788287-c31d-4c70-81af-b3f093e9a22d,2ad744f9-92e8-400d-b499-81f40ea4d906,"104345,24120,2810984,2851762,2851763,2856773,901",1750653260,2025-07-09 21:40:31.522517
be7f4722-c695-4d33-9dd6-2dc4ea5c28f5,acc0c7c3-a64b-4c59-bfd7-daab3d4d1fb2,"104919,105918,107614,34337,44856,56295,58583,58586,61602,80749",1752404592,2025-07-11 19:07:31.675911
be97b2e7-c9a2-455b-8ad5-cae06cc8fb6d,9caef7ac-0ea9-4630-8123-1a2ea06a5d5c,"106002,108287,108340,2098804,2247525,47059,56844,67497,71921,94800",1743582771,2025-07-09 21:40:31.522517
be9ba83b-1e3f-4885-9a70-bfa954ea92af,27f889cf-381e-4d4a-9352-1ba31f75ed39,"105017,2115,58658,61602,94601,9672,97224",1752196173,2025-07-09 18:52:31.536339
be9c315c-39a9-432d-99f0-be23cfd3e9e8,a7a1e6db-d672-4fa5-bb2e-dc125f50c157,"107740,12010,23793,460,58576,80749,91212,93849,96729,96953,97092,97304",1751306063,2025-07-09 19:46:31.620522
beb9a00f-f7c2-46d7-bb31-c59a953203b4,1e256135-b53c-431c-8bc9-615abeeb01da,"102492,107107,2162166,2179932,29425,35755,52753,5615,64427,7521,92450,97066,97092",1752432306,2025-07-11 19:04:31.380296
bec28167-48e8-41f8-a75a-ee67f938d319,f795a701-a3b2-4c71-8b29-a1ee5405a3a4,"101991,105684,107753,1739,17995,84168,92283,94227,96001,96083",1752294230,2025-07-10 19:01:31.560317
bec7af4e-4b94-4b73-bc0b-deca32ef8324,1c7a803e-69f2-4a24-b37f-cd98d079e8ac,"16124,2089603,61602,79796,83696",1751847618,2025-07-09 19:01:31.673767
bed1aa19-7a25-4771-aa33-8c4e503d0c42,937769fa-373f-4c3f-bc43-0183e9498a99,"101927,102385,108357,18516,20795,35824,82308,84858",1751788459,2025-07-09 19:25:31.714795
bed37bbb-083b-47bb-baef-10e5512c2195,671d948a-0e59-413e-901c-cfb55f6b4be3,"105326,2086595,2199855,53561,58583,58586,73907,95493,96701,97066",1752110365,2025-07-09 19:22:31.604565
bee30232-6445-4874-905c-16b2afa4bc10,cb28545b-a6ad-4c48-b61f-19fb845aafc4,"104442,104850,106601,106623,10766,108683,12775,13937,1627,17915,20795,25503,26741,36485,36490,4852,53089,68297,7099,75100,83534,84783,85292,86629,94631,94777,95371,96372,97338",1752089701,2025-07-09 20:49:31.280575
bee6cf6f-e247-4b50-917f-939cb307ccd5,ccd54624-6f15-4ee5-8cd1-c2c99ee45b2f,"101602,107829,107926,109329,109626,18225,41088,71406,76717,90426,94535,97055",1751212490,2025-07-11 00:16:31.65555
bef60c7a-bb5a-4114-b6aa-1df1ed77af41,529d50be-1534-465c-ba29-297f4419eab3,"107751,10790,459,781",1751796756,2025-07-09 18:55:31.759641
bf09f381-fad9-4c85-8c78-19baf31eeaa9,a62d9fad-5dca-4b42-901e-4644b61e7f99,"106827,107070,13584,17914,35836,38924,52889",1733511690,2025-07-09 19:40:31.494332
bf64362f-9cfd-42ff-a011-c6d7da4f08af,ca242d6a-715f-4cfa-83d4-c24f98c6f87d,"101068,102547,106114,109626,30335,77783",1748067181,2025-07-09 20:34:31.516539
bf695b73-1b37-41bf-a7dc-732b123939e8,b5f490ca-844d-4473-9ec0-db92532383c1,"107202,109194,19085,40499,7719,89482",1749500338,2025-07-09 21:37:31.433645
bf71f180-09ad-4a24-b924-b9688b0747ce,c8041d32-f577-4bb4-8b40-d4776bfb6600,"100100,101393,102173,104099,104100,10727,11632,30335,35348,53561,58583,64427,70369,91756",1716786330,2025-07-09 20:31:31.402227
bf8835c3-b040-442e-b6b1-4c400576d859,e3bca70a-4e0a-4524-94f7-3e068c933642,"2245404,2253598,45783,79734,96701",1743691789,2025-07-09 21:19:31.485127
bf8f2880-357c-42c3-9a6c-4464949b667c,687f9152-38ff-48f2-8052-d370ca8645bb,"2170464,22742,25860,27561,33702,40501,4634,57298,76667,79734,81649,82304,90991,95730,97479,98032",1743904499,2025-07-09 21:40:31.522517
bfda61c9-6ecf-4d72-8aff-fd526b64e206,577ad05c-80a8-407d-b8fd-bf361399cfcd,"106796,108683,11990,72397,84781,89328,91361",1752176411,2025-07-09 19:19:31.413237
c0037dd7-e1e9-4965-b5a3-8959c63c8b46,ac812b1d-548e-46dc-9310-99634f4dbd66,"100167,102172,107182,14293,28707,96977",1752191526,2025-07-09 06:03:20.402123
c00790c2-31c9-445c-8f91-a78c3cc03fe0,d3251843-c4a1-4f49-bd0c-98d0bef90f4e,"104481,106551,2841277,46269,95750",1749232694,2025-07-09 20:46:31.392832
c00995d6-7a45-47f2-b538-daed367a9407,bd7a170a-53df-45c2-9e39-6a710d300616,"20795,25652,3227,7719",1751387989,2025-07-09 21:16:31.455148
c0431e65-8713-4d51-a356-a04de71e71ca,d2a14e78-14e2-486f-a58b-fc2c2699206b,"105017,107753,12772,12775,26485,41089,4482,459,460,76412,88189,9819,99321",1742014136,2025-07-09 21:49:31.460853
c049c050-a916-4643-ace7-c51cb7d8108f,74abb12a-fb19-498a-b666-e87bc0f6db26,"101495,14649,35533,35535,41587,44933,80024,88892,94776,9926",1735623129,2025-07-09 21:22:31.50472
c04aa45b-4191-47ff-bfbe-8738dd29114f,3fda2771-ae2b-4334-8035-ef365c47781e,"100093,109837,13237,22469,23543,5461,65959",1751824067,2025-07-09 18:58:31.654225
c04cc927-c97d-4d0d-88a9-c413e0219153,f83d2892-eee3-4eea-8794-e2771e39aad7,"10438,109385,11917,2208688,94904",1751690586,2025-07-09 19:10:31.750627
c0542e53-5926-48d4-a972-9a5359033d52,6ff28dcc-e7fd-4d73-bc66-5867982e748b,"102080,104054,106469,44553,84590,87804,88660,89482,91986",1750125166,2025-07-09 21:25:31.482511
c074332a-afac-45d7-9e75-c87e5c9eebfd,db7267ac-0897-4f25-b3d7-8ddcf85c25a3,"100779,1063,1250,1255,21878,26257,27488,35373,5720,9129,93022,97800,99525",1751263401,2025-07-09 20:43:31.463099
c0923857-3067-4c16-8c64-3c3113327f78,cb1321f5-764c-4b38-afbd-5c61a864df31,"105723,2551",1751683855,2025-07-09 20:37:31.608351
c09d8c6f-0260-45ba-93d2-fc76a7eae4d5,86ac5e67-5283-4dcf-99ee-443227f45f57,"105843,8908,96707",1751676714,2025-07-09 06:06:20.285942
c0a83ead-6c2f-4303-97ea-27b69c3e7e3d,991d4793-8063-44c6-8cb8-ae9dad2ea569,"102396,87026",1742182653,2025-07-10 06:01:31.512189
c0c40db7-e76e-4bb0-8f74-ca8c885fef4f,f7856c79-e79d-4faa-aee0-d793ee538379,"102325,2544,32287,7719,91936,93868,93872,99090",1744990428,2025-07-09 21:46:31.314864
c0cb0c27-60b5-47ac-8d71-0475218b05b9,b2fe9dfe-4580-4c04-8e57-09086d7783b5,"106988,107312,107739,22739,22740,90171",1751924281,2025-07-09 19:37:31.407534
c0d4f80c-4485-49a2-8a1d-da4ab3cc6249,7589d183-3f33-42f1-9a76-9b8799a77d86,"103381,105688,109503,109508,109566,14002,37808,48574,92312,95750,97304",1750644893,2025-07-11 00:16:31.65555
c1009cf5-354b-4690-83b8-5873b13ce125,0d902618-5efb-4d16-89ac-f678fb2d2599,"102896,13587,2047814,2048239,2059404,2064240,2067921,2069639,2085807,2165107,2182450,2189956,2191796,2210883,30153,42704,44610,52945,77734",1735836290,2025-07-09 21:22:31.50472
c102163c-bddd-486f-a7e1-37ebb4ef4393,7d8e6f2c-cc95-4185-8c07-9b6cbaa6cd0c,"10395,19538,19540,19541,69554,776",1751595849,2025-07-09 18:55:31.759641
c113e758-c532-4dd4-a2f5-c3fbd1858d30,80641002-12a3-41fb-895e-d183d4aa1d8d,"106412,106652,48574,61602,83266,94601,99216",1750575229,2025-07-11 00:16:31.65555
c118bec8-5203-417b-9799-d5155dacdada,ed3bf765-ea7d-4b54-aeac-c3807332a276,"30439,37100,40499,460,58563,68300,7098,96249,96397,96953,97304",1752120154,2025-07-09 18:55:31.759641
c11e2ca3-5a36-4b56-8559-c070aec13fde,d13b805d-4dd6-4ebc-9f1a-6f1df6da78a8,20774,1752290870,2025-07-10 06:01:31.512189
c12cd103-6fae-42eb-8344-880bceef431d,066d59ca-0241-4031-9c94-39d02eb3fb1b,"10303,41097,53561,58583,62662,64690,80024,83129,8715,91212,94227,9672,97224",1751988752,2025-07-09 19:25:31.714795
c135ab7f-2678-4bec-93e4-ac5799480f08,24105723-0163-4e93-a3fc-048f01e80642,"102173,104774,106549,108314,109482,17915,18255,2792,37612,40405,41587,47350,66089,8201,9496",1752069707,2025-07-09 19:07:31.585047
c13b9b4e-a8c3-4ff0-b4dd-c4ed8f552c9c,778c6f53-7074-486b-8846-e557d4e4c2c3,"101888,16951,2053376,2141121,2245756,24070,2851733,2851746,40503,48574,65914,94817,97115",1752175407,2025-07-09 18:55:31.759641
c13c7d6e-6c54-4d6d-bf07-aa0e0e4bde07,9c6ae2fb-9191-4ddf-a957-0f54d989d8ce,"107739,107793,11632,2048243,27615,41791,42294,58583,94776",1751553256,2025-07-09 19:46:31.620522
c154d3a6-3738-4fb3-816d-f4cb2676b52e,8672913e-ee17-47fc-bdc0-aee6c003287d,"106005,108184,17906,24070,95673,96707",1751666503,2025-07-09 21:40:31.522517
c15ff5cc-97d0-4f3f-9bc6-b30e0acd43f4,d4b539e4-9aec-4b53-aeed-29308eda27e9,"1236,77885",1750478320,2025-07-09 19:52:31.520152
c1860c38-05c0-49ea-865b-a1b376b04cef,667e60b3-87b3-44db-bb0d-cde07f4df244,"16157,20337,27463,38441,4023,58583,58658,79521,90565,94800",1748403046,2025-07-09 21:43:31.40037
c191b207-9572-4362-b9c0-09ff46beabfe,86bcc9e0-21a7-4c12-9631-dbc227ad534a,"104876,460,95918",1724899401,2025-07-09 21:49:31.460853
c1953189-cae2-421e-85b4-84b6f92807b7,0d5cff9d-045c-4ae5-a15c-d76ad995c10d,"104100,10792,107999,12597,2028731,2156,2209627,2249334,24536,34588,45259,58658,64427,96083",1750910424,2025-07-09 19:01:31.673767
c196efc3-6935-4061-b36e-a1f7dca8505a,20cb9cdd-80c3-43aa-97c6-80c3d7f47eaa,100154,1751639550,2025-07-09 19:10:31.750627
c1a555e6-011c-4a53-8b34-c8c157ac7fbb,94aacd1b-7581-4f56-bcde-1402fcc0acc4,69106,1734998384,2025-07-09 20:19:31.511716
c1ab86f7-bdf4-4f61-a204-bc6cb527dae4,a984c04b-ff41-4171-a7ca-f5eef11c00b8,"105978,106732,107200,16951,2116227,2850931,5353,76859,91255,96729",1750986623,2025-07-09 19:01:31.673767
c1d4b69c-b40f-4d51-9d79-f5cfb52ae61c,56c75d8b-8e9f-4fa9-a0d8-e9df8f6b65dd,"2192624,29843,58576,98700",1752291848,2025-07-10 18:52:31.513517
c1e37c03-5aaa-4076-a881-f35746830c21,d47c4507-7919-4f0e-b7cb-d80c37a488ea,"51931,96083,96625,98741",1752264157,2025-07-09 20:25:31.345235
c20b8a3b-e0d5-41bf-b199-41fd0fce2f33,c49e7e21-6371-4a2f-b4ca-7c2385a4121e,"105448,19537,302,30505,4701,51318,61624",1752034488,2025-07-09 18:55:31.759641
c21edc7d-33b7-4a3a-bcca-2764183838ef,3e1b5beb-b1fb-411e-b76e-8fa4e7178aae,"18981,24250,41791,46269,55493,62662,64249,70583,90584,92312,95697,99216",1751376073,2025-07-10 19:01:31.560317
c21f8f6b-cbc8-47d6-9025-97f02c748543,75b3b4cc-c712-4afd-8a10-6a9170277a89,39976,1752458516,2025-07-12 12:40:31.55665
c2352173-c98b-493b-be0e-4774dc58e040,5b7f873b-e1bc-44cd-8f8c-764c48aea657,"85619,87026,94443,95750",1748971938,2025-07-10 06:01:31.512189
c25ee9c6-face-44fc-85ed-3560bc1c2a5f,e76a8d77-c984-4399-ba5c-d2e7d4493c93,"104176,25652,96707",1751198688,2025-07-09 21:04:31.429108
c265065a-f05f-4172-8ac9-3544342d0c1e,a6155c5e-c213-4b51-8734-0c3e205f1cc9,"101777,106382,107301,108013,108843,109925,17248,2267866,62112",1751502041,2025-07-09 21:01:31.521295
c27f4246-0da1-4de0-83d2-7d1fa0000b18,7e3ba697-cc77-483d-8ef9-06a9298b3907,"103744,106355,106513,106551,107902,295,32984,41089,41584,48574,64699,67594,70806,77946,92301,95353,98636",1752454511,2025-07-12 12:37:31.584738
c2881e5d-b3f4-4868-ab1d-a2de6143c1bf,1aebacdf-b8f8-456e-a91f-8b1404526545,"102509,10510,108880,108881,1910,31060,95933",1751376221,2025-07-09 18:58:31.654225
c2abbb1e-7dbe-4855-822f-35dade2dfd50,a1de571f-2393-4a68-8115-1d383fc91618,"2068,2267201,50523,7542,90661,91068,94817,96707,97078,97653",1749942891,2025-07-09 18:55:31.759641
c2be9e09-44dc-4a91-ad0c-c3489045fb65,34a4c105-2820-40b9-9523-caee7a9addd7,"101165,106248,107311,2179012,50530,93018,95793",1733604590,2025-07-09 21:22:31.50472
c2db7b24-a666-4e99-8a19-58f6509caa16,858056de-9fed-4723-9614-c5159ac45e12,"103378,105422,109222,12662,14002,17119,2071,27743,3665,37808,43453,46269,61602,83665,83732,88531,96977,97304",1751923622,2025-07-09 19:01:31.673767
c2ef5eb0-c113-4d14-a8a6-391ae2d33ee8,34071cb5-9d00-47a5-96f9-7038400fbfbe,"14760,2261545,22680,24259,85237",1751209453,2025-07-09 18:58:31.654225
c3127b28-1ed1-4cbe-a3ab-a11317db0257,edb199da-4a04-4319-b1ac-e7e08e40dc63,"107902,11632,3102,38441,58586,67594",1752478154,2025-07-12 12:37:31.584738
c31f467d-0d58-480b-8774-0712c5389e52,5205fa70-22ac-4a26-a359-ec6cf7445f88,"11633,17436,20774,24070,25652,35071,38441,58583,58586,824,86505,8715,89482,99090",1749966792,2025-07-09 19:55:31.439331
c343f0cd-c14b-4d7d-9f3f-b3e592941d21,c7f0629a-f7b7-42af-8c6d-c630ba16c48b,"101080,2160,25514,53561,58583,64427,776,85849,95442,9672",1752468375,2025-07-12 12:40:31.55665
c3878cd2-0ac4-4f3f-854d-4c91511c13cf,9157cf9d-cea0-473d-b29b-ff68d196626a,"2005101,2005111,2005112,2005122,2041027,2047818,2246755,2249022,2827699",1752152584,2025-07-09 19:22:31.604565
c38a6086-bb12-42dd-a447-6838bff20db8,78dd882b-794c-4a82-94ff-0c370e47a809,"112,11632,159,2030980,2031001,22740,23793,30335,40503,44530,45782,48517,53565,55493,58583,61600,69106,73907,80741,80749,94769,94800,95637,95702,96024,98636,99216",1750171636,2025-07-09 21:22:31.50472
c3cc0106-57c2-4ab4-b374-1cfaf2a79437,88e91c09-ad63-401f-a86e-c0f84aa46b59,"102317,102570,106073,107473,12012,17834,2153347,2178908,38441,460,48751,51931,6341,68227,75298,79521,91068,91573",1739207093,2025-07-09 21:22:31.50472
c3d1a51c-8699-42fa-ae43-3eb295cd7864,e963cc72-9ac6-40ce-9102-970de0f194cd,"12010,1662,17598,25503,51931,55493,56852,61602,89482",1752195328,2025-07-09 06:03:20.402123
c3d4592d-d50c-4dc0-b3d1-2fa91a4d0c92,f1f88d0b-c654-484c-aa4b-d6b150596e2f,"106024,19237,21293,33580,3598,46269,61512,7521,76047,84248,94800,95573,96083,96899",1752418488,2025-07-11 19:10:31.371089
c403d968-c07e-4309-9a57-0f30775b0f91,f958ce3c-27b9-4597-9f00-a471f2a00c4d,"104176,105504,25171,25615,50523,51931,61600,67208",1751225576,2025-07-09 19:25:31.714795
c41de143-b78d-4870-a596-7dfa6de3687f,05662dc0-71a9-4c6f-8c08-bba53d24f233,"106189,107999,108122,11990,26728,27693,2817113,48307,64249,7207,75298",1750704531,2025-07-09 21:28:31.336454
c41e4b88-f8ae-409b-a9fc-b902c6d16470,81f4d882-63b0-4417-9bc3-babba07358b6,"105235,107693,107698,108301,109214,16772,2115,4870,56285,67147,76412",1752278329,2025-07-10 06:01:31.512189
c43699e6-95b8-4611-9095-c4ad8ee1cfd1,51e8d01d-77e3-4276-9c68-7d6f6a497dec,"104176,107858,2052,46269,58583,58586,62662,86084,90584,96660,98939,99216",1751328742,2025-07-09 21:34:31.499073
c440d29a-44fd-495b-bf56-6da80a336bd9,6d870367-3f7a-46ec-be29-7d07f364e0a3,"100328,107285,11632,1910,19540,2607,50523,61602,64427,69554,88990,94096,94097",1751398782,2025-07-09 19:40:31.494332
c4465277-54af-4342-acee-3b900e7d3b0d,460377b4-dad0-408c-ba60-0b8b9a770e0d,"100595,101608,102173,104176,105089,105657,107202,1075,107540,108255,108282,108336,12010,1266,17705,19231,20030,24584,2478,26598,27582,28701,28986,30439,32961,33879,34929,34931,36425,36944,37100,37444,37489,38441,43137,44933,460,46829,48362,51931,54107,5674,62662,64427,6463,67425,7200,77789,79734,83696,88208,88430,91308,93061,94800,949,96660,96952,97078,97479,97959",1749696689,2025-07-09 19:49:31.570096
c4574e87-e836-4ab6-b515-9d83495a3887,d0923f50-d222-431b-bab2-8afe5e6a6061,"103680,106413,107740,107860,108209,15557,17257,84865,96723",1745376940,2025-07-09 19:46:31.620522
c461bb28-5eed-4b87-976b-e77a4ab50185,4d7647db-a764-4480-ad00-a3a935c8f61b,"105115,108295,108336,24092,43042",1739130027,2025-07-09 21:16:31.455148
c461fd26-638f-4fe4-a6ce-bcb89c818783,ae2611e9-a2fa-40ff-8535-f5e55943677a,"102173,105130,1910,20030,2052,3625,96802",1751409981,2025-07-09 20:40:31.784592
c46c262b-0dad-40fa-ac19-ec36630d302d,d853ab49-cbdf-4114-aa6a-4975435a0b1d,34481,1751769701,2025-07-09 19:07:31.585047
c46f27a7-5c8a-472e-8bbf-8be8aed046d2,f90481f2-bc8a-418d-b0dc-7a7bf7bc8749,"103654,104398,104399,1662,2038254,2065667,2067921,2067925,2086586,2190214,2202060,2210844,2802,2874888,7509,90991,92322,92512",1752021433,2025-07-09 18:52:31.536339
c4840b4c-6ef4-4c93-8fe1-29312d665234,4d99ab1b-cc2a-42a0-9f7d-4f1aab2363db,"100504,103744,107713,11275,14293,17286,28223,2828594,37132,40709,4369,57298,58583,6463,79524,82308,82309,91231,96083",1752140628,2025-07-09 18:49:31.587698
c484c671-b96b-463a-94d4-7cba6b4233d4,05783ec2-8d51-4540-8860-38f94020b0fc,"103381,105917,43144,50679,68514,71296,7719,87965,89482",1750652734,2025-07-11 00:16:31.65555
c4950c3a-c57a-4d90-b7d9-eb20a51390f8,b40d5b69-2546-4d87-85af-2ece2e77f0be,"101323,2048243,37808,42075,46130,48574,61602,62483,8476,88991,94601,99248,99263",1750676959,2025-07-11 00:16:31.65555
c4a5aea7-756c-4d7b-9c91-6630a8a1c3d4,454d0aaa-22d7-4527-9635-1296bb58d5c1,"105265,105555,10638,108950,15791,53561,79524,96083",1752256647,2025-07-10 18:58:31.529937
c4b43077-b214-4d78-97ae-8405f2b300b2,14a7ab32-ffd9-4981-9a43-b8703b02d2e4,"100243,12010,12913,15791,34853,53078,58583,79532",1752361633,2025-07-11 05:40:31.338301
c4de5828-57c1-40be-acd6-03cb92e804c3,307560d1-8c6b-4381-b7dc-898468a42c08,"102715,106184,40301,65145,71543,72242,86143,97870,97871",1752015836,2025-07-09 19:07:31.585047
c505d379-921d-4700-bbc4-a2ea47aa5267,dd615f3e-8060-43b2-be86-6d7014152aa0,"104493,13240,43336,45433,46269,7521,81402",1751090620,2025-07-09 21:22:31.50472
c50be945-7559-4de0-b3e2-f6aa9e525a58,30347c24-bb14-4da2-93d3-7f1629634a2e,"106273,107301,14522,17119,22274",1745596167,2025-07-09 21:22:31.50472
c516fc9f-a876-40cd-9b33-a764aac237b9,3dfe3499-bdb0-4de0-a43e-b0bd1c17e67a,"103939,105265,107989,107995,11275,23430,52394,95573,95933,98741",1751743564,2025-07-09 20:58:31.613441
c51808b4-20d2-4879-90ba-8a9c61442331,e4ea6048-3d51-48aa-9950-187224115a36,"106564,30551",1752188369,2025-07-09 18:58:31.654225
c54a720c-f4eb-43b2-8544-7fc0685f06c8,e05affda-4976-47f9-8325-6400fac47879,"14390,70833",1751686932,2025-07-09 19:10:31.750627
c552c56f-2921-4d18-97d1-4cac407989e6,e1be6bb7-21a4-4220-9e47-ded3cf775c7a,"71602,97066",1752345616,2025-07-10 18:52:31.513517
c55f806c-0d3e-4295-8525-45a5ec01f930,94b295d5-65a5-496c-9b38-5dd2d544de67,"46269,58576,58583,58586,83129,91611,96083,99263",1751761699,2025-07-09 19:10:31.750627
c5732192-3fa6-4477-a451-e6878d06e8fd,9d973f4e-9814-46d8-a8fc-3471c77a1ca9,"101425,107345,2194699,2194701,2214693,2246343,24702,2478,38441,43137,51931,58583,77946,83129,90362,94601,94695,94800,96357,9672,97304,99344",1752235844,2025-07-09 20:31:31.402227
c57c3f6f-6967-418e-b603-6ef9b07fda36,07d5b55e-e7ab-4c59-a397-f5a7cc75eb7e,"22467,83341,88994,92687,94378",1751653431,2025-07-09 20:58:31.613441
c57de0c6-821e-40aa-abed-95f5f27209ed,e3339977-8976-4716-8a51-df6584c99299,"10303,107197,11275,18283,42294,58583,61602,65902,77391,96660,96699",1752435611,2025-07-12 12:40:31.55665
c5c483f5-d95b-4278-8474-5629cf245b02,919d3dde-2ba8-40fc-9caf-c3002656b133,"101928,104710,16816,24259,27605,56209,69996,71995,88990,94096,99344",1752119668,2025-07-10 18:52:31.513517
c6076bb3-9b7c-4f50-a578-baea2d587158,b0cc0a26-0eba-4e31-844f-52bb86d4db74,"1946624,1946625,1946626,1946627,1946628,1962299,1962308,1965556,1965557,2092815",1730716327,2025-07-09 20:46:31.392832
c625eeae-e864-46d2-985f-064d51eb8e90,6dca0ace-9a79-4ea9-8f69-80d1df526670,1662,1752291459,2025-07-11 00:16:31.65555
c63bd7ac-037f-4b5e-a2be-51224dd789fb,edb1b59f-4f3b-4e7c-b7e1-bbd669c420ac,"106486,67594,7521,82308,95799,9657",1752476237,2025-07-12 12:37:31.584738
c654db02-62c0-43b6-b86d-db54df3da802,79f839d2-73a6-42e0-9c5a-44d174e10c96,"53561,94817",1752456171,2025-07-12 12:37:31.584738
c69aa0b8-c345-4d62-9695-2719a009b8ed,54038272-2419-4775-ab10-44211346726a,"105879,2067528,2155249,460,46945,52413,58583,73907,92262",1730833423,2025-07-09 21:49:31.460853
c69e4f0d-bc81-422e-9f9b-13750a6bed69,5e50624f-c494-4ecd-b16b-0f02b7e64e54,"104475,104908,34505,82818,86084,98358",1751313811,2025-07-09 21:16:31.455148
c6ab623c-f669-404d-9524-fe44e44ba4a6,f1180612-bbb5-4497-9bf1-aa0e00439886,"105918,35448,37808,46269,61602,83702,84942,94097,94800",1750162724,2025-07-11 00:19:31.492721
c6b6bc62-5b31-43bb-94d8-82f10f37f12f,074b5e42-8e78-4d2c-9983-1959306c4854,"100954,10638,106732,13082,42294",1751807796,2025-07-09 19:37:31.407534
c6b96156-e0e5-44ee-a911-266b51f61f54,6c81810d-a95b-4fd3-8aa4-54d8018cc4d4,"15186,2607,38441,42294,51931,93978,94800,96802,98480,99263",1751602757,2025-07-09 19:10:31.750627
c6c92cec-ec71-41b3-ab51-f2631b405a53,7b1b1c89-1aef-4b87-ac91-346978e73d78,"101097,101730,102494,104919,10638,106833,2125810,37132,40503,58576,66133,72433,76470,96699,98387",1730744371,2025-07-09 21:40:31.522517
c707476b-ff07-45d8-8124-de03c3c6f528,4c69fa4a-eebd-44eb-a601-597a3ce4bca3,"106351,108755,19180,24092,40336,62531,65905,8426,90000,95272,96547",1751736117,2025-07-09 19:07:31.585047
c71e7d22-4b30-4006-9f8c-235aff57baae,73a0047b-5e08-4558-a60b-3aea431a0515,"107751,19085,25286,94169",1750990088,2025-07-09 19:01:31.673767
c7201b63-4a98-427e-b01c-3804852dd94d,ad6f1ebe-228f-4c62-a2fb-bc8501e3c53c,"27605,94227",1752376839,2025-07-11 05:37:31.442568
c75c496e-bc98-495f-919a-e42d062391bb,a0ccf1a0-3749-400e-b9c8-d4b935f45486,"13240,1910,2607,73910,83685,90671,92975,97304,98700",1752108871,2025-07-09 18:55:31.759641
c77dc6f3-0269-4826-8336-5a4ee20e7fd5,d7a7d8a7-1502-4d6f-b3a8-9b177502dcf7,"2241337,2842364",1750291320,2025-07-11 00:19:31.492721
c78e52cd-d19a-4662-b74a-a48f8e71a775,64cc3015-d8b9-4f14-af1c-022bae9ba992,"102494,105017,105626,107752,23425,23591,94776,95353",1751429902,2025-07-09 20:40:31.784592
c793e5d6-6bf4-4e7f-aef2-4b6bcd019b80,1b7a7fdb-6b52-475b-a173-50aab71c2faa,"109517,41089,41097,43144,45782,62662,85627,94800,9711",1752260907,2025-07-09 19:13:31.292515
c79e4753-5e95-47ff-aafe-6171a61df672,abeb26fa-7552-461d-91c4-ea0043708e79,"104109,106093,1662,39299,44549,56852,58583,83378,88497,96660",1719245452,2025-07-09 21:16:31.455148
c7b7e22a-63b2-4258-82be-7ededdd4f248,18a613d9-b248-4f59-9660-a38a4e1f62c5,"107475,21833,86685,89008,93644,93729,96707,96977,97412",1735580265,2025-07-09 19:43:31.642855
c7dafe13-70c3-4f12-9820-08c4ccb7716c,833fb1e0-b4d1-4d9f-991e-dce376d74097,"102918,103321,106245,25652,58583,64427,69106",1751142495,2025-07-10 19:01:31.560317
c7ddda43-f30f-43fc-8ab9-94952fb76fb1,d427bc3d-0727-491e-bc9c-d27232aceb70,"104744,2812635,2812636",1752189232,2025-07-09 18:49:31.587698
c7e4e028-01bb-42ff-8198-b7dddede4829,b7f973c4-0b8d-4de4-84ea-e0ac15e52e5e,"103655,104158,105778,109588,13980,24820,40499,42294,58586,73907,80861,8856,93978,97055",1752352798,2025-07-11 00:16:31.65555
c7fe3de8-676b-483f-9c27-a05b2ed635d0,f493b365-cce3-4e75-b8f9-1322113a0b3e,"102182,44218,54603,61512,83702,95673,96659,96701,96707,98500",1748295562,2025-07-09 21:40:31.522517
c8346076-f849-43c0-b48c-1cb08436d211,e86d9a89-c287-4335-a987-c288749cc270,"106290,11369,15243,19231,19237,23425,26789,28986,29052,56285,62662,64427,80749,89482,91068,94379,94800,96397,97078,99216",1724265462,2025-07-09 20:19:31.511716
c86c2969-71b0-4679-a313-01bd34bce1e2,ef6dd89b-2dfc-49e8-93ab-bedd7ee8cdde,"25652,26490,30878,93754",1752002950,2025-07-09 19:25:31.714795
c88f02cc-62a0-4115-b8cb-2c65a5d5b336,55427f31-fdf9-4330-b5cd-aa79884b546f,"107739,16184,8908",1751039148,2025-07-09 19:43:31.642855
c88f389c-ae56-4eab-b20a-3ada2bdd1310,9ad641c3-b683-4396-9a99-059eff7b72bd,"103381,105641,109285,13240,25656,27483,40091,62782,90584,92283,96083,97304,97711",1751499125,2025-07-09 21:01:31.521295
c8a5b7da-af1f-484a-be09-199ad45c5508,01d1883d-1777-413e-8417-e51cf18b74c6,24120,1748226701,2025-07-09 21:19:31.485127
c8a8c41d-5ec2-44e0-a172-8319f3feef7f,d38f8c9a-145e-4576-99ec-af05cd56f5c4,"100249,100483,100783,101731,102420,104439,107025,108735,108861,1923,2174716,2174722,33110,34202,43493,45782,58563,58583,6138,62721,91215,91564,91567,92296,94599,98817",1752105623,2025-07-09 19:16:31.314342
c8ae4a21-58c9-4761-856b-c7ac5a552413,786631ba-32b9-4722-8fed-a5ae7fcfbbff,"107153,112,36789,53542,58576,58583,824,83696,94379,94799,96397,96640",1750302737,2025-07-11 00:19:31.492721
c8be9d21-a162-4fbd-a246-83ad25e112e1,967141c4-7800-4152-8372-58682993d167,"107540,108295,108338,19329,42704,5614,80749,88463,94631,96446,99263",1752207238,2025-07-09 06:03:20.402123
c8da6105-08be-423d-8ebb-a4752cee4ebc,9f34d8ea-7f90-4f51-8681-fbd269517caa,"10956,36793,46269,53561",1752332570,2025-07-10 18:58:31.529937
c8f8cb0a-466e-41f2-9c96-9cdff2cf48d7,01cdb96d-3c61-47c2-8a91-f0c743f6b57d,"102492,18990,2551,38441,46130,58583,73907,92312,93978,96701,99216",1752177257,2025-07-10 18:52:31.513517
c937c1ad-a885-4429-836f-ae61d2b3a2f9,4b7a7167-8804-4133-ba68-f8fe74f947fe,"101323,108847,11633,11653,1662,19096,24070,24250,32568,32570,42294,54673,58586,70806,7521,76859,86828,92411,94769,94800,96083,97066,97338",1752435346,2025-07-12 12:37:31.584738
c939f38a-b84f-414b-9d66-e235dde81155,3d45195a-5e40-4492-a023-a5d3df86cfa9,"102494,107210,107739,11275,1662,40504,58583,58658,72397,79544,901,94060,94776,95160,98639",1751326853,2025-07-09 19:43:31.642855
c93b2604-89d2-4e39-8c66-5abd86f06d26,36bf184f-c9f1-4d54-b395-d4477e8190df,15791,1752242945,2025-07-09 18:49:31.587698
c93fb524-5581-4b41-a824-6c86bf6f1951,d409a2d9-b59e-4e9c-a665-281324223d91,"101325,102968,2247521,2478,2822482,30878,34481,62662,73907,93015,94601,94800,99216",1752259138,2025-07-11 05:40:31.338301
c958f5ab-e456-48b5-83c1-44fe61c04204,8b052d3b-817a-48d6-9646-b4caa77de6cc,"102173,104442,10510,11632,1910,42294,46829,50611,53636,58658,6541,83696,90206,91309,91708,91788,96083,96248,97412,98716",1751312229,2025-07-09 21:04:31.429108
c9618699-d35c-4c51-969f-d898eec86d41,d2d19c89-f554-461e-84bf-f34ca4db2306,"101322,106076,25711,58586,6463,73907,91756,96625,97006",1746949822,2025-07-09 21:34:31.499073
c981eecf-20e8-4cfa-a592-209797d1c5a5,6ca69483-b2d8-44a2-8abe-66b46f92e44c,"23425,24092,30312,3227,93015,96225",1751533320,2025-07-09 20:40:31.784592
c9892b9c-ef34-4044-b1f0-8e1aab6daa12,48fbe220-a683-4b7a-896e-f72b603fa1ed,"11275,13237,30195,35462,37262,38441,50523,53561,58583,62662,73907,82308,97711",1750638636,2025-07-09 20:43:31.463099
c9aca901-6ea9-48f5-a250-e51bdc4973ee,64eeec9a-6fd6-4705-ad8f-d5096377462c,"19221,30380",1752339863,2025-07-12 12:37:31.584738
c9b4a512-ceed-4499-acc1-d94fc8b84b88,414e79f9-c361-4736-9887-dbce1216f116,"107082,53636,97412",1751254464,2025-07-09 21:04:31.429108
c9c6b33a-66f3-489f-9c34-9088e229b015,83196658-ff4c-46fa-a056-da444fcb143b,"105723,107793,45842,68297,80024,96699",1751588704,2025-07-09 20:28:31.628044
c9eaaabd-fea7-44cf-bd3a-3e90bc4c2c89,34c3582e-6e23-4034-a73a-48f8c3a164fa,"100089,2041643,2041648,23971,24981,25972,3546,43547,4931,89448",1751446012,2025-07-09 20:40:31.784592
ca0e79c9-1adb-477e-b3db-079ef41fcb9f,e326013d-083c-4687-a53f-55f4a86fff88,"107902,90997",1752438843,2025-07-12 12:37:31.584738
ca12cf1c-f915-47b6-ad5a-c4316451ecdf,def08c57-a79c-4eab-a06d-b424438c2254,"2228972,2231921,2238733,2261514,2868694,2877921",1752077000,2025-07-09 19:04:31.645408
ca252693-8b65-4f0e-a234-b970c842cd00,653fef7f-dc99-4e17-b6f9-787ee6874502,"107760,1662,24584,85163",1751387543,2025-07-09 21:13:31.422326
ca33dea5-9239-48da-89fb-c76a7faec90c,877671a3-2a06-4e61-bc76-bc080034a2f5,"101082,108295,108336,2205567,295,96701",1744382447,2025-07-09 19:46:31.620522
ca59e5e3-3a87-4dc1-a4b9-2663adbae852,bcb3b76a-cc99-4ee2-aa71-814d64fbfa4b,"108295,82309",1751743845,2025-07-09 06:06:20.285942
ca7b6938-14e8-4158-8c96-1f90bd6e3f9b,d9c59e2d-29f0-4c3f-8c68-813ef54f33a6,"105626,108000,15684,1662,295,45782,76859,97092",1751574765,2025-07-09 21:19:31.485127
ca9c6453-629f-4f05-8207-c3e3df602a4f,93500883-b115-4bf7-b03f-0b40c5e8f382,"100722,103635,105843,105846,107180,108000,108360,2253212,23543,23704,5376,95935,9674",1751783572,2025-07-09 19:22:31.604565
caab916c-0af6-474c-a19a-2e104ae5d361,622daf62-5e5b-4196-9401-36c8f74816a1,"13237,2607,43137,46269,53561,69106,91262,92854,97078,98491,99216",1751555835,2025-07-09 06:06:20.285942
cab93c28-abfe-44d6-9152-3e5e761cdb82,7d36a255-aafe-4f37-bd36-1241368965a0,"101968,104876,106288,11632,11792,12187,16124,17060,24092,50405,58576,58583,92513,94631,94734,94776",1752094808,2025-07-09 19:07:31.585047
cabd751c-e59a-44d5-8648-480dcd349a17,a6a9daed-bab7-41ce-863a-f1e4159c30d3,"109472,11254,16041,27692,30478,41142,48392,90584,94904",1751589165,2025-07-09 19:46:31.620522
cad40086-f7a7-4aa2-879a-416d7bfbbc76,1902bb69-3821-420e-aceb-c6fde7cc265a,"1910,2052",1750712577,2025-07-11 00:16:31.65555
cae5915f-0d4d-468c-a3d9-60bb50e00110,64e6d82c-1af6-4a8c-8114-d9d25cf518ee,16213,1751929829,2025-07-09 18:52:31.536339
caf1aef4-2d9a-479b-a4e5-e26fd9164438,64d90c89-feb7-4da2-b6bd-1d1419453d74,"1063,107751,45782,85163",1751646362,2025-07-09 20:55:31.375308
cb0371d8-dff1-44f6-ad73-b3d99a78d53a,f707d647-2438-4ac5-81e2-e9efee449950,"105626,109434,109457,48517,48574,52394,5376,57298,58576,79524,96083",1752276105,2025-07-10 18:55:31.478294
cb3094bc-3280-4a97-8804-1b0333bba071,42ad53e5-80b3-46c5-b3da-cbec51018112,"106954,109022,109838,33029,73293,73312",1752184948,2025-07-09 21:07:31.368637
cb3b3906-6496-411b-a78b-72fb167d96f5,a94119a6-d7ef-438d-8301-403898af9d1e,"10303,1063,106601,107341,107760,108341,109596,23063,23591,40709,46269,48574,50679,56648,58583,61600,62782,68297,75100,80861,85163,91473,94450,99263",1752298181,2025-07-10 06:01:31.512189
cb4b26fa-1e1c-429c-a4ce-15a260adaf15,1ef63014-d906-4976-a086-b0d484658ee0,"18516,3102,38441,98783,99216",1721518974,2025-07-09 20:34:31.516539
cb54105b-cc42-4e5c-9c83-4c5b4a9a4521,f729ba9d-cfac-42ea-a252-549dc46a00f4,"16951,23425,35348,38441,48722,53561,58586,69798,80749,94062,94631,94776,97144",1751723392,2025-07-09 19:22:31.604565
cb70cb80-03f3-41a1-9b57-be11fb5ac2b8,eeb45d3d-1f1d-4523-aed8-5506dc7ffc9b,"17906,24070,58583,7201,95673,96707",1751591781,2025-07-09 19:01:31.673767
cb8d38d4-3d17-40ec-9fca-90c8c9456fe4,ab8f1de7-c32e-4527-ad9a-051230be3a56,25652,1751850382,2025-07-09 19:07:31.585047
cb931603-1f03-4256-91b0-fa51ca21d081,40bfe356-ff82-4e18-af5d-37914f5f2fad,"16801,94599",1752257922,2025-07-09 18:46:31.426409
cb976936-07c5-44d6-88eb-0801e18cae00,2bfd4115-d4c5-44f7-a257-77fb435318d4,"100164,100249,107656,11083,11990,23668,34202,66320,83266,89719",1732418094,2025-07-09 21:25:31.482511
cba04997-3ef2-40ef-aa97-44f771c819dd,4f21e948-687a-4999-a2f2-9cba14651b24,"14001,295,5123,5767,68297,87651,94776,95681",1749258484,2025-07-09 20:28:31.628044
cba12760-e1e8-48f7-bddd-9e74f4a5839c,fc73b3b1-3fd5-468d-88ef-04d2e4ad5dec,"100730,105969,107359,107360,107361,107512,107517,16914,16916,37687,37699,4881,71188,96417,97596",1729227692,2025-07-09 19:58:31.343729
cbb97246-ada4-40c2-8e0c-75be03dfd9f8,5e6205d0-3ea9-48d2-87ce-675109985e71,"102148,105626,105753,107154,11654,18255,2207623,24536,24702,25641,2832760,30312,31791,37447,48518,58576,58583,58586,58658,61602,6329,70399,80861,88463,90542,94631,94648,94800,96709,96802,97479,97800,98613",1750378022,2025-07-09 19:43:31.642855
cbd86d7c-e389-4645-9d8a-149bd214964a,3ce6a182-16ac-43ff-a35a-391d4738e6ed,"2121189,2223847,25656,52394,69106,901,94601,9594,96555,97338",1752190364,2025-07-09 18:49:31.587698
cc018b55-b883-418f-8513-dafb2b32827b,7fc7dddb-33de-4029-bb93-03307f54a6b3,"12010,1662,2048239,2839461,2843852,55493,58563,83129,87651,94060,94800,97304",1750812848,2025-07-09 20:28:31.628044
cc071879-068e-4ba2-bb26-381dc47b0ede,c8da08b6-7fed-4ae0-97e3-704e07986cc2,"7521,99263",1751252787,2025-07-09 21:19:31.485127
cc144079-f5b2-4ba1-acc6-e3cee1fee084,388dc1ae-a21b-4dc3-95b8-989d0082d47c,"108918,26789,32287,34460,45782,85259,93868,97304",1744569986,2025-07-09 20:25:31.345235
cc3dfe88-468b-46c7-a406-a5fad1899c85,f85b6719-d331-49c6-a2b1-152ecb58a1d3,64249,1752455034,2025-07-12 12:37:31.584738
cc4e02b8-dd84-40c7-9067-7121610d8a61,0cb3d9b3-4d94-40fe-b6c3-3aecb381789d,"2031001,2864964",1752313947,2025-07-10 18:55:31.478294
cc51a8c7-7793-4bab-9681-109e7886e585,b089a8aa-fa34-4337-be7e-fb93f228db64,7521,1752459034,2025-07-12 12:40:31.55665
cc928c59-ab79-4337-ad79-aa6b43a8c5bc,c1ce6cc2-2c42-4f1c-b1cb-c57b5f147ad4,"2141641,24584,38441,54062,94800",1751501009,2025-07-09 21:01:31.521295
cc9670a7-d0bf-4d45-8602-09624d6f5e52,a3f2deb8-87d6-487d-9248-d46fb575f06a,"104809,108112,14002,53542,84087",1750511999,2025-07-11 00:16:31.65555
cca0f2a5-f3eb-4d62-970d-13e16d6cf6cd,88b88011-a937-4baf-b27a-4eba633f98cc,"102492,104711,10791,35669,7521,85189,86554,95673,96977",1751432788,2025-07-10 19:01:31.560317
ccdef547-eeab-49ee-9531-7930aa0d8dea,1d13a341-d6ea-400f-9bc4-de61874956db,"11632,2218173,23793,41097,46269,51931,53561,58583,58658,64427,85175,86543,92312,92694,94151,94800,96660,98700,99216,99263",1752116658,2025-07-09 19:04:31.645408
cd0b4e74-32fe-4b68-b6f4-4e83c2984030,4bf03278-4c90-4908-b91f-aecf5dc4118f,"108769,98822",1751858192,2025-07-09 20:37:31.608351
cd135d01-a640-4f9c-84b8-a60c5e563c1e,ea37e0c3-3197-4f8a-930e-c2f8916afe43,295,1751655277,2025-07-09 21:22:31.50472
cd396533-a48e-4ff9-8b27-cab6f1cd84aa,77077c67-4c24-4ba0-90eb-d2379233a932,"10421,105089,105708,11880,19221,24250,30439,3946,40709,58576,58586,89482,91262,93582",1752210811,2025-07-09 19:16:31.314342
cd406129-b23e-4472-8489-f3f1764137a5,bdec3809-389f-4c90-a48e-3266d6df0d28,"100744,101670,102332,102716,104786,105459,106362,13081,17995,2045342,2046252,2049642,2049644,2182378,29461,38441,460,48942,52394,64690,76227,8715,88728,93754,94776",1742008117,2025-07-09 21:49:31.460853
cd547362-a467-4be0-832d-cc34b315adaf,b5a6078d-66e7-46a3-8f03-95c9fb0d84d0,"104485,13215,23425,2544,25503,38441,54603,56136,58576,58658,61600,71921,93868",1752375897,2025-07-11 19:07:31.675911
cd66f068-91c4-4fc9-85f4-c0f996ea7c40,a85057ec-f673-49fd-bf09-858687842a9a,"100645,102787,103321,10349,1063,106862,108554,14262,17915,24588,31808,3480,38441,40444,44530,4498,45559,46269,4852,51318,5764,64249,72378,7521,7542,76470,79524,81402,824,85180,91191,93849,94601,96953",1751808997,2025-07-09 19:04:31.645408
cd675d97-e37b-4485-9242-b6435300e93c,387adcac-561d-4baf-a6bc-ab876306e916,"100256,102922,107570,108080,108127,24259,40709,46750,48574,50553,60612,61602,73833,82756,86754,88674,90892,9271,93015,93504,96960,97304,98461",1752020398,2025-07-09 19:04:31.645408
cd6d4058-996a-44d7-8e76-4e5906956f4e,dcdb19c1-fd5a-4039-a1bd-da80334d9890,"100039,102173,1910,23793,28505,42294,48518,50523,94799,96397",1752374837,2025-07-12 12:40:31.55665
cd9c1335-04bd-4e21-bf2a-67374f1849b8,281ff95d-487a-4fb1-82d4-ce448d0a0f96,"108122,12597,1662,2607,46269,48518,56648,64427,85163,94800",1751574818,2025-07-09 20:28:31.628044
cdae8720-ac0a-4f5a-8256-219e647aee72,6e41fc7b-ae5a-40d7-a934-c70ff1763b5b,"56295,7521,90991",1752023424,2025-07-09 19:04:31.645408
cdbfe111-e1b2-4df8-8a93-42c20a5ad785,c7a4e402-9c45-4275-b57a-97d76e95925c,"101097,105937,108544,11632,17995,18300,2134354,302,437,4388,68219,71921,7880,83702,92604,94097,96625,97984",1751525896,2025-07-09 20:58:31.613441
cdefcf7f-fc72-43f6-aeef-a993e0a2f7b5,ab83095e-bd0e-40b8-bcbe-8dc82089acf6,"108288,28222,2827108,2852445,35348,43265,48574,96803",1751723668,2025-07-09 19:10:31.750627
cdf80d31-8597-4ce2-bf15-10e6c4cf7200,82edeb92-92e4-4f24-9428-3cbca3788acb,96083,1751725269,2025-07-09 18:52:31.536339
ce23eb37-a529-4918-972d-322dc28de71f,67acf210-e7c5-425c-a9c2-2e28801864a4,"101991,105133,106498,107803,108015,108511,108512,22485,42294,44901,48062",1751492901,2025-07-09 19:40:31.494332
ce29086e-3883-4fe0-b777-aa6cb9670d5a,1aad102e-646b-409c-9589-51b297c790b5,"101730,102325,10329,106262,107201,11061,25503,43042,776,81842,95272,9672,96885,96953",1738348747,2025-07-09 21:40:31.522517
ce2bd496-cc19-4d1b-8da9-28de232e0faa,1afd8fbf-5a14-415c-a758-3d6a49781c2e,"101425,104355,22191,2226079,24060,26222,55493,58583,83696,91212,94776,98616",1751591198,2025-07-09 19:52:31.520152
ce3399fd-2949-4000-a2d7-fd8feb41470e,12ea66e7-26a3-4d00-b7a8-5497e947e725,"106538,24250,41791,45254,46269,53561,58583,61602,64427,69106,85180,96098,99216",1751585254,2025-07-10 19:01:31.560317
ce3818be-083c-411b-a919-a3085ef07929,9821ef61-28a2-47cc-b0c1-8a60968a2516,"107359,11083,16157,17834,68936,86738",1731740608,2025-07-09 19:55:31.439331
ce46f856-8f96-4450-a3e7-833374b6dbb8,c43b60f9-70e3-4af3-88bf-85981d00d76f,"24702,38080,85180,87792,88253",1751922663,2025-07-11 00:16:31.65555
ce4aaf74-a566-4af7-a511-49cfd7e83334,5400abdc-36a8-4283-960c-91904a0a117d,"102716,105097,106018,16124,2154368,27582,27663,37447,40504,51272,92549,96802",1735410599,2025-07-09 19:40:31.494332
ce4c9fd8-496b-45e8-be16-da7ea84c1e9f,70a9274d-2244-412b-be77-170506d9700d,"100775,30878,42294,43324,47059,47119,56648,62721,64427,70952,73907,94631,97304,99216,99263",1751691835,2025-07-09 06:06:20.285942
ce5958b6-3a84-4f84-860e-90e86cf92b09,9cd2ea1f-f6da-456c-a097-602823125daf,"10638,107693,107698,107955,2120552,28222,65828,79524,83456,89984,901,91548,96357",1752283031,2025-07-10 06:01:31.512189
ce782fc8-4bc8-4fa3-ad53-11e03cdac3b8,ab5d5e6e-ae80-4af7-acc3-a31b5063ee61,"104826,105016,10772,16992,96627",1725302420,2025-07-09 21:43:31.40037
ce7869b8-54ab-4741-a65b-62cf5e57067f,6910c05e-a301-46bc-8277-eadbe58d3958,"14329,29520,31574,34201,40144,4756,71936,77112,7859,85163,88880,92007",1742822816,2025-07-09 19:49:31.570096
ce862250-39f8-413a-b7b4-23f327a92ec5,f0ab4778-5cb2-4548-874d-2607abc7fedb,"105017,105018,106041,107752,24250,53561,96083",1752326200,2025-07-10 18:58:31.529937
cea65fec-8594-4d8d-b8f8-75f3da764386,b689ddae-a908-4bd8-abbf-5f95f33cfe63,"104423,104693,104809,105555,107154,109836,1662,1910,3625,54062,66012,90252,93773,95933,96977",1751298098,2025-07-09 21:01:31.521295
cebf83b9-f14e-43b6-b8a9-ba5a0f7621d4,b156fd35-a3a3-4434-b7ce-ac8e391c2eee,"105661,108288,1254,17119,21293,2134354,2244437,25611,48517,58576,8955,90966",1751782867,2025-07-09 06:03:20.402123
ceccf7fe-8a04-4bb1-803e-770ccdf0bed5,09749a16-5ad5-4420-ae73-cc683d4554cb,"102325,106009,106285,107298,107730,107862,108154,109428,110034,110236,2190054,27582,459,5884,88758,91612,92165,92637",1752306979,2025-07-11 19:07:31.675911
cedc82cd-0651-4299-a872-9c6b59a908ad,b7e2e58d-d131-453b-b530-0233c90cce0f,"104100,105447,107340,107858,108578,109226,19221,50523,58576,74787,76859,82308,96397",1752388847,2025-07-11 19:07:31.675911
cf040493-4b28-4ac6-bd4b-bde4fe8759b3,3df7b0b7-c3ff-4968-86f6-4ac3656983e8,"104876,20538,25652,28223,33493,48517,58583,91611,94599,94776",1751252886,2025-07-09 19:04:31.645408
cf0e897b-a614-432d-a148-cb6fe30bcfa8,f0b8d3c9-1b4a-4ff9-b8f3-bfa5f1a20649,"107621,11520,11551,13029,159,2048239,27605,34843,44549,53561,54066,54107,58658,86323,97175",1749864492,2025-07-09 20:28:31.628044
cf1b57f3-cecf-4064-a7c3-13a6f9d331d9,94413f76-488e-4992-8c85-64e998e1226f,"107211,107739,2076,24250,2607,2855138,31532,42294,51299,53561,5625,57298,61600,73287,74787,81813,90000,91611,9192,92262,95272,96083,97787,99171",1751054210,2025-07-09 19:46:31.620522
cf2ce603-8d38-4b9a-bbee-2927f0710276,85926105-51e0-47af-8c04-7b2a6c9f97d5,"109180,12992,18283,20287,2032169,21904,24250,44782,58583,65902,7521,83390,93016,94800,9657,97078",1751960332,2025-07-09 06:03:20.402123
cf2d2719-da99-4b10-b31d-ae732bd7781a,18f996cd-0334-4069-8f7b-e7820525e0bf,"101171,106093,106355,13237,2068524,2267271,2478,29169,42294,50378,70369,7521,8096,8715,94025,97782,98707",1752286980,2025-07-10 18:52:31.513517
cf53cf59-8e62-469e-8376-09e19be24739,741e4656-eec3-4086-b569-e504e3c17142,"107922,1910,35730,75298,97639",1752286560,2025-07-10 18:58:31.529937
cf6390e6-0f7a-4942-b2f8-643179fa1ae3,68a916cb-0e52-4006-8e27-2f1a911b0940,"106355,11275,2084344,2877057,30439,68987,96248,97224,99263",1751774825,2025-07-09 06:06:20.285942
cf6477a0-27ea-4c65-b052-4279e21f180a,5c5cbad4-57bf-4acf-9ec7-9df01ef4e83c,"103680,105396,2147200,45775",1747534101,2025-07-09 21:25:31.482511
cf69bb95-c0b7-4719-a780-2ced2af5f5b0,3995cf4f-b626-4cfc-9bd7-97cef8eb145b,"105407,11632,42294,62721,62782,64427,70399,93978,96709,9729",1751653801,2025-07-09 19:25:31.714795
cf8fb206-9170-45c0-82f4-0b333491a164,1b307e73-d66c-4a9e-a834-076bd5c8efbd,"20795,64427,64690,86373,88463,96225,96625,99216",1749241871,2025-07-09 20:31:31.402227
cf957890-62c1-4a3f-8311-d53ef014a4df,ad09ff14-4498-4f49-a23f-08846936b6e6,"101731,2155604,98544",1751704590,2025-07-09 19:10:31.750627
cfc48db6-0b68-465b-a2f0-e32922b3fd48,e55e8af7-5eec-4eec-8dd9-1f3359a914d0,"105326,22301,25156,2860743,35348,40336,5376,62782,96670,99216",1752024204,2025-07-11 00:16:31.65555
cfd4dec3-a7fd-42ba-abd9-16a880bdf513,0f3ec9de-d260-4da4-8349-074064bac013,"100154,102494,12360,1639,17129,2031385,24702,25652,2607,29171,42294,43137,53561,56285,66320,74889,877,89482,90997,94601,94631,99255",1751649891,2025-07-09 20:40:31.784592
cfdf6642-dcc2-48b5-a837-c35061f02b39,1836405c-03a0-4507-9a87-c9a5ca978f30,"1254,27605,95933",1752292370,2025-07-11 05:37:31.442568
d012d18f-75c8-4bcd-adf4-d74cffce50d6,7b1a5df0-7bd9-4e85-a23f-1e38e307c06a,9496,1752245812,2025-07-09 19:04:31.645408
d0428687-cdf6-4b4a-aa4e-3743e577358c,ba3316c9-784b-4786-a73e-f288358f08fc,"105266,109285,1662,50679,6600,94817",1751426620,2025-07-09 19:43:31.642855
d076cfd9-4049-4e9f-8a69-2ad567b25122,3ff8d6fb-f9b0-4cac-bd6d-5c0ec7d316bc,"10421,11632,12775,38441,53561,5764,58583,599,65902,94062,94097,96977",1752465105,2025-07-12 12:43:31.31274
d0a772c6-4057-455e-b724-dde100dde9f2,f9923574-f66f-415b-beba-ab97626d88c5,"106274,109684,2214693,2815584,71995,83666",1751571918,2025-07-09 20:58:31.613441
d0c53af3-fc83-4c3b-bae9-2e20b4ae92d6,4afa0479-efaf-4c10-b302-741075b47765,"104485,105626,107760,108513,11520,1254,1662,23425,24584,2551,25652,26891,3229,37132,50679,71936,77392,82369,85163,93015,94443,94776,96083,96446,96699",1751336992,2025-07-09 20:43:31.463099
d0e88e2e-3568-4944-abc0-95dc3ffa64ff,305afbec-7571-410b-953d-b7a8bb01fcae,"11275,40972,81842,86325,94776,94800",1740929931,2025-07-09 20:01:31.36324
d0f27dfa-ccbd-445b-9a8b-dd05cdc7e5dd,5f683f21-345a-4cf1-bb87-efab9963d671,"2191162,2254129",1752383410,2025-07-11 19:10:31.371089
d11aeac1-da79-4220-9c64-75f803878ab5,a3c44605-fbbe-4ce3-87c5-243d5968b2df,"100833,105421,42294,64427,83390,85774,89482",1743044112,2025-07-09 20:34:31.516539
d1250894-fc08-4d2b-a413-654454a98ca9,8be5cb1f-b4fc-4443-bd10-468698c81e7a,"107577,107757,11275,12597,12992,17995,25652,35348,40549,43575,62531,71406,72397,77946,850,88463,89482,94443,96083,98610,98700",1751783740,2025-07-09 20:37:31.608351
d14c8abd-8e2a-4a2c-954a-dcce22f312ca,30d7aecc-1e3d-46c8-9437-37812ea80587,"1662,53561,62974",1752370078,2025-07-11 05:37:31.442568
d14da574-5097-460c-963f-01cb78196f44,3e32509f-4d2e-4d93-8dc6-26edf060f7da,"107994,108880,1910,27605,30197,92283,94169,96977",1751401438,2025-07-09 19:43:31.642855
d1616662-b10a-4f7b-80b9-c87df4de94bd,312ad6f4-146d-44e5-8e06-3f54815e51db,"104475,8445,96977",1751413505,2025-07-10 19:01:31.560317
d1666fae-b990-470c-92b9-875c83e2ea29,a1c8ff0d-6156-4555-83a4-f041209ec12a,"24070,83811,85510",1751597951,2025-07-09 20:31:31.402227
d170ec0f-e428-465c-b635-ae5228f6226b,b8690927-15ad-4477-a53b-7b418aa2f7b9,"107285,16937,24259,2607,38441,42294,49705,50523,52394,61602,73064,82309,91262,97078,98461,99216",1752458857,2025-07-12 12:37:31.584738
d1a852ab-f32b-4c21-833a-de771bc4dd6e,0f6d09fb-b40f-440b-bd9a-06a803c3cb5d,"102173,109503,110519,23793,24250,41097,80749,82069,85110,89346,95272,96372,96709",1752459653,2025-07-12 12:40:31.55665
d1b5c219-ffba-41c4-bff6-5d6a177f17ec,d4d31362-4a14-4d4b-94fb-3f7144d8306c,"102408,102409,102974,106550,2214693,25652,2864133,30308,30940,35462,41026,48574,65959,8613,90074,93733,95470,97304,97800",1751606832,2025-07-09 06:06:20.285942
d1ce0b8a-06ff-49bd-9f2b-921a93a59ed4,cb82ecd3-e810-4f95-9f46-62a4046ad998,53561,1751223656,2025-07-09 21:07:31.368637
d1cf46a0-e243-403b-8817-bcaab3f6b29b,2f2776c4-72fc-4466-bbeb-c670f2d12b60,"103381,105826,106641,2142231,2209633,2832280,2832282,98741",1752208874,2025-07-10 18:58:31.529937
d2075217-a19d-4396-9b03-5b7e30963793,9dcb5467-daf4-4d77-98da-377b2506751f,"102420,107740,107858,109126,86829",1747069485,2025-07-09 19:46:31.620522
d209d62b-2a1a-44f9-9d03-71d31ab8332a,5f997622-5396-4fea-a159-e317cdc7cd47,"105578,23425,24092,27690,2839482,48574,53561,61602,89465,94599,97304,99216",1751675995,2025-07-09 20:28:31.628044
d20d0b30-55fa-42a3-ac40-169b0643e91d,d905f745-2e99-477d-b5e8-679cb0d5c7f9,"39201,58658,82308,98700,99403",1752204838,2025-07-09 18:46:31.426409
d22eb475-5f5f-40da-b7e6-d97b9c1bc112,28f0d68c-0669-408b-ac68-aa8358b23c8e,"104876,32961,37808,38441,50523,64249",1752287816,2025-07-10 06:01:31.512189
d23a1df4-6da8-4bb9-b861-36fb72ef0232,c6bae310-6e5f-4297-a1ba-68fc1b3c7ba3,"106828,12397,17826,30505,4498,53561,58576,76470,81224,96372",1724821597,2025-07-09 21:13:31.422326
d252eed6-4d98-430e-8928-5dd0e5f13d16,e0dfb110-a1a0-444d-a748-ac8bd4996736,"107200,107860,108766,12597,25503,41089,55493,58583,58586,58658,61602,63388,69106,73907,80749,94601,94799,95681,97711,97972,97978,99216,99263",1750807801,2025-07-09 20:22:31.445516
d27d778d-834e-438d-b360-38420356207c,b7711b4b-423c-43ec-aceb-daff8f84839c,"105089,106550,2245404,24702,71188",1752427214,2025-07-11 19:07:31.675911
d2b19ffe-5392-455b-801e-8950f1b900e8,9175f7df-9dba-4f7a-84d4-2456bccb7517,"17995,48517,77946,83685,97338,9810,98557",1749694499,2025-07-09 21:34:31.499073
d2b5c5c3-c153-4360-b77e-b372581e11a7,9ded0314-2b03-4769-a783-b51ba5786340,"101460,1662",1751786390,2025-07-09 20:37:31.608351
d2c2bc0d-32d6-43f0-b9b6-b68c49bb7dc0,487fc95c-f6b8-4363-995a-6e8bc2b6ae26,"38441,53561",1752251363,2025-07-09 18:49:31.587698
d2c4b16e-f3db-44de-9b18-2e72f746bccf,a7ef8346-f916-4b8d-8953-547e82368420,"10765,7880,94776",1751391915,2025-07-09 20:40:31.784592
d2c500e7-d128-4fb4-8894-f3904aa27812,85e30056-f87d-4465-9ad7-e3980b5b09d4,"16992,61512,70811,94525,96083",1752034133,2025-07-09 19:22:31.604565
d2c64f96-3662-4feb-bbbd-00858fa2b89b,95e7092e-9d31-4336-a34a-f43cd087bce1,"105326,105657,106047,106672,107346,11632,2047817,2048239,2048240,2048243,2064240,2080757,2118504,2161145,22175,3229,51931,53561,58586,88185,94599,95272,97304,99161",1745339330,2025-07-09 20:16:31.381882
d2d23551-8048-47e7-aba6-416fb2831e35,8f5be983-f3c9-4861-8e77-94077af9d593,"104432,105531,2146772,2189917,2259980,54062,94227",1742356089,2025-07-09 20:19:31.511716
d2d92178-c044-4726-9b41-452253673bf2,5e99324a-5a24-4b15-8f57-3b3ff75f7d1b,"2103324,2103327,2103329,2106677,2232451,2871181,2871187",1751291612,2025-07-09 21:01:31.521295
d30b5084-2462-4f3d-910e-a31e05bede3d,e0957f32-dfad-4a83-af26-d28b26232e78,"105750,105918,108833,108880,108881,3665,42294,58576,61602,8640,88532,92259",1751173056,2025-07-09 21:04:31.429108
d31936ed-9185-4edc-84cc-11c3d06153e3,1d357362-38c7-4e45-ab90-04a1762eb1e9,"106005,108922,3946,47319,53542,83390,96610,96953",1751200813,2025-07-09 21:01:31.521295
d31b42c8-2a8d-40cd-89d7-586eb1e9b9c6,9ad4febf-d970-47a2-9951-fa78b07e2a3b,"1967786,2094185,2101440,2103056,2133571,2148246,2858347",1751320837,2025-07-09 21:01:31.521295
d332ea82-ca5d-4008-8a12-7b2a29a8a279,e4c5a27e-a1f8-4671-8cd8-df52b57f1a0c,"11275,11633,12010,24250,28222,3562,48574,51931,52394,58583,58586,58658,94601",1752215810,2025-07-09 18:46:31.426409
d38c10e9-60ec-4172-9c6e-78781227cd77,e12db305-153b-4a90-abba-3c4a4006e446,"106009,10637,106413,106500,107103,108892,108924,109909,109910,12542,2855138,4498,48574,50776,58583,7521,96100",1751083078,2025-07-09 21:25:31.482511
d3d5f220-310a-415f-8442-b2b46288dbed,29b6cc09-e9d9-4f81-a48c-f4ce57b8e92e,"2047330,2061205,2061206,2061258,2061277,2061287",1730321743,2025-07-09 19:52:31.520152
d3d7e2c0-4fcc-40dc-aa19-ac9fe9d2aa05,505b400d-5b5b-4506-bafa-4397bd9d7f13,"50539,93978,94800,96610,9672",1750032349,2025-07-09 21:46:31.314864
d3edb359-4446-47bd-bd2f-42cbb222c341,ed5ca7e9-32fc-4bd9-b68a-180f6c85227c,"2208788,2230029,67966,91936",1752033518,2025-07-09 19:01:31.673767
d3f077ab-e8bc-4fef-998c-735f960833dc,888292be-23fa-4a64-993a-206a1cd1ab6f,"105594,108210,2055050,24999,44933,52945,5433,76470",1737422340,2025-07-09 20:19:31.511716
d422cfe0-beb2-4350-9fd9-a84c9f1727b4,56158dbf-dccf-43fc-9353-d9b8eeefa8f5,"100342,11504,25652,27605,3625,41020,53561,58658,85124,85180,88531,90542,90584,95933,96225,9729",1749406378,2025-07-09 19:43:31.642855
d441cc90-45c3-4312-97ec-89fc2bb4a7ff,a58279ff-e479-463e-b496-1d1bd8b977ec,"100328,20800,26616,50498,84181,87803,8828,89233,90015,90252",1751413430,2025-07-09 21:01:31.521295
d45a2b1b-950d-484f-af93-b8a2f520b8cd,a1ffd0a9-fbe8-42b8-ba07-9a5fffa62e8b,"101096,106718,107740,19221,2132647,61602,83258,85163,85180,86543,86754,94062,94817",1749081993,2025-07-09 19:43:31.642855
d45de58d-348e-49bc-a324-42982df2eef7,553fd1dc-17cd-494b-b9bb-c95b5eb4c1f7,"105414,107803,108511,2174719,2174750,4234",1751637217,2025-07-09 20:58:31.613441
d4687a79-0c95-4c88-bfbb-d96051c35dee,19c6f4aa-e55c-4861-b328-66bd47d3779f,"1952301,1977388,2016039,2031742,2089939,2094185,2838320,2857230",1752421063,2025-07-11 19:07:31.675911
d47af9b9-7f11-4acc-a60e-a21395c461a9,10b51791-b3fe-4e8c-bffa-ff810dbddb27,"11632,64427,86543,96083,98075",1751986821,2025-07-09 19:04:31.645408
d483fca2-365d-495c-a4f9-49c619914f3d,4c611263-5584-4324-b78b-f881f1d4542d,"13933,25652,64586,94800,96707",1751328657,2025-07-09 21:16:31.455148
d4b78091-f2b3-478e-b318-cccbf6f48560,d0c2341b-3333-4442-9d5c-f17d2b4e49ed,17119,1752028706,2025-07-09 19:22:31.604565
d4ba6fb6-6abe-43ec-a910-e332d22dafa0,beb74fec-c93d-4e4e-ac2c-61d1cf1d96a3,"108977,12010,18102,30070,37100,42384,58658,62662,79521,81224,89482,93978",1750977209,2025-07-09 19:01:31.673767
d4becb4c-5607-418d-88df-7b2872fd2cd1,9eb0154b-250f-40e0-af31-c2cc77f6e3a7,"105733,107358,21904,25611,48574,5797,81433,83647,91548,97284",1748660502,2025-07-09 21:19:31.485127
d4cdf462-809a-4670-a19c-df1d40a98430,a1c13692-ef3d-481a-ad8f-4d120dea7d34,"103744,2201165",1751226566,2025-07-09 20:43:31.463099
d4d750e9-9c33-4a97-a781-23fbbaffff66,03007e02-f034-4752-a88e-e8be4dd73192,30439,1752346501,2025-07-11 19:07:31.675911
d4e6d858-bd44-4b41-9325-0ab8e871292c,c869e07f-8a03-4b9d-bc20-17516993acdd,"102509,105626,107285,34337,36578,48574,83471,86035,86373,92673,96696,97800",1751341378,2025-07-09 21:01:31.521295
d4fa6deb-8046-4f62-bbb4-bb140c6dd0b0,12ccfae5-1654-4fcf-bef0-da7afadcfbfa,"107751,107752,1662,2237722,64427",1751686175,2025-07-09 19:01:31.673767
d536a7aa-d905-4522-b151-6b615502dac9,d926ae61-2c78-4d01-a98f-838ca30e616e,"2686,30505,37808,5403,57130,62531,6674,75100,85175,94776,9672,97066,99216",1751670573,2025-07-09 19:10:31.750627
d551fc3e-6a18-4a3a-bbd1-c9f720277374,a7e65f28-3f55-4e32-b84a-254f1dc18ce0,"104881,105626,107759,48274,48574,58583,85849,91262,91750,96142",1751770391,2025-07-09 20:37:31.608351
d58d4e2c-6b54-4e2c-a6cd-950d1442f11c,e41df8c5-955d-4ff3-89b9-af75360f2897,"103717,10730,26637,97550,9810,98781",1752129369,2025-07-09 19:19:31.413237
d5988cce-aef3-49f3-829e-1a5395126129,d689ec8f-8768-4b66-9435-3dc13d812592,26485,1752187461,2025-07-09 19:01:31.673767
d59c981f-7d11-4e6b-8c28-0fddafe3e0fb,4e4ffcc4-8455-4835-9952-60d078ecbe40,"12570,15493,3102,4160,45435,460,51261,62662,83129,91612,9672,96920,99263",1725588365,2025-07-09 21:49:31.460853
d59cd1ac-f159-4927-9b73-14febecd622c,13c7af08-86db-48f6-a418-651092ba80b3,"100001,103650,103669,1063,106838,107191,108735,109726,13046,19237,2138137,2148652,22069,22301,23425,24702,27299,45255,45259,52753,7521,80024,83230,83419,83707,88364,91619,92596,95799,95935,95954,96942,97006,99216",1752092359,2025-07-09 06:03:20.402123
d5ba1874-3dcd-4c2a-8d07-246999d25f7b,0e14ac2c-64fe-4c2a-8a7a-6d52bd998b7c,"1063,108733,108764,108881,13459,2255765,25514,26728,48574,5353,54704,58583,61602,75298,8595,86543,95097,98741",1751096756,2025-07-09 21:04:31.429108
d5c44d0c-008c-411d-9f0e-b349cc3008a1,da245065-a110-431d-ae1b-a1855b519124,"1063,1305,91691,99216",1750984365,2025-07-09 21:04:31.429108
d5c5a939-de53-4f17-a8f4-d808c7c5bb6b,59e8e63d-f1a0-46a2-ad08-23c961507375,"102420,107744,107759,107760,107761,108289,108661,108773,109348,2838502,2840106,40504,94800",1746463372,2025-07-09 19:46:31.620522
d5e0cb53-c33f-4dd4-846f-2bb9985bf0aa,cf38b1a8-e641-49f7-afff-9a8b51d5c8aa,"108092,11795,1414,17267,1910,2130698,2230028,44895,46172,65228,82431,94378,99216,99263",1750963766,2025-07-09 21:19:31.485127
d5f1bb26-993c-497c-a249-3ae8c38e9213,eb2e8341-e442-4408-9d6c-b02a2bbaba9f,"48518,48722,50539,58658,94891,99225",1728536258,2025-07-09 21:13:31.422326
d5f334a3-93f9-4106-a9d1-1001c2066ff6,cee90a10-8dc7-4f7c-ad26-824d0ae4b55e,"109194,13029",1750308796,2025-07-09 21:37:31.433645
d620b9ec-0cf2-48c2-94e0-3cac8177311a,8714802b-833a-4828-b3ac-715433c1d341,"107739,34344,5897",1751744153,2025-07-09 21:34:31.499073
d63475d6-a599-4d50-9256-9fd1631d165a,5191798a-b23e-4da2-bd76-3d048d487b97,"2086592,2164733,58576,97175",1744829507,2025-07-09 20:28:31.628044
d6445249-2d4e-4c3b-9bc8-a0ee593e35a8,470dabad-50ea-4c46-82d0-6d2d0df07940,"15396,1662,64699,95573",1751251675,2025-07-09 21:01:31.521295
d65cac01-d327-41ad-992f-feecd2f08d59,0c123a88-a964-4b68-aab1-0f659a4e3b8f,"2174725,2174750,28244,29521,31838,42349,58576,94227",1752182517,2025-07-09 19:19:31.413237
d65e5e63-28c4-485a-b4ca-c4ee30a3501f,4a4a51a3-86c4-4197-af55-f608239ac43b,"107739,12010,1662,53561,67567,86143,92450",1751401821,2025-07-09 18:58:31.654225
d65e71a9-bf22-4618-8c3a-f9d18ae6fe93,e2dbb084-bfb8-4e5f-b112-bdddf7024283,"107375,21053,21058,2194710,23329,2340,30498,3412,4272,5615,61671,64693,77787,94896,98883",1735709238,2025-07-09 21:22:31.50472
d66e1f36-cbf3-4a73-a83d-1c5382d9a7c5,261e625a-4767-497b-9f4b-b4d7a2f46a16,"105017,106189,106863,12992,16368,18283,2048239,2874888,48517,51931,55493,56209,6351,73907,83647,94599,94833,95353,97078",1752216907,2025-07-09 18:52:31.536339
d68361db-62a1-4502-bf20-9122387655d0,ef805cea-a592-405e-8e58-1a451b4ab654,"101796,104017,10638,17995,25611,26490,30878,37100,37262,41089,41097,42294,48574,53561,58583,58586,67147,85175,95409,96083,97224,97304",1751923427,2025-07-09 19:22:31.604565
d684e0e4-f4df-4351-be50-9a002a72dbb6,acc1d560-e28e-4cc1-a7f1-346e842bd730,"102403,107207,107465,14905,19231,2115,34586,35720,50382,53078,69106,69658,9067,98823,99216",1737431585,2025-07-09 20:22:31.445516
d685b1a1-54c8-460c-878a-732dd2d5fa15,ce79a083-4331-4c5c-8b55-6370c1a26ec2,"102195,103436,105924,107540,107679,107739,107740,107759,107860,48004,52826,85163",1752206761,2025-07-09 19:01:31.673767
d68e3b16-7029-492a-8a95-702e089ec6d3,875e969d-0722-40f3-920f-33fb930ca7af,"10638,107898,15791,53542,68987,84168,89190,96225,97412",1751938291,2025-07-09 06:03:20.402123
d68fc4e2-29a3-4003-ae0d-2cec092661d3,89c6ba80-70b5-4f92-a9aa-07b35b3d9be7,"15243,41089,64427,83129,86373,92433,96627,97304,99216",1736600292,2025-07-09 20:31:31.402227
d6f00d6f-9c0d-4548-90d3-9908f7b0649d,386b38cf-2a65-4ff1-ac33-97a1a96291b5,"102188,106817,53561,67799,88660,9367",1731950542,2025-07-09 21:28:31.336454
d6f940f0-dd5c-4410-b394-21015efd536c,8e4101d7-707b-4a23-9e1f-4436167e3b70,"100816,11792,15359,16632,30314,35683,38441,46130,48574,53561,5403,56285,58583,64427,83129,85783,86543,93978,96660",1752412886,2025-07-11 19:04:31.380296
d7012555-f41f-49ea-a613-4a1f7935f330,832f20dd-c927-409b-a23c-c032c25d4cdf,"2196245,94935",1752016756,2025-07-09 19:22:31.604565
d70df252-204e-43ab-ac12-9f1929876999,cac812bd-1621-48e0-a65c-5cc0604928e8,"104542,106398,18932,24702,58583,62662,64249,87072,93005,9854,98795",1751397852,2025-07-11 00:19:31.492721
d722bdaf-e404-40c3-b72e-d7b6f4853dfe,adc57c3a-c7a2-4a8c-97ff-deea6b1045f7,"102968,106343,106344,2139863,5614,6485,79796,85360,96193",1724183136,2025-07-09 20:19:31.511716
d72515e6-ebc5-499a-afed-a62e88b9abcb,c64bffc5-4785-4072-b4f9-a4b2586c68cc,"109194,2144967,35348,69708",1752466476,2025-07-12 12:37:31.584738
d72a15dd-f8e7-4775-8cb0-84fa3df4d58d,606c29b4-8b04-49c6-a05e-4f15dd1827d1,"105073,2052,24702,5376,90409",1751844970,2025-07-09 06:03:20.402123
d7432d9c-9495-45c9-9196-b4ca986733c7,46fe88e5-3c96-48bf-af4f-517421c88a01,"30878,45782,85849,95406,97787,99344",1748188536,2025-07-09 19:52:31.520152
d754aec3-2090-445d-b1f4-29d6da1665ec,7e1b3ebc-25b0-40e9-a17a-9dbf3cffa649,"10638,106732,107895,107955,108295,11275,37808,39201,5897,79524,82308,86543,89367,98075,98700,99403",1752025902,2025-07-09 06:03:20.402123
d75fbfff-4a8c-476a-8927-932edfeb9e32,97609d36-1d94-44ca-b093-9ecad1fae9e7,"103381,24120,5353",1751076600,2025-07-11 00:16:31.65555
d766c05c-2e9d-40a1-bb6d-657be920f203,6c640078-24ed-4fbc-a16b-cda60817c16e,108513,1751852379,2025-07-09 19:07:31.585047
d773622d-e116-4f9d-af73-6edd81c9913d,932941c1-2691-4952-b195-cac86bb4fd16,"10057,101097,101731,102076,24092,24536,24702,33580,35348,35462,39201,67937,79524,98716",1719618998,2025-07-09 21:49:31.460853
d783debe-da58-4402-9b6a-9671780f1898,26617954-0cd8-4e44-9fdb-d90232843d65,"104176,107751,107860,13091,1662,94268",1751248232,2025-07-09 19:04:31.645408
d79ec296-a279-4347-96ad-24b8aaef1ebe,80fb8819-15fb-452a-8289-222d704d23a4,"103024,2030982,2041648,2044876,2132753,2132805,2156891,22406,2833280,43575,88604,93978",1752267904,2025-07-11 05:40:31.338301
d7bb531f-186a-4e84-b458-144317b3a6ac,9e98f064-f0e2-4f0a-938c-64abe0746926,"105688,108880,108881,108922,108950,1439,39801,47755,50539,58658,73064,824,87546,89272,91788,94443,95097,96397",1750297577,2025-07-11 00:19:31.492721
d7f7a08b-42ea-4647-8d34-62419a75c115,61f6f72b-c67b-40e1-9502-b52b8bc19882,"101097,101452,102327,103161,11633,13011,13012,13240,2156,24092,27690,56285,71936,77150,83129,86392,878,8906,90522,93146,94525,94773,94800,96701,97101,97712,99216",1728672321,2025-07-09 19:49:31.570096
d811a8eb-550a-416d-8178-dfff9ead1007,65111857-dd54-48b3-930b-7bfab8f13525,"2811916,2846518",1751260827,2025-07-09 21:01:31.521295
d81890e3-d9bd-481b-bae4-d872da5d39a3,3191917f-9da6-46f5-ad59-77ef67b88708,"1662,2174750,2179932,31838,37808,40214,51215,52394,79524,94227,99263",1751945571,2025-07-09 20:37:31.608351
d82845e6-2d18-48d5-9e34-5b82c1dac84a,e8ce3903-ac6f-4b34-9ecd-a0b73617150e,"109406,2052,24339,25503,58576,58658,83129,86543,96083",1752002725,2025-07-09 18:55:31.759641
d82a8f9f-6969-416a-88cd-515b51d88bc3,baedd91b-1127-4efa-839a-085fa795c518,"102913,11275,11632,53561,93978,9672,99216,99224",1752084639,2025-07-09 18:52:31.536339
d8491c65-c8ca-43bc-88df-1ab5ea605f05,67a77278-473a-45a9-89ee-69fc173990b4,"105665,17119,17915,2196585,53565,79521,96802,98700,98781",1752035099,2025-07-09 19:19:31.413237
d84d8aca-b8fb-43cc-8b9d-0cab18ef65cd,4c17e775-4f9e-409d-9b19-eef6d4e4c25a,"101008,104809,26972,31838,90671",1751843668,2025-07-09 19:37:31.407534
d852d75e-e538-4117-a962-21e91eea6810,70b8ae82-f851-45db-911c-4eb3e51b26a2,"102105,13138,24250,24981,2802,62112,81402,91191",1751578860,2025-07-10 19:01:31.560317
d8751aea-7ba2-4756-ab99-1389fe89537e,d1219c09-eada-4f66-9f33-bfbc056aea4b,"102923,105931,14001,19219,29431,61602,62483,82042,99483",1748688273,2025-07-09 21:16:31.455148
d87ae877-0c1b-4436-af39-f4990edee090,c9ab6ba0-f1cc-4822-ab9e-e81a39f792dc,"58583,80749,94227,95470,95689,96225",1752291987,2025-07-10 06:34:31.299504
d88d177b-628e-48df-a088-e1fda25572c8,6beb6559-b975-492f-9748-bc8c7badb64a,"105766,16632,22793,28832,54107,84942",1745550900,2025-07-09 20:28:31.628044
d8920f7d-602d-4620-ade1-9d2582ef070c,cb85af5c-28b0-43dd-bdc5-98d6cfd99785,"15557,19231,2118496,2210891,2240933,38441,4498,45559,4852,53561,59043,64427,6674,69106,8445,94113,95674",1737940179,2025-07-09 21:46:31.314864
d8b7a86d-f763-47da-9564-c0f8598111b8,604ba9a1-5e72-42d8-8865-b873f44d47bb,"17060,18176,2478,2823418,34770,41795,44169,4881,51413,56084,58583,93672",1750451724,2025-07-09 21:25:31.482511
d8d92ff7-34f2-49b3-bce3-b14f861627cd,34d90738-eae7-48fa-bb1f-810de0a00f8a,42942,1714998139,2025-07-09 20:19:31.511716
d8e28502-2e26-4ce8-8882-bd0aae955efa,1a437054-a585-469d-8e63-1908cd5f0038,"103219,23425,41089,63587,80749",1751411115,2025-07-09 21:28:31.336454
d8ea372a-3b69-4d1a-bc38-cfb74d054b20,c19c6714-a7b8-4587-b498-947162856b7a,16213,1752182228,2025-07-09 19:22:31.604565
d8fddb8d-8d38-4903-92a2-f3af52d56bde,4994fd52-5657-4fbc-9a5a-d24274aa08de,"104809,107153,107995,42294",1750335965,2025-07-11 00:19:31.492721
d8fe05ab-9023-48fc-aa8a-5e44cd02830e,3ca81c7d-95ed-4fea-86df-f0c3c0b84060,"105529,11275,25503,56846,65905,85180,93978,9672,99255",1740949073,2025-07-09 21:40:31.522517
d925cdef-d3e6-413c-9fc9-3dc6a8430ace,92e3db9d-6268-4eda-9125-df369568feea,"101369,101820,103486,105017,107760,107858,107860,10791,42294,43137,45782,58583,58658,68297,7521,80024,8096,87839,91202,92301,93868,94025,94631,96802,97055,97078",1751324576,2025-07-09 21:04:31.429108
d9360f85-bdc5-4277-a1d1-cb29aed0a832,89b70dfd-92a7-4941-a618-eb3d8e9ee4eb,"13587,1662,25708,56846",1752321237,2025-07-10 18:58:31.529937
d94b4d6a-a774-4ac3-bf6e-5d1d8fb92b84,88f47ca6-1868-4d98-85c1-a670cca7f863,"105455,12913,25860,38441,43324,58583,61602,70855,80749,83129,86543,94817,99216,99344",1751753911,2025-07-09 19:07:31.585047
d9906642-fd26-430f-9f8e-aa0e6c348ba8,591240e6-ddb8-4340-af27-e2bc5ca47afd,"2053376,2194009,23425,2851737,30070,48574,55524,78,99216",1752102896,2025-07-09 18:58:31.654225
d99076e7-6edc-4fbc-8f34-eb33be93296a,db481eb0-c94e-4a1e-944f-2f472f178eb9,"105917,106246,106564,2202487,47551,82818,8813",1751411876,2025-07-09 19:07:31.585047
d9ac497a-22ca-48cb-8a87-0943e901dc87,0b9747b6-48ab-4f23-8de2-823ed666eb2b,"104100,106551,2158523,260,29843,3012,53561,5376,58576,58583,62662,66320,67149,86525,97092",1752118099,2025-07-09 18:58:31.654225
d9beabe4-d723-4834-bafd-6b655f61eb3f,0f5401b7-f02f-4cbe-b975-da552fab0a83,"101033,10594,16124,2030980,24070,2607,2835292,2841778",1751631597,2025-07-09 20:37:31.608351
d9c60661-1b02-40be-8257-d71778743d21,5314aaf3-a0b3-400c-a6ae-bb51e09eac64,"103939,103991,104935,105265,106732,108663,109146,109208,42294,43144,52394,52528,58576,58583,58586,64690,96083,97304,99403",1752356387,2025-07-11 00:16:31.65555
d9cd98ea-e36c-4596-9a60-d51f7307d523,6813011b-b9aa-4847-a6a0-af96dd5b9a6a,"105723,16612,2817712,35236,67594,68177,96426,98747",1752380181,2025-07-12 12:37:31.584738
d9f6e2f3-2038-4d4a-8750-3df556f91cb8,035d2fda-66f4-4354-834c-6514d9f0957f,"10395,64249,68751,90584,97006,98358,98707",1752013831,2025-07-10 18:52:31.513517
d9f74363-fc47-48e6-9894-bde664554d37,4b09ffff-5075-4f6d-a97e-aadc04242a38,"104204,105626,11632,12775,2025144,25004,31758,45435,45783,46269,47057,58658,68297,73041,76412,76470,81813,87333,88497,96660,9672",1739946124,2025-07-09 20:16:31.381882
d9fab49c-8ff6-44f3-99a8-bc3ccc027d6d,5c08b2b0-b042-431d-ac84-aa4658ec4057,"100775,104240,109481,2237597,25503,2846287,29843,58583,8420,91231,94599,98675",1751858290,2025-07-09 19:25:31.714795
da1571c0-4688-4466-a7c7-3dcd4311215d,e8dd7670-c33c-4cca-8ff8-d204ca43bf8e,"107155,13078,30335,3133,37808,5614,58658,61602,93007",1751370398,2025-07-09 19:52:31.520152
da17db1c-57b8-4421-a481-dc8acac6fbd2,2cce5726-8857-4fd2-b015-7feb032e32db,"102409,104919,108013,2052,83471",1751482314,2025-07-09 20:58:31.613441
da1b56ee-9c99-43d1-b166-b6053eae5fdd,d97370fd-748b-408c-accd-9784f2f7074f,"107340,2178734,23063,23425,6204,77349",1739597096,2025-07-09 21:19:31.485127
da229597-17ea-4e8f-8c0c-ce3e2883a9e5,49c968d2-3ae2-4f5b-b797-fc13ebbaacdf,"1910,3227,95933",1752037182,2025-07-09 18:58:31.654225
da5a8050-4d66-431b-95e6-d1701fea4d1b,387e00aa-56eb-477c-8bfc-c83f44ac7b9c,"106500,39334",1752072070,2025-07-09 19:04:31.645408
da66a231-2dc5-4144-9410-fde4579a0346,6264c220-0620-431b-9a44-3a9e91b84c65,"105723,109580,11632,11792,23425,24702,2802,38441,44934,4499,48574,53561,5524,58576,58583,59332,64427,80749,8445,85175,94060,94601,94631,94800,95272,95687,96249,97080,99263",1751515798,2025-07-09 19:25:31.714795
da7898ac-c061-489f-a29b-3ce95d754f77,9155b4cf-5b85-48e2-9a78-83f3e06c23c3,"11275,2164792,25503,26485,30505,46130,46269,58576,7573,94601",1752131578,2025-07-09 18:55:31.759641
da7a0096-ba09-47ae-84e1-7f7d00d91b4f,cc1cd07d-5d09-43af-aa23-8ec3549a0cde,"104650,104744,107200,107711,108295,108336,1484,16368,2212170,2478,35254,4881,58583,71921,87931,88845,98675",1739126369,2025-07-09 20:22:31.445516
dabf79f8-c6e3-4b3f-9e6f-26aa3d39b8f4,ad80b289-95c2-4970-a479-ad756d1a2c4a,"102084,108303,1254,13029,1662,18283,2059404,2131990,37444,50523,61512,61600,65289,68987,7521,82308,82309,90755,93978,96083,96248,99225,99263",1752104107,2025-07-09 18:46:31.426409
dad14f14-a0ea-4be0-b170-49aee1eb3824,248512d7-02a9-4265-974d-b69510b1360b,"104426,108013,13524,86323",1751439225,2025-07-11 00:16:31.65555
dad45196-32d6-4387-93fe-5a06b2d972d8,7955ea0e-dc4e-4ec4-abd2-e8900bb5f162,"107651,108301,45782,48517,58583,68987,96699",1752291774,2025-07-10 18:52:31.513517
dadc7ef9-058c-4368-a4e1-86d0f9b4a4b0,e1c6388a-6c7a-400e-82c8-f1dffc806511,"104876,107330,13083,19085,24562,5376,5461,58576,64427,76470,77885,96249,96977,97092",1737423167,2025-07-09 20:46:31.392832
daea84f6-ad54-4770-95e3-ea15f6878094,b143067b-5988-4db6-9055-9aa688e3610d,24070,1751755722,2025-07-09 18:55:31.759641
daebe11c-1e93-43db-b52f-eff28d9e188a,742f1e26-7204-4a46-8fd2-f643407ddd83,"101033,106147,108290,53343,62524,72028",1736835913,2025-07-09 21:46:31.314864
daec8a08-159d-44aa-b9a3-2bf8d4e8fb6c,1e7ae954-9c06-4abb-8a55-4b9bfcf29cc6,2181404,1744079600,2025-07-09 21:40:31.522517
db11911b-3739-434f-8ba2-4fcd331682a2,b967e390-b8c1-4f01-a210-8686b5945aba,"101095,104876,107752,16632,1763,18283,23425,48517,50679,71936,94817",1751654209,2025-07-09 06:06:20.285942
db1bfe0d-d1dc-41d3-a040-cc650222c1dc,9b1e6e21-95bb-4ec7-b9ca-f7bdc8696287,"77885,90584",1738199410,2025-07-09 20:43:31.463099
db27c6ca-e1b8-449a-a21e-944205710aef,f82eb720-92b0-4772-8e0f-e68d54d1e5bd,"104627,106521,106523,107739,109135,29226",1751684065,2025-07-09 19:10:31.750627
db29c4ca-3c39-4f1d-b156-9189774e9220,31dfc717-64b5-4a7f-994f-5a57138c7976,"10171,102228,102517,102615,104143,106030,107540,108608,109533,109910,13825,1662,17906,2850936,28805,40966,44546,49005,5123,53561,58583,61602,64427,94097,94206,94378,95583,97304",1751752797,2025-07-09 21:34:31.499073
db2d20b3-26d2-4704-906a-0973b0f9702b,d8e55a68-7f12-4437-b872-34bffb145b0d,1662,1752148355,2025-07-09 19:04:31.645408
db39ed78-2fcd-4ad6-acdd-9fd053e531ce,9d49e15a-4ffc-4d09-be3c-8d79979c9b04,"104100,26650,53561,5403,67736,77825,7828,96953,97304",1749827023,2025-07-09 20:28:31.628044
db526671-466e-4e05-9750-56aa9d526a51,fa375f82-25f7-40da-a8e1-cc74ea36e18b,"102917,107346,108417,46269,61512,79712,85180,9129,95353",1750636899,2025-07-09 19:52:31.520152
db6ed910-7a32-4351-9ec9-ed286f123b22,7e77c05e-5c5c-4cbd-9d9b-fe703a834f07,"101730,106743,107902,11632,20795,45782,53561,53565,67594,73907,75298",1752474632,2025-07-12 12:37:31.584738
db70e327-95cc-4828-8ad0-693685eea831,3b521765-9039-4596-9aeb-e7288f522dc9,"27605,43336,97078",1751415675,2025-07-09 19:25:31.714795
dbd8c690-be49-4eaf-9538-e5aa475088c1,3d7ae783-22fc-4800-be19-55b34531f331,"13007,79524,83129,92261",1752272676,2025-07-09 23:28:31.266574
dbe482d4-b19d-4e6c-9fc4-76ccc0a0aaf4,077dbfe9-42aa-455d-b3e5-e4e980bec983,"106076,13091,37808,46269,53561,7521,83696,94378,97711,99216",1751311306,2025-07-09 19:52:31.520152
dbe938dd-4023-42e2-9a64-0141865947d2,39a4fa35-20cd-471d-8800-2c8029408f7e,"2147661,2148515,2158341,2202587,2205111,2230176,2814126,2814127,2814128,2851044,2851047,2851048",1748051616,2025-07-09 21:25:31.482511
dc114070-cefc-449d-b640-83ba61873f6e,5a4f36c5-bece-40d6-9b01-58389b8b6bcd,"2048240,2053376,2059404,74434,813,95357",1749634533,2025-07-09 20:34:31.516539
dc134ee2-3bed-46e6-8dcc-e10f00b1618f,d47de694-40aa-476e-8776-d0e5a2dd97ab,"101002,103650,108365,12010,16992,2810984,31065,35740,37100,46269,58586,87315,88864,95918,97338",1749344338,2025-07-09 21:40:31.522517
dc2eaebe-1a25-4a03-ac86-a190e530cb53,1317ccad-4e1c-43b0-bd4a-17a39ea11cb6,"1254,33235,37132,39201,58131,70586,94525",1752081883,2025-07-09 19:37:31.407534
dc3974af-5549-4880-9544-bbe9c184f3ba,5cfeee41-f28b-48e0-92b2-989af73cb069,"109566,35632,68177,82818,84858,94800",1751487085,2025-07-09 18:58:31.654225
dc4b0682-d7d4-4536-a47e-e047268f0e2c,5aafa157-f7cb-4e39-aaf2-e4c7ba633272,"102172,106382,107182,108060,1985,51931,65902,91936",1752238167,2025-07-10 18:58:31.529937
dc4d2df6-e0cb-474c-aad1-65405db8b9f3,18e4eb3d-558c-48c9-8ee8-9516f4f7238a,"42294,4498,4723,48518,62007,91473,94443,96545,99215",1736860227,2025-07-09 19:49:31.570096
dc570a0c-9fd1-4099-9b95-6b328249e5b4,437054d2-4f91-44ef-a579-1e3b11737c4d,"108337,108513,11370,2478,38441,94599,96083,96230",1751843006,2025-07-09 19:04:31.645408
dc921c1f-2525-47b4-8f6a-54f817be285e,f99f65ae-9c2a-493d-ad87-7e33247332c3,"102426,103224,105326,108848,24250,29431,30195,33884,44897,72397,76859,81402,81976,82008,90661,91068,97978",1746896709,2025-07-09 20:43:31.463099
dc99b521-8355-43bd-a06c-e4d870645182,ee17f580-ac0c-4fd8-86fa-84dd5f911984,"102084,105773,107860,109746,34201,35632,58576,68297,68762,7521,80024,8096,82308,96802,97078",1752287730,2025-07-10 06:01:31.512189
dc9debcb-3953-4011-a4a3-a685ad8dc91a,36ea05ef-d5fb-480e-9950-8c4ae80278cc,"102173,10510,27605,40091,42346,49705,50523,56209,73064,99216",1751950866,2025-07-09 18:55:31.759641
dc9e2cca-a52e-473c-adec-dc6018ebcfe4,0351cd1e-3e21-477f-b26b-d33aa1523f8b,"104876,107657,12397,29843,38441,58583,62008,68987,93015,94631",1752080863,2025-07-09 19:22:31.604565
dcaa80c4-bc31-4834-9f66-19151f48c6e8,741d0c09-58f1-4c2c-96ea-8d9b53cc5f6a,"102061,103161,106474,106948,109530,110083,110084,2025750,25615,38441,40527,53561,57096,73288,92301,93811,96660,98692",1751000599,2025-07-09 20:31:31.402227
dcc68278-70c0-4060-85f2-ae3575f38167,6e58a7c4-c8e7-48ca-a39a-cbd1f46373b8,"107276,6603,80869,9107",1748386585,2025-07-09 19:49:31.570096
dcdd3da1-029d-45e4-bece-a94d078cb044,02ecfb35-bb96-474f-871f-e9de7fce3bcd,"107285,108112,109285,1910,27605,46829,48004,62570,86830,97224",1751944903,2025-07-09 19:37:31.407534
dcdfe30c-9b61-4e4d-9c86-8cd0770da87d,0ed5e377-7c4f-4c91-8454-1d554ce27e8f,"107394,11275,36490,37808,46130,48517,48574,5897,61602,82308,83129,94631,98700,98906,99403",1752372011,2025-07-11 19:07:31.675911
dd250704-3d4f-4cd3-b1a1-5633c8e3e3e1,c53cb3df-4a1b-4b80-b211-0f50cc1fedf1,"101348,103166,104480,105769,105942,108881,2189,26891,31838,50500,62972,85605,91702",1751423042,2025-07-09 21:01:31.521295
dd38ec3f-c43f-4b0c-b3c6-98abef224348,312a31cb-d940-4940-97c4-6b7f438a3b93,"105667,12010,16083,16767,34588,81402,84942",1746593050,2025-07-09 20:22:31.445516
dd4b945e-0a7c-4cc6-8672-9b22f76ca99b,18ffe37d-2eef-42c3-8c1e-71468ab07590,"101708,25652,3227,58583,61602,64427,8715,93978,94631,9819",1751646304,2025-07-09 19:10:31.750627
dd5b612f-b6d2-45a2-ac5f-8d7f2bbfd68d,a6ee0cfb-7e0f-47d5-9381-fd4eac1e8116,"105973,37132,50530,51262,70737,8600,97144",1737084127,2025-07-09 21:40:31.522517
dd5bda99-2b1d-4d60-9d68-6a74621fb5bd,5f1f9224-2744-4482-91a8-d2cefec16e46,"101659,82309",1752121747,2025-07-09 19:10:31.750627
dd734d43-4c47-4d33-b20e-cb04093e9a57,d2314b4a-955f-496a-a9b2-e23c057cb1c8,"107860,1662,42294,46269,53561,58583,6114,96083,9819",1750716224,2025-07-09 19:46:31.620522
dd79b1f3-8aaa-4721-a874-91ea42191e6a,72f8dda9-d6e3-4a32-92df-6a8d6fab9a89,"102331,105018,106041,107739,107740,2144967,45113,51931,53561,78866,90991,93868,93872,97147,98675",1734708354,2025-07-09 20:19:31.511716
dd88bbf6-8fb8-45a9-915b-55036eb1fc55,3d7fd565-6898-40f8-b492-a870204bae01,"100816,19221,29843,46269,5376,88093,94961",1752425664,2025-07-11 19:07:31.675911
dd8cc925-1c4d-49e4-a092-65fa85b95616,5d9d0f79-d413-4228-aa43-684111b3c4ad,"101731,15316,29428,41089,46269,64249,68297,772,87792,92396,93005,94227,94631",1751675490,2025-07-11 00:16:31.65555
dd9e8d31-747e-4951-b982-f74a01ed023e,57345d69-e27e-48d0-beaa-3d22067cf475,"48574,58583,58586,97304",1751822063,2025-07-09 19:37:31.407534
ddaed627-c849-4a80-8143-e224c74edc85,fef3c348-bc08-4cb0-aed2-bbe4e5e74556,"24070,61624,62782,81812,93738,93978,94800,9672,97304",1752258760,2025-07-09 18:46:31.426409
ddba8d72-04db-487a-b024-748f1de98b1a,c2319b56-466e-4313-ab14-acf4e4e28b82,"107867,58583",1748488493,2025-07-09 19:46:31.620522
ddc742da-38a5-47aa-831b-776c4bd68a40,28d81689-036a-407b-a3f6-99d89d5169ae,"106498,107803,109506,110098",1751493852,2025-07-09 21:01:31.521295
dde8a6e6-cc64-42cf-8215-135e65c74538,95eddf2d-618c-4727-bbef-f3665af0edcf,"101881,104973,2245045,2818476,2860076,2860091,2860160,82309",1752278094,2025-07-10 06:01:31.512189
ddee6ea6-f279-4b38-a732-5e651434471e,e337452f-b5ff-4e0a-aa1e-030523a61eba,"2056116,2070836,2081389,2143914,2168388,2193589,2196786,2210934,2218597,2218600,2228660,2228668,2243281,2826535",1752037482,2025-07-09 18:49:31.587698
de0dfaaf-7179-4fe3-a3de-82d71f908a16,49fc4b4c-df6f-4da1-aea7-b83dbafd16ad,"88108,96547,99344",1745540262,2025-07-09 20:34:31.516539
de19dc5e-e18f-4c3e-8b6b-fa290338bc4f,461ac655-b9aa-423d-93ce-6567f499fa5a,"22406,24702,39789,46130,46269,53542,58576",1751837642,2025-07-09 21:16:31.455148
de2ed6f9-c8ed-4d45-968b-2726c4e4dfae,b6520927-37c4-4e91-8f42-61ec7df28b27,"2048240,46829,75298,92301",1738627217,2025-07-09 20:16:31.381882
de3656ec-e0f2-4db0-97ee-568e18ac6c6b,95829ad5-3bcb-4cc1-b083-3a3a564de54d,"104969,2086594,2115930,70417,95756",1716334903,2025-07-09 21:37:31.433645
de4c6213-3e97-4a7f-b280-5fbb5b2abef1,8e1b3ff0-ac96-42a9-b3be-e21109d49bfb,"100342,100343,106344,10638,24250,25652,26378,46269,64427,85175,89482,90584,92283,92920,94379",1751958734,2025-07-09 19:34:31.343546
de5b8803-5ec6-43d5-b2f3-80f5a05d3f63,1422470b-5850-451e-9802-b54c0717965f,12010,1752035053,2025-07-09 19:07:31.585047
de6da625-bab0-4b22-a537-5f31903c708b,451f416d-c727-4387-ac05-aead83d97063,"104203,105326,106240,23814,24536,29431,64249,68297,80024,81402",1752029129,2025-07-10 18:55:31.478294
de792730-0d9d-4595-b93c-9ec602afc2f4,7768c766-e2fe-48ec-aa27-bbd9d5c68957,"11857,24070,53078,95409",1751683316,2025-07-09 18:52:31.536339
de8e1164-031f-4550-8900-5ad6184d2e47,6d4ca5ae-a0a3-4a42-8777-4ca52020e3f9,"6071,94450",1751907104,2025-07-09 21:10:31.289723
debfc6fb-7060-4fa2-bbb6-6eedbec5b23d,22597c5a-1cd3-4291-8d08-e7138dd5b27d,"104817,104887,106104,106240,107972,2249524,2266666,2839223,2840,45774,55443,83811",1749343603,2025-07-09 19:49:31.570096
dec0c1a0-a0d1-4659-906f-5f8073ab6ebb,295d6ada-b75c-4b63-9fad-08b1e668f42f,"104641,17826,46269,85259,94631",1716608190,2025-07-09 19:52:31.520152
dec2ab16-9555-47b2-99d1-08e52f5c5dc7,d65eaff8-7c09-4481-8364-146060b7978b,"105283,105723,2218174,2829550,2832243,3510,81813,92854,94800,97078",1752023132,2025-07-09 19:07:31.585047
dec31f56-da78-4927-b57d-88e563e31890,9cc521d5-40bd-4f33-92c2-042acf8fa73a,"107285,18283,8715,91262,9172",1751637359,2025-07-09 20:58:31.613441
dec4ff41-e65c-47dc-abce-c3f82eaeac5d,2e69a367-1d3f-42aa-b530-1314b56646d8,"24259,24536,33585,50523,88463",1751319098,2025-07-09 21:01:31.521295
decc3e60-3745-4a50-972b-fa749e6d32c1,a5269b91-608d-429b-84eb-dc253c89bdf3,"105957,459,68987,7521,83129",1751926667,2025-07-09 19:04:31.645408
decc6b70-c65e-4d53-9df1-5c3f3fa04adb,70278bd7-5cb3-44e9-b217-7321ded1bc6b,"102173,10303,45782,58881,61602,8394,87377,94800,96083,97224,99216",1752115335,2025-07-09 19:01:31.673767
ded83df8-108e-4330-a9ef-0a8ba386983e,b9fcfdb9-7fe5-464d-b3c7-63b68952a5dd,"105017,12462,2813473,31573,39299,57130,8445,97304",1748387651,2025-07-09 21:40:31.522517
dee70593-0261-427f-89fa-bee3aa6b26bd,e0e66284-f05b-47dc-aade-66b87e9fa885,"107503,107953,108287,108513,108837,17995,40709,41089,65742,77885",1750554645,2025-07-09 19:01:31.673767
deff73eb-0ae8-4b70-8152-390d08e537f8,a5772d67-14e3-4616-b22a-da71d9324a4e,"106189,107044,109572,24536,31444,58583,94800,98822",1750211366,2025-07-09 19:46:31.620522
df124d7e-da57-4b0e-ab17-5c9d5235a41b,83aa21fd-d205-429e-bb13-72b7393bb861,"104816,106719,2068,2138134,2199859,2233250,46945,52946,92219,94800",1740295900,2025-07-09 21:37:31.433645
df1d948a-e43b-43f4-af32-b7abfee2dead,26cfe1be-79df-4f6f-81ea-8004577fb9ff,"1063,27463,30197,38441,42273,46269,53561,75100,81402,83696,85189,95573,97006,97711",1751001259,2025-07-09 21:22:31.50472
df223a22-a647-4c5b-b2e9-a741e9aa2edf,68622052-2811-4f1f-afe0-a1d0f39b5c93,"11633,12597,28701,58576,58583,85180,96699,9819",1750924273,2025-07-09 21:22:31.50472
df372c1e-59ed-4ed2-acf7-1e99c29ac500,bfc1c866-eb3b-4258-b5bf-79670fb7cb13,"105448,106859,107107,13827,19537,21058,302,30505,34636,37444,4701,51318,76412,78,80749,91001,94800",1751664736,2025-07-09 19:25:31.714795
df694ffb-f398-45bc-bdd7-4b8f92b82700,002caab5-854c-4ec0-b10c-b2a877d842c6,93015,1751255443,2025-07-09 20:40:31.784592
df6e0c7c-99cb-4719-af35-a8bdd5153608,c3018dac-7467-4127-9a53-2336191093e6,"102420,105917,13933,27212,3227,32286,44607,62007,77953,85175,86084,89163,92614,93872,95700,97078,9729,98736",1751547515,2025-07-09 21:13:31.422326
df75db29-250b-4ff2-9173-df1677b42729,122f0f44-0492-4e8a-a09d-7a812fc25c9a,"10411,104762,106245,107592,13095,2158,2255762,24250,37262,40503,45782,50523,52157,65905,69106,88108,94601,94800,96397,96660,96701,9672,98557,99216",1749440879,2025-07-09 19:49:31.570096
df7ad58f-22e1-4b28-9ba6-08231fcf2e54,6c7a0c51-d19a-4650-bc4c-7f6f3d6c46b6,"19085,31298,35348,51341,67022,69996,8420,85180,93015,94631,95750,9674,97210,98639,98700",1752006892,2025-07-09 19:19:31.413237
df7c2e0e-e3a0-4e7e-90f1-32f75ba787fb,c0796c09-085e-4b7a-8321-9ed2c7563cbd,"56285,89482,94025,99216",1741467684,2025-07-09 21:40:31.522517
df8b29c8-b590-417c-8c98-bc757b04f4c9,a9f4fe76-60f2-442e-9105-3fb7b6995fe4,"10098,10638,106499",1751831080,2025-07-09 19:04:31.645408
df8fa6a1-8e12-40b3-99d4-1c9c5989e7b0,97371996-31d9-48d7-aeb7-c70a097cce06,"46269,56285,56844,56846,7521",1751805166,2025-07-09 19:04:31.645408
df95f371-cacc-424c-94d0-973a8a98678c,96683f74-3caa-45aa-92f2-380a7ebcfe9d,"107339,2176646,22339,34452,35236,37612,38441,61512,68300,69106,83258,90362,94800,95272,9672,96953,97468",1743391186,2025-07-09 19:55:31.439331
df9688eb-0925-44db-a228-33b1d4fd9714,17d4aea5-1b49-493d-be38-2c8164c66bf6,"105688,105830,107153,108881,1414,39801,47755",1750307533,2025-07-11 00:19:31.492721
dfa083de-22e3-4519-8b6e-0004acb3716a,a9ab11de-8778-44a1-af05-ff7a1f0901e1,"104176,23793,25652,81813,96707",1751460271,2025-07-09 20:40:31.784592
dfa1c292-6977-464d-84ab-7feeebadf4ee,f3db0968-7d92-4fa7-89ef-bc479afef177,"103378,104693,105128,27743,34337,38315,38328,38330,8420,87024,91701",1751640018,2025-07-09 19:40:31.494332
dfb4986d-7ea1-42ff-8d3a-897c133e5672,4f39976e-f4b6-4e5d-995e-8aa7151e8568,"106413,109508,2202489,43320,64427,97304",1750978978,2025-07-09 21:01:31.521295
dfc3f38b-e9ab-481b-a52e-74cb17c9bdfd,c46ad3fd-cee1-41f7-b627-6a28d800bc58,"11520,11633,15686,1662,24070,30551,37132,5376,58586,61602,76859,80749,86828,92411,94025,96083,96610,96708,96729",1752172178,2025-07-09 19:04:31.645408
dfd13877-7f7a-4620-b096-ba6556444228,a1bb0790-c207-4c65-9d74-75263490d436,"46269,5376,58576",1752242068,2025-07-09 20:25:31.345235
dfd8c300-efd0-4715-9878-fb52b49001a9,d4fc3cc3-1406-4653-ac52-4f44ddf0ceec,"100504,101323,107264,107715,107757,1662,30505,35348,46269,48517,61602,67594,7521,76470,76859,82308,95493,96603,9839,98739,99147,99216,99403",1752463424,2025-07-12 12:37:31.584738
dfe9cb0e-0226-4b16-b999-d8c439b0b181,d03c3349-0916-446f-b58b-e7f13f68bb9e,"10817,110510,2259992,23509,2851763,35256,65202,65742,8906,89612,94060,94378,96027,97224",1752293077,2025-07-10 19:01:31.560317
dfee5d6f-65ac-4971-abc9-7f9131c3e266,b9bcb900-dead-407c-8128-7ef21887a9a0,"105115,1759,2802,29359,29362,3569,4498,61602,6351,66874,83258,94776",1747872638,2025-07-09 21:43:31.40037
e016fe69-964f-4ce8-8f77-b5008c6a71fd,a8782ddf-fc09-4a3e-a909-02aa304d99f8,"40157,48574,99216",1752296589,2025-07-10 06:01:31.512189
e020362e-d493-4fcf-885f-0abaf7b07ece,9cd4f0aa-6a7c-4c23-8c45-1e3dbd2932af,"100328,109146,11633,19237,25652,2607,28986,37612,41097,48574,51931,55493,69106,86543,94800,96701",1751648269,2025-07-09 20:58:31.613441
e02f9a08-95d0-4a5e-85d6-ec6409355ca2,66aa2f62-f9be-4fd6-9450-f15ba32b65fb,"103578,107860,2208688,46945,47071,5674,68297,69106,94025,94379,94799,94833,97078",1749783958,2025-07-09 19:43:31.642855
e03f78f7-9760-4087-a6bb-92ece0315cd3,57cf1971-32e5-4345-807d-ddecdb6ccf59,"101796,27297,28872,37100,38441,41089,42294,50523,53078,53561,61600,62662,66648,68987,75100,86543,91309,97210,99090",1752218728,2025-07-09 18:55:31.759641
e05a7ca2-be7e-4f42-ab6e-1fed5cea9d52,f80a6115-9242-48ab-b456-4e6856e6f0a2,"105917,107860,1662,295",1751350507,2025-07-09 20:43:31.463099
e063ca75-aab4-4220-b040-2649ed1355b3,a8eaa608-298c-4eee-bd60-781a1f907836,"102721,106334,17915,2150910,35348,36789,37132,43451,49002,50530,52085,62842,73907,88295,93978,94113,94894,9672",1728590048,2025-07-09 19:52:31.520152
e0b6679c-341c-4605-b8c7-2890ad98a353,33d38666-bc94-4525-b581-ae10d6cad40f,11520,1752456571,2025-07-12 12:37:31.584738
e0ce9987-a068-41f2-a141-0c7a8f79b5fa,56a09b92-c2e9-40c9-a871-db8c91287a6b,"107756,17906,26891,29431,38441,39623,84248,9819,99216",1751348921,2025-07-09 20:40:31.784592
e0d18556-db67-420b-a996-075a9207f879,0c13ad61-ad58-4653-bdea-da16a4f569be,"105089,107602,20020,30439,38441,79524,91213,94800,99216",1752289703,2025-07-10 19:01:31.560317
e0ec23a1-bf10-4283-9958-96e0aabe3479,6892ba4a-50e5-47d8-b124-a093baea3385,"10421,107540,13255,21878,2792,34232,73907,80024,87931,92053,99263",1751752561,2025-07-09 19:10:31.750627
e0f3eb03-78b1-400d-a339-15a6988a58cd,2d4dffc7-41fc-4233-a522-5ea117e7cad9,"2254649,28995,30439,57298,58275,77071,79524,81224",1752338323,2025-07-10 18:52:31.513517
e1006597-eaa6-44ce-95d1-15d32c89185b,357bc915-e1b6-46c5-9385-665eff939650,"101731,103146,104355,106537,106583,15316,20376,24092,2551,2607,30439,38441,53561,58583,64427,73303,73907,84729,89294,92169,94800,96098,97285,97338,9819,99344",1730389545,2025-07-09 20:43:31.463099
e10dfff6-04d3-4249-9e3e-e80e1d4d30c3,dd5b96a3-5db3-4c45-8535-3cce9464f509,"100683,102237,105348,46829,5884,83521",1735516929,2025-07-09 19:43:31.642855
e1135d75-0f68-4856-abec-4d04ad01bfde,83e2d6c3-ac13-452a-ae04-d5aef56908e4,"2214691,2214693,2214705,2214706,2214708,2246343,2833359,50679,58583",1751249485,2025-07-09 20:34:31.516539
e1149ba4-0f3d-4933-9e8e-1d1b5ae312be,2228a1b7-634f-4d11-8dd1-9d3f650c2b30,"2025215,23476,2824438,3076,48722,5403,58658,61602,70806,93953",1752384274,2025-07-11 19:04:31.380296
e11fc69b-11ac-42f6-b6a6-4896ca22a696,caa36ee3-73b1-4401-90ab-feb676a3d2a4,"106018,106027,106028,107051,1910,96707",1751403211,2025-07-09 18:55:31.759641
e17325d0-3894-41b5-8237-a3e52b66fbd2,16bc593d-a322-47d3-aca2-c7f655137479,"101341,1063,106731,14262,19221,2027415,31053,43144,45783,46130,5674,77953,85175,86084,88636,94776,96953,99263",1751771341,2025-07-09 20:37:31.608351
e191a4a8-0b22-4aff-9f27-c8ec9fd9524d,9594e6a6-b1ed-49a8-a028-e5cc3fae3a9e,"104229,2607,31065,38441,40213,45782,52949,89430,9192,94800",1743036253,2025-07-09 20:28:31.628044
e1a4b62a-d6c1-4642-80e9-57d9c1d45d82,406e76f2-b755-4855-9c77-4bffa765fcf5,25543,1732658063,2025-07-09 20:01:31.36324
e1c6fc49-ef3b-4c75-bd79-5795d68f6ebe,e2e862c9-a222-4cf9-99c6-ea81de4f6820,"101008,103097,13237,16951,2068,2551,26487,37808,46269,48291,53561,58583,62662,64249,64427,67208,86543,93978,9819,99216,99344",1752456842,2025-07-12 12:40:31.55665
e1ca3461-9c15-4f0f-baaa-600ba9672e07,9eec6bae-06a2-44bb-b8f8-d8d47b7f21f4,"104773,38750,39299,40214,94800",1752254305,2025-07-09 19:16:31.314342
e1eeda5e-7911-4b65-a538-8be81d73dcde,473032aa-daf2-4286-bda5-c19389a48e76,"101731,108892,2242736,23425,24092,77149,90586,95689,96659,96942",1746920656,2025-07-09 20:28:31.628044
e1ef027b-716c-46c3-bf4a-1e4231fcd093,f26e5877-a8d1-4314-b309-4aeba5584c54,"102524,104176,24250,61602,94800,96660",1751894192,2025-07-09 19:07:31.585047
e1f798df-e2a7-409b-a029-72f3bab29816,78c65e6a-118a-4b87-bf39-77465c45dd70,"2031001,2802,40290,94800,99344",1752197957,2025-07-09 18:58:31.654225
e1f8d8e3-a1db-4930-a41f-22c4694b6951,ee9e0ac9-0d08-4e35-9973-436a588742b1,"107990,108450,108451",1752081610,2025-07-09 19:07:31.585047
e1fc13cd-617e-4546-adac-2ca21728a9a9,10700389-182e-4c15-910c-9b4015a7acba,"101033,104442,107939,2048239,2793,30626,44864,50523",1750464600,2025-07-11 00:19:31.492721
e1fdf7c4-dc58-4b00-91d8-796a33bd61cb,de4061aa-3c23-422e-a261-e4183c60749f,"100944,104176,106018,106344,106550,106728,106741,106922,107106,107898,13240,19542,2045485,38316,42294,92259,92920,94443,97978",1750944001,2025-07-09 21:04:31.429108
e20d5196-3b3a-4423-8be6-a26264175cb4,816af19f-7551-4f5b-b1cf-9b0911466ff2,"102303,104876,16124,22175,23425,25503,42294,53078,58583,62782,85874,94631,95689,97338,9854",1751527389,2025-07-09 20:40:31.784592
e2118dc3-7e95-4ab7-a854-e77067e9fbd9,f8b85267-46a4-4635-8038-60ee45dbe144,"100745,106409,25503,295,35462,36485,37840,48722,54066,58576,66648,68219,68297,83266,92312,94631",1751481802,2025-07-09 17:45:20.222232
e21ca67d-d0d3-4512-b78d-a7665d3d8816,d5dee424-a216-495e-9dd6-db3434069ca1,"105553,108295,109697,13081,2252134,24562,29359,43573,57298,89482,9729,9819,99263",1751959029,2025-07-09 19:22:31.604565
e22c7315-27fe-481f-a49c-86d0cf966d77,de72a184-3bf1-4224-9521-2bd100aad4d8,10637,1752216921,2025-07-09 17:45:20.222232
e24e6cce-58c0-46d3-8e27-fe9c3050c7a9,80a94ce7-95a2-4097-91b0-7f61ae92086f,"105103,1623,1662,18995,24070,25652,2792,48574,53730,58583,58586,73907,76412,77959,89461,92167,92219,93985,94776,95062,97304,98736",1751209490,2025-07-09 18:58:31.654225
e25336c4-a9ce-4306-b23b-6ccfb5aa3bf8,ee8f4564-d700-497d-8623-5bc21730b567,"107715,107752,107858,107902,108340,97621",1752240347,2025-07-09 19:04:31.645408
e26a4398-c405-48a9-b356-c280bdcdf1c6,e15a4864-fc33-403d-8e50-ae0433d6d27e,"21293,35348,40974,47319,65905,81649,96555",1716489066,2025-07-09 20:31:31.402227
e26c5431-0ae9-46bd-9506-170b61d3ad77,fa97b478-2498-438a-87af-a09620f5b58a,"101731,106240,24702,99774",1752469026,2025-07-12 12:37:31.584738
e2897d14-aa85-4b1f-9f60-d61a8aa40d08,7ccdd8b7-b9ef-49c9-9667-150394e3a0f2,"106752,13237,16951,19180,2201088,2255745,42294,48574,56852,58658,61602,75100,94450,96083,96660",1752196287,2025-07-09 19:01:31.673767
e293c1f5-c697-4e27-bc4c-da7cd0854629,2c64c07a-19e4-46d5-aeb4-4d20c2a275be,"101301,107651,107747,25708,37100,39299,42294,46130,46269,57298,58576,58658,6674,83129,92261,92262,94800,9672,96952,9729,98700,99263",1752186244,2025-07-09 19:19:31.413237
e299892d-7d4d-4e7e-8987-95bf38345e61,dc0d1074-32a6-42b4-b5a3-5ba8d598f9cc,"102080,102614,104109,105017,107748,107752,11632,16914,2817712,37612,38441,44619,47059,52394,56852,71921,73907,7484,80741,84591,91462,99403",1752233646,2025-07-09 18:46:31.426409
e29ab056-0398-4672-b82f-06d548c4b110,84870070-239f-4c9d-9cd6-dd1a0650db5e,"103414,1662,96802",1751341500,2025-07-09 20:37:31.608351
e2aa4b11-d613-4bf6-bbd7-f6b8eef8ba38,5bcb155e-9144-4c51-8328-17b3a5cb4422,"2852992,2853003,2853023,2853029,2853030,2853033,2853053,2853054,2859400",1752148998,2025-07-09 19:34:31.343546
e2af5963-a407-4c94-800a-bcf13f627b03,ede46f30-ad8d-4cc9-856c-98e4931ff3da,"101811,102317,102485,107074,1920,2116227,2244183,2607,2832245,2833359,295,46269,53561,90413,99263",1751241500,2025-07-09 19:01:31.673767
e2af92aa-6330-4f14-a03c-031b9ac6bfe4,921525a4-f167-4931-8928-46044a440cad,"105093,106206,106948,109164,109166,2816216,41025,54704,58583,96225,96689,97338,97479",1751634058,2025-07-09 20:55:31.375308
e2ee9d9a-cc0c-4bbf-a964-e7e995175fcf,fc291740-9b42-46b4-854d-aa03ce4c04ee,"105447,105448,85849,88093,99232",1752367893,2025-07-11 19:07:31.675911
e2f7927e-5b47-4fbe-90c1-457394c8f2fb,98b2f1ab-d6a7-4313-87cb-0586fd260256,"101608,102638,102715,103861,105626,105675,14850,15684,21882,24536,6017,74822,91744,94113,95818,97550,98501,98575,98754,98755",1743905234,2025-07-09 20:28:31.628044
e2faf47d-3e87-49e5-acd5-5ce68f0b2940,f83dfa39-849e-4faf-950b-3fc5a6540b3e,"106047,108513,15493,26891,27548,38441,7521,97479",1752200481,2025-07-09 19:10:31.750627
e30f97b2-3b60-4559-b5ed-131d7c7ccc01,16966fab-54ed-44f6-9617-6f1d68b525f5,"101095,10594,13029,1305,1920,26486,41088,64427,85746,91232,92694,95442",1752118697,2025-07-09 19:01:31.673767
e3287e23-faaf-41aa-84d8-71cd5bd8a33a,df849fd6-84d1-4e55-a7d6-7a0e6f0301d4,"100155,100773,65902",1750478165,2025-07-09 21:22:31.50472
e33dea54-88fc-4ecc-8693-c0784baf53b4,7ecffdf3-8561-499c-89e2-0a6b61d3d79f,"64690,95933,96397",1751080559,2025-07-11 00:16:31.65555
e341ca6f-d371-4500-93ba-1c373042534d,1e69ae85-9f24-4b85-8ad8-59f65f5ebaab,"107204,10772,108892,11369,13933,18438,25503,25652,58576,64699,7521,87377,98544",1751780657,2025-07-09 18:58:31.654225
e3505d6c-5d34-4bd0-a4d6-c09302bd91a5,ef72e2e3-fe18-4199-ab8a-b8d568333840,"3991,40499,46269,53542,85191,88531",1751683664,2025-07-09 20:58:31.613441
e35572a3-a4de-4cf5-bf02-34004f4b80c5,2f757637-b17f-40b4-9345-3112c2969e5f,"109694,36490,91309,93015,93978,94601,9926",1752469906,2025-07-12 12:37:31.584738
e355ac08-22ca-4ebb-b104-49056aef423c,8ac7c99e-ba12-418e-afb9-746792a56abd,"30505,52394,90902",1751771698,2025-07-09 18:52:31.536339
e37b21d2-bf43-4957-a615-8ddfc1b29668,4c6f1d85-c859-4563-8f6b-a6d4b7d91d52,"103385,107251,108295,11275,12189,25652,41089,53561,65742,76412,84783,92219,96942",1752036780,2025-07-09 18:49:31.587698
e38c706b-bfbb-48fd-8085-642f449fb4b0,59791b05-5477-481f-9323-a283eac57076,"84168,96248,98741",1752366079,2025-07-11 05:37:31.442568
e39bd0a7-c724-45a6-ad5c-ec47dae1ff84,18df501d-935b-4147-9cf8-b81d57a19b9d,"103938,107266,48574,58586,58907,76412,7719,94839,96348",1750480841,2025-07-11 00:16:31.65555
e3a5618d-a593-40af-93a3-1e176012f257,8b4dd622-67b2-4691-8b06-e307a6a6aa8f,"105555,10638,106732,18283,48574,84168",1751995981,2025-07-09 18:55:31.759641
e3c47e17-9e4a-49a7-b60d-8a2d2cd9f10f,8856a570-72e9-48e0-b1e0-07774629d932,"102042,1662,38441,48517,58563,58576,89358,94599,9674,97066,9728,9819",1751223994,2025-07-09 21:13:31.422326
e3cb4229-27f0-4e96-9384-e6578e75a851,08e4e383-e7f1-4378-911a-e30dfab2bbc8,108336,1752028131,2025-07-09 18:52:31.536339
e3d914aa-850a-4ba3-9db1-d933df657a59,cb0163fe-7a55-49f7-a91b-cb16d77154de,"101002,105504,109758,12189,2150893,37808,48574,93015,95697",1749998192,2025-07-09 21:43:31.40037
e3fb481a-503f-4d2e-80f7-4a2e36e18797,936c6326-d9ee-4aa9-9dfb-4e15eda523e1,"105763,107860,108074,24092,2843,35548,43177,72802,88762,94776",1751636299,2025-07-09 20:40:31.784592
e405899e-a882-43c6-9c46-4c0de507a0ea,04ae4107-875e-44d9-8237-2275ed1ceb6b,"108535,16937,24092,41791,8451,99593",1751417509,2025-07-09 19:07:31.585047
e41256ab-4f75-4700-8114-c8b1ce3c6933,5efdefac-7fa9-4c1a-ab78-5c73133e7bfb,"100686,33884,4178,460,46172,4931,88845",1720496578,2025-07-09 21:49:31.460853
e41ba53d-9661-415c-9c4d-3e41ffea1f03,2a85eeee-565c-4d5a-ae69-040c27f6dc7f,"101095,101323,102494,105665,10638,106474,107751,107763,11275,12138,13933,14061,159,163,41020,51288,68987,85163,86466,96418,9644",1747886338,2025-07-09 20:19:31.511716
e4210712-5b92-4ada-b3ac-69a7c8ac1a54,b3832edd-bbcb-4345-bb0a-288bfa2ae225,"105846,106002,107159,108340,1254,30439,95793,98700",1752163727,2025-07-10 18:55:31.478294
e42b0cae-070a-4288-bf76-e3c017102eef,2021a81e-9010-4e54-970d-879acbb1f633,"104744,106090,106246,2135481,22739,2416,3102,31295,50530,58576,7521,94800",1725417721,2025-07-09 20:22:31.445516
e42e8418-e905-445a-8756-660815150445,dba4b72d-60e9-4d74-ae7b-3f3e0af58925,"105723,107155,10791,20376,28986,29431,35462,47319,62662,67997,68751,81402,85189,88185,88187,88189",1751944442,2025-07-09 06:03:20.402123
e42f5e0e-197b-423b-a987-65c31ceae268,2baae7e6-8ff3-4b34-aead-919bc71aba14,"13029,142,1662,27814,30549,31533,42075,58576,58586,68762,86197,87218,97304,99263",1752298667,2025-07-10 06:01:31.512189
e4758a13-32db-43c2-8dbf-20bd5812b083,46b3a399-4125-4cea-a62a-2937cb682aa1,"104875,11632,2065945,2138178,25503,2862287,37100,58576,58586,61602,8715,93978,97987",1751915140,2025-07-09 18:55:31.759641
e497a585-013e-49cb-95f1-f17889115cab,7f90e6b9-a442-469e-a128-d589f6e2fbaf,"101272,105270,109929,14923,15914,2151946,2230497,2231116,2231119,2839459,40063,80850",1751879748,2025-07-09 19:37:31.407534
e4a87542-d2e0-46b3-9767-846ed37a9ba1,0f8caa86-dfc3-4420-b8f5-957dd37b1e55,"100164,105948,24259,42294,53599,7521,77946",1752020269,2025-07-09 19:04:31.645408
e4bfd1e5-120c-4bd5-9c4d-dba2bc0ea83e,d838aa08-bd0f-4db0-93aa-7d4e033b63e3,"101438,1063,1254,62531,88674",1750444487,2025-07-09 20:28:31.628044
e4dbfbfa-f011-497d-a37d-80dc006427b6,b1a23904-0953-46e5-9d55-07a38a9e4e0d,"1662,19096,64699,65905,75100,98670",1750521106,2025-07-09 20:28:31.628044
e4e57aa9-b88c-47b0-8cef-30ed5762716f,1593066f-aa97-4219-a873-84dc5d6ee475,"102494,105849,10727,108301,11633,14760,19085,27605,30335,44218,46130,5674,58658,68177,6980,73907,81812,89482,95685,96610,96699,96977,97304",1747545361,2025-07-09 20:19:31.511716
e4eaa980-4637-4c2e-8d3f-c5fd64300b16,389b8de2-6f0d-4b0a-b47c-c6be648fdc91,"2116452,42294,50523,83685",1719271406,2025-07-09 20:46:31.392832
e4f87d3d-8c4c-4890-8a50-031b2e84797b,ca9038f8-c9fc-4ed7-925b-6b9f958afd6d,"106746,10727,27488,32983,54603,80749,94935,96953",1727674015,2025-07-09 20:31:31.402227
e4fb5aaf-18b1-4b16-8929-afd9b5abf5f7,6cb18f65-eb74-4b44-bd2a-f9e73e01cfd8,"107759,107760,108289,17042,18065,24250,39195,40213,48574,53636,68177,93015,97304",1747708919,2025-07-09 19:46:31.620522
e51e39de-d65e-4609-bac9-a4b90fd197c6,54bd28ef-f8de-443f-a6a3-d2ed36ded68a,95158,1751752946,2025-07-09 19:25:31.714795
e5207d78-3a36-45f6-bfa5-97d083e34100,f962c9ae-387a-4019-ba22-1d9364597b8e,"105422,107711,42294,58586,62662,80741,87824,93670,96397,96960",1752303085,2025-07-10 18:58:31.529937
e55888bf-34b5-462c-954c-ba9b81e3d74f,5890c88d-9770-4bbe-80c9-74bd96cb08f1,"2052,38928,56295,58583,62531,91612",1733982959,2025-07-09 20:28:31.628044
e55b4a4b-e225-4be5-aa50-8fe6403efb18,b2433a18-5906-448e-9348-853b025c2135,"45491,66350,77799,91936,97550,98358",1751412741,2025-07-09 20:22:31.445516
e5756f2f-09ae-42a4-ae1c-253136354909,5430b998-3501-4c01-8f54-335967034ccd,"2055263,2130702,2864964,43573,51931,69106,96699",1751999394,2025-07-09 18:52:31.536339
e57aeee4-7311-48e0-9ce3-8a215a415165,b3af3a58-8c9c-4797-bd51-7f414f5b81c2,"2151969,2160202,99429",1751922418,2025-07-09 19:16:31.314342
e585e156-bb14-4f9f-8bee-200f93b0ad57,a490b72e-8187-46d0-9283-f685adf351fe,"108163,2247143,54597,82309,96660",1749316925,2025-07-09 19:46:31.620522
e5881666-ade6-4cb2-b5bc-9e4b06fa5f08,8fadb8fb-6276-4f3c-9129-244c3b5c24cd,"106746,107793,11275,2253323,23793,24070,2607,31260,4369,48574,52394,61602,82309,90556,94800",1752280271,2025-07-10 06:01:31.512189
e5929b16-731d-44b8-a3a4-79c0f5ad58bf,39bfee50-518a-42d6-bc78-534e7e19fcde,"10638,107154,107286,107885,108277,108278,51272,63302,83341,93015",1752086221,2025-07-09 19:37:31.407534
e597bfe0-0561-4743-95b3-b9492d695454,997ae05b-2463-463f-bb97-352cc8fe06a8,"100243,105657,107999,25715,5767,59332,9496",1751434056,2025-07-09 21:28:31.336454
e5983b43-e00f-4e88-825b-9e77734cab5d,7f255f5c-7ec5-43a7-87c7-27b7873cfa46,"103384,103897,1910,34344,82458,92687,98575,99403",1750200214,2025-07-11 00:19:31.492721
e5ad5531-9014-409a-8a9f-710dd59f422b,7203fecb-5782-4363-9065-e86a85b0ede8,"2221005,2228995,2253457,2813486,2813500,2880072",1752387014,2025-07-12 12:37:31.584738
e5cf2f96-07a5-4d12-bcdc-f700c70dfb78,93750971-dd72-4369-9f20-45bafa367f9d,"24120,58583,68761,83696",1750869986,2025-07-11 00:16:31.65555
e5d7df3e-8dd8-4f16-a518-cbde2403dcd3,3e5c97ba-c317-4dcb-8e67-891e6a95ec92,"102107,10917,11632,18283,2607,3229,42294,46829,53561,58586,61602,93015",1752400455,2025-07-11 19:07:31.675911
e5d9c632-be01-479d-b7cc-cb21ff02dc48,1456501c-7b9c-4521-8589-7622d63afc17,"2052,38928,56295,58583,62531,91612",1733982556,2025-07-09 20:28:31.628044
e5e9d4a6-398b-45f4-9939-cd6ecddcf49e,4321b9a7-d3de-4af2-9c7c-bdd8963570c0,"1662,2253080",1751313317,2025-07-09 21:13:31.422326
e62122e1-3b59-47ca-b974-e5a6be34505f,2025fdf4-12c0-4a64-b7d1-6af977561056,"2148660,22407,29431,30195,96547,98557",1746373653,2025-07-09 20:43:31.463099
e63fe890-d872-4f29-b00f-1378c9ac5fb0,943f13ef-1f4a-4947-8f73-0c525f72a335,"105766,107751,107753,17995,26485,44934,48517,94227",1752300617,2025-07-10 06:34:31.299504
e67b1a78-bd17-4ce5-8e47-17f6a5ff7cde,ff01fc14-fc04-4d70-99bd-1ae989650998,"106672,11632,1623,24702,25503,2607,2792,32680,42294,43336,58583,58586,64427,73907,76859,84942,86543,90542,94631,97055,98700",1752003198,2025-07-09 19:22:31.604565
e683a9b8-cf7e-4794-adc4-3a419393fb2d,847aad58-5539-4d16-bc3a-4e26a5fbc946,"1910,1920,86827",1751245609,2025-07-09 21:01:31.521295
e694d1fb-eb91-4bbf-99cf-eda552f21305,401efe52-de04-45c3-b080-1547fb0d674c,"10260,105641,106046,108340,108345,108346,108347,109599,2057455,2068529,2128897,2854530,2855356,2874930,2877991,31025,32025,35236,37100,48574,63940,73312,80749,89482,93672,96660,96802,9729,9819",1751784148,2025-07-09 19:25:31.714795
e69e20f1-601a-44f9-bc9f-48052653bc5f,8c0eeb99-18c2-4860-a8eb-cf681dfea09b,1910,1751246312,2025-07-09 21:04:31.429108
e6d9e49a-c3b1-4de8-870e-67dbceb8821e,a5e2b0d3-7e47-46fb-99b5-65ed283a34f2,"100243,105553,107860,107953,108337,13937,2607,3484,41088,42294,48517,58658,5869,61602,86143,91611,92262,93868,93871,93872,96660,9729",1745452844,2025-07-09 19:46:31.620522
e6f79d9e-3dc2-4728-8ff0-498813f54f06,4a6fc269-3d13-4bb1-b9d8-fa862f51386f,"101460,105553,105843,17972,48365,70395,70399,92673,96707,99267",1752195755,2025-07-09 19:04:31.645408
e7100f02-efb6-4e67-b4d8-00a2a46d19bd,f2db6137-1c60-4981-964a-9bd7611bed2d,"107155,11275,30439,5376,58576,93015,93978,94449",1751992572,2025-07-09 19:22:31.604565
e7128a65-9529-4451-9186-c7dd4bd28e85,d6e929ee-992d-4eb0-9173-a460cce137d2,"56876,71602,71906,71921,92262,96030,98192",1731123682,2025-07-09 21:13:31.422326
e73c2e54-80de-4842-9277-12bfe8d222b5,4b6e968e-f391-4a35-8e00-e6f31936f333,"42106,96083",1752330915,2025-07-12 12:37:31.584738
e75f0a28-3388-41f1-b30d-ccbdc56fdc88,0b2cc7de-ba2e-47cc-86c7-c1192ff227ae,"103041,106076,106240,13459,19221,36763,48291,58583,77071,81402",1751260553,2025-07-10 19:01:31.560317
e76cbb16-e7b3-4b9e-98e9-64dcdd099eaf,99043a83-d690-401f-9be3-2854ef5bf85e,"107318,11795,62535,94776",1751946833,2025-07-09 19:22:31.604565
e779d870-3645-46b7-a1d2-63d27d3034fd,d8f25d70-1772-430a-8a42-1cb637d7d8ff,"10727,27605,54860,7484,83696",1750635352,2025-07-09 20:28:31.628044
e77e8017-524b-4c5c-833f-786087eea161,9007ff2c-dc2a-4222-9428-36ec50684b6a,"104240,104331,19538,58583,73907,96030",1750646164,2025-07-09 21:16:31.455148
e7b6d974-77aa-4151-9dbf-0cafd97a3bb9,16aa2b0f-ef53-4e82-b1fe-a30b9d60bf16,"105630,108124,108210,13148,35348,63927,92830,94631,94854",1735882702,2025-07-09 20:19:31.511716
e7b89a5d-cab3-4d29-8b1e-ab9c758e70fc,c700908e-af45-4a09-9757-81e022ce1ee2,"104017,104687,106245,11792,24702,31682,44785,46269,55493,58583,63637,8445,86629,88753,92716,93985,99263",1752352443,2025-07-12 12:40:31.55665
e7ddfa18-ef5f-4c30-a431-3e5cfc0a4538,fbcfe311-7de6-46c3-a031-c713224d59b2,"25652,27605",1751548198,2025-07-09 18:58:31.654225
e7dfa364-efcc-49f2-9aee-ef0bf594b3fa,616378f8-1c71-430e-8535-8cf0cb778eeb,"105189,24536,2686,39789,58214,58576,64427,65902,79334,79524,81813,83390,86373,93978,94443,94601,97553,97633",1752216469,2025-07-09 19:28:31.448042
e7e6f69c-2b06-4fda-90de-f8b8ad8b12a8,51cb248b-fe2f-4370-8606-8c2a9983d3e6,"107860,108337,2120648,2151969,2151977,48574,62008,95444,99330",1748274015,2025-07-09 19:46:31.620522
e7f0c4e4-dbda-47da-9e79-2fbe8aa7c7e0,a9d18cd9-2aea-4062-9dc0-8765460c38e0,"100642,105785,11632,14649,2047814,2812486,2833397,2851762,2851763,2856773,64427,94025,97078,98557",1750204701,2025-07-09 19:01:31.673767
e8030295-0d63-46e7-a0b0-5f8331c1c101,6755ee32-8569-4dcf-8ea5-5d780123454b,"101232,101907,106754,15977,17459,21300,73907,84729,97511",1741827849,2025-07-09 21:25:31.482511
e811aa40-ae4b-4835-85c1-13ee5740d10c,7b8e592c-a1ac-4143-b46a-85e72e9cff63,"103097,107862,19085,35071,39201,61602,83129,97224",1752116404,2025-07-09 19:07:31.585047
e81bbc63-6624-4a8f-b072-697052a914c1,03e42617-6af5-40e0-9f74-fd0f1a1f5647,"105661,108270",1752169311,2025-07-09 18:49:31.587698
e827e801-c23d-4b25-bfac-8487cb1bca6d,b53b9ec7-5506-4706-a499-39d1b529c67f,"105326,106446,18981,5353,61602,80014,81224,92604,94060,96547",1752458656,2025-07-12 12:40:31.55665
e83e40f6-6a67-44b3-943d-80cbb1c57800,d1a79ca5-1b10-4074-80d8-519fda06e339,"100764,102173,102476,103067,10329,103744,104117,105970,106724,108279,108473,109923,109925,109940,110230,2071,45776,46106,54673,58583,80024,83918,88463,90177,95857,95933,96960",1751744808,2025-07-09 20:37:31.608351
e86ca985-d66c-44f2-a3ff-178fae7cb047,2a4f0e7a-bd2c-404b-a082-84f08fb87ef2,"102084,1662,35071,35720,48691,58583,65902,68987,82308,82309,95583",1752292291,2025-07-10 18:58:31.529937
e878f436-7e41-4860-8dcd-111349e33653,63eaea15-5072-4af0-bd2c-cf118f652c56,"107902,42704",1752454880,2025-07-12 12:40:31.55665
e88cd4ec-1da1-485f-9ee1-92ad2055ca21,1105550e-4394-4330-b27d-437bf05c9311,94800,1752107100,2025-07-09 18:52:31.536339
e892ad30-e69e-44eb-b01a-83644843c32e,a10929c7-ba60-46d3-8414-da84b1d1ed91,"107739,86824,86827",1751418783,2025-07-09 18:55:31.759641
e893d63f-8504-4d21-985c-c29ae2cad0a2,6158651d-8e68-443b-b19e-a64350db0068,11275,1752296657,2025-07-10 06:01:31.512189
e89596ea-1e52-4839-9fb3-14ad295835dc,04de479f-4814-4f74-a9e2-d25f1d5c66c3,"101608,52394,833,95583",1752111490,2025-07-09 18:46:31.426409
e89f516b-a6cd-4f1b-a51d-c4a1ef6eceba,f082bd71-989b-4a77-9083-207f0536341e,"100154,104711,108735,13237,35669,80024,85175",1752131696,2025-07-09 18:46:31.426409
e8afacc2-b94c-465f-8b4a-c1c40c7bba01,ec142a22-3394-4395-9953-b807841b68d8,"1063,17510",1751594904,2025-07-09 19:25:31.714795
e8c3fdee-9b52-487a-9e64-2ef5f130a21f,70aa782c-12f3-487d-8444-f1b946566118,"106033,106560,2855138,48392",1751052752,2025-07-09 21:22:31.50472
e8c67085-3ac4-47ea-80e5-a6e47b3e3ac5,4797952e-fb1a-4e51-a0d4-3fe9a2a814a2,"19221,75100,79524",1752256575,2025-07-10 18:52:31.513517
e8c895f8-24d3-4e9f-9275-e6c7c28af809,9fa9db37-14e9-4c02-9929-ba9549b79386,"101033,101080,102200,104455,108255,1414,1622,1662,2048239,25004,2607,2855138,29843,30551,38441,51265,58658,61602,79742,83230,83696,90965,95515,96699,96925,97224,98075",1752359071,2025-07-11 05:40:31.338301
e8dfc620-94b5-4f2c-83ca-fd2d8cc15c51,33de19c8-69bc-429d-8219-e295fce49725,"104456,106277,108800,109909,26490,37808,38441,437",1751079262,2025-07-09 19:43:31.642855
e8e53d72-911c-4c98-bd73-551f13be7ee6,9ce18c7c-bcf9-45ca-ace6-18d8135b72de,"104100,16632,2267236,2812526,42247",1743444797,2025-07-09 20:22:31.445516
e8f4b598-df6c-4b0f-9da3-6a812aff6ed6,b07e1bec-d66d-4f32-ad76-7df47bc23511,"103939,10638,109008,109009,109900,38080,58583,59347,7719,8445,89482",1752420070,2025-07-11 19:10:31.371089
e903ad76-fca1-4c28-90c9-1d1fab6d8880,9126c47e-5728-47c6-8571-4be763a5111c,"101097,10421,107903,108555,13240,24070,35348,37132,45782,459,46130,58576,58583,84942,90563,92360,94800,97092,97565",1752347515,2025-07-11 19:07:31.675911
e91cdb0e-ee80-4f1b-8d4f-6799ebfc8b70,037b5fbf-4c99-426b-a691-482e9fed2e51,"52394,79524",1751942600,2025-07-09 18:52:31.536339
e92052de-48ed-495d-8253-2a4da716b86f,4411d7ba-0dbb-4156-989c-5c8aea61b630,"100214,146,6541,95933,97006,99371",1750295513,2025-07-11 00:19:31.492721
e922fc03-b82b-4071-9cca-8cc88b13b5ae,d340b975-d4cb-4bc9-be84-b5540274cb73,"107153,108112,109285,67200,90671,97304",1750468654,2025-07-09 19:43:31.642855
e923958c-2789-41ca-8a77-1f70b65a2f73,cedd3a62-52cf-44df-b6c9-6908c1cb3c9e,"104353,107475,109189,13933,26891,83696",1751352793,2025-07-09 19:43:31.642855
e92de6bd-0dd7-4551-bb53-2f14f2383a67,f09d441b-9657-4898-9b0b-558529b6d114,"101325,104222,107018,12397,13082,13095,27582,37100,4388,58576,61602,61883,70863,7098,71414,80024,83842,91317,9157,94227,9672",1751988049,2025-07-09 19:07:31.585047
e94e4a2f-17a0-4214-9d38-c86a05d81930,38580472-2e6a-4945-b94c-33a01d7319fa,"101033,48574,5764,72028,96942",1746581025,2025-07-09 21:46:31.314864
e96184db-e47b-423f-98ca-6a953b5c8fe6,2fa5088b-c63d-4dda-893f-712fdddc0ba3,"104640,11275,13237,2144703,2851737,2851743,2851745,38441,51299,62531,66048,81813,84783,9172,94599,97787,98901,99216",1751889074,2025-07-09 19:07:31.585047
e99c7a87-c0dd-4856-8611-abc5d6c24c6d,48b70234-c1dd-45ac-8103-9d0858dc3b4b,"105724,106469,109194,2144967,30439,8445,92296,94062",1752404617,2025-07-11 19:07:31.675911
e9aa3e95-2c3f-456e-90bb-a80e3a259401,89ec9964-9f79-40f9-8532-5fe5d91f54a8,"107857,109698,17119,75100,94935",1752208878,2025-07-09 18:49:31.587698
e9b043a0-5fdc-4904-968b-135bb10c45e2,ec896367-cd8b-4cd7-8b7d-35638fc835fe,"101323,102638,102916,2027420,25503,52528,61597,66048,68987",1752097031,2025-07-09 19:19:31.413237
e9b4b734-d273-48de-89ac-6fc79fa1c9ad,d1d216d9-9e00-4cda-8518-36ef87d2c6a4,"102923,1254,24702,30439,40336,5376,58576,58583,83129,94227,98700",1751915809,2025-07-09 06:03:20.402123
e9b74786-fdd7-4728-8126-06833aaf15ff,147eff8a-c146-42b0-a455-ae1180b9f87f,"19329,20795,46130,52394,58658,61600,61602,6674,73907,94601,95272,95274,99216",1752117270,2025-07-09 18:52:31.536339
e9bf09df-330a-464d-bd59-5b63d652258a,94b3a584-65b1-4a13-991a-ad01e1ed168f,"2826285,2826286,2826289,2844832",1752179996,2025-07-09 18:49:31.587698
e9d917fe-7b2e-416e-86ff-21f3a0f6510f,f6d87157-b2e2-4b02-bffb-8159bc8a4e80,"107099,107179,108003,109164,109165,109565",1752406518,2025-07-11 19:07:31.675911
e9e2495a-c806-461a-924c-f507a1b892f2,58eb1d30-c30b-4b2b-83cd-2744cb38759c,"107155,16951,2159549,53561",1752380821,2025-07-11 05:37:31.442568
e9f9ee63-81f5-49c6-879c-1038506befda,dd428513-8603-4167-b19c-5cc0b3b5c942,"106746,37100,53561,61602,87024,94443,9672",1740937493,2025-07-09 20:22:31.445516
ea085a78-4a71-46d7-9d7a-e94aa3bdd495,c425c766-0162-4746-9702-b9c7cf54c079,"107579,108074,109170,15519,26379,45783,50519,56209,62662,7719,82429,94535,97224",1751766037,2025-07-09 19:01:31.673767
ea1b5f7b-24a1-4ccb-bf81-10220ca75dbb,ce57b9f7-b00f-49f0-a53b-aae1f196a59f,"104176,107206,107867,108010,108773,11083,12010,2161145,27548,3229,37612,46269,51931,55493,58478,7521,80749,97304,99344",1748183501,2025-07-09 19:46:31.620522
ea217b51-deaf-4542-a023-17bbc00813d8,8694f1bb-cb40-490c-95f1-746ea0f6accf,"102356,104760,105589,105762,106064,106065,106395,106400,106690,106831,106877,2214252,29204,31808,35462,39299,41089,4295,44545,46890,59345,608,8445,84649,91612,96701,96960,9819",1735022302,2025-07-09 21:49:31.460853
ea69d69f-8ad4-4789-a9c8-b67e721a7c71,4e5db39d-bcb9-45a6-af11-d7e9f2869a1a,"2038478,2039933,2045401,2045440,2048851,2049330,2050019,2068537,2068548",1717459377,2025-07-09 19:49:31.570096
ea72bfd7-af6f-4b37-8717-bc08ba8263cd,335ad357-3fc4-4973-a01a-ad5d1046ff0d,"101097,10303,104220,104222,106551,106731,108056,13827,16937,19180,25503,2607,28701,36443,37100,37808,42294,43137,48517,48574,50523,51318,52413,52753,58576,58583,58658,65914,71936,771,80749,85849,94769,95062,96397,97175,99485",1751828816,2025-07-09 19:25:31.714795
ea8830f8-6210-4dfb-b83f-f291d790436f,e417ffb8-25a9-4659-a856-ea6a2b19988a,"102176,105448,107540,109257,110036,110037,22721,58576,58586,71921,88661,95272,96547,97712",1752298270,2025-07-10 06:01:31.512189
ea8d4a79-fa49-4712-b887-433ae7e025cd,3234c9e4-7c24-4c73-947e-33648c021c9d,"102494,108096,15358,2116373,2207612,2825408",1748988878,2025-07-09 19:52:31.520152
ea8e30ea-12d6-44f5-a218-54158308c9bb,cd0036e8-0275-4333-bc27-d3edf702c307,7521,1751591483,2025-07-09 18:55:31.759641
eab24bfb-54a5-43ad-b3b8-bf0d859289b8,1b3bd145-67a2-4623-8728-8b4efc43805e,"100001,100816,102919,102969,105128,11792,2148652,2148660,25004,35462,37808,38441,46269,69106,81402,8451,85189,92604,95673,95681,98700",1749506180,2025-07-09 20:16:31.381882
eab309e4-5c0f-45fa-aa15-e9fcdec2c8bf,52d26a62-e313-4433-9ca0-18cdd323a327,"58586,64427,68762,7521,76470,96660,98575",1752474556,2025-07-12 12:37:31.584738
eab37c10-a599-43e0-9fc7-1047bec76af5,0e544738-e153-4705-a533-e8d3d8011441,"101095,10480,105657,106413,25652,54107,69631,91986,97217",1745802859,2025-07-09 21:25:31.482511
eac2c08a-18b0-4ef8-8c61-02a934970972,704c8f04-0966-4465-9982-4b3559b56efa,"30207,74436,77369,93927,97092",1751296031,2025-07-09 20:43:31.463099
eac5c610-c14e-4793-9bbf-0ecb5cc21587,26ce55c7-0c0b-4719-bf9e-f270a1544e1b,"10392,10421,105766,107334,107341,107343,11275,16213,2142231,34167,40336,5376,58576,58583,58586,93978,95694,97787,98075,99403",1752035611,2025-07-09 19:19:31.413237
eacff8e3-3f41-4b01-afe0-d9ac000b391b,2ca08e6e-0c8a-4948-a9ae-3cd8a2ae26b9,"12138,2052",1751829507,2025-07-09 19:40:31.494332
eafeddf8-6746-49cc-9c94-dd600c6e4da9,a85fed7a-6da8-4c44-a0ba-9db74939d7d0,"101496,104640,105070,105282,106446,28805,35236,42294,49705,52677,69106,72028,73907,824,95353,97338,97479,98557,99344",1751829219,2025-07-09 06:03:20.402123
eb0e42b3-4da8-43b6-9a62-ac9e2bb769f9,bccecce1-01e6-4e67-9969-16df6f26dc5d,11275,1752111647,2025-07-09 18:52:31.536339
eb120060-68c1-4deb-b26c-b60b169c2733,db8a4e4b-6e32-4e1c-ad4e-5f41fb7b74ba,"103992,1910,19180,2792,85163,91624,96225",1751212967,2025-07-09 21:04:31.429108
eb4485b1-e850-495f-a582-f8d59d6d25af,b865f676-fa45-4590-aa2a-72eb5c8e7500,"100354,101393,104176,12010,1662,61602",1751420388,2025-07-09 20:40:31.784592
eb5ad33e-79d5-4306-b54e-95130aec63d5,2b70fa86-b9d5-43c6-9e8e-802ca5222598,"105555,106163,108512,19221,37808,58658",1752324649,2025-07-10 19:01:31.560317
eb61fdc5-46a2-4609-8f2c-39c99a086611,b0d4c070-6d56-4f08-b3ee-513c417b1382,"101323,11792,5403,64427",1752418950,2025-07-11 19:04:31.380296
eb7cca41-2433-42cc-85f4-72ff787c5240,02a97e1c-9749-4e83-956f-b6e86fd42866,"105917,107752,109472,11917,2153407,37100,38441,42294,8426,90966,92301,93734,97338,99263",1751829841,2025-07-09 19:25:31.714795
eba52232-e837-4391-8c84-89c05a0f2add,544a4199-34a7-4b35-a9a9-9d274d1c632e,"106808,24250,2802,38441,92651,95670",1734490595,2025-07-09 21:37:31.433645
ebd5e885-8d27-48a9-9f4b-7ca131216aa6,5d05df8c-6d7d-4ce1-970f-c47bc4c774f1,"10303,105626,70833,77392",1751335405,2025-07-09 21:07:31.368637
ebe0b1e9-e5ab-4e61-9a91-b703d694e340,4c1f2333-0066-406c-8825-4c7a8bc58b19,"101608,11275,2174716,2174725,28223,3526,38441,42294,61602,65742,73907,80749,94074,95493",1752127276,2025-07-09 18:55:31.759641
ebe7cc64-00b8-4e75-ad64-c8009355d817,20306237-5e55-4b4c-868a-670f1decdac1,"107739,2115,2607,7521,99216",1752017059,2025-07-09 19:07:31.585047
ec008ea4-bcba-48c6-bc9c-23dac9dd472f,d8ffc346-24d5-404b-b516-fb1ebc3b3bec,"2238345,2254149",1751030293,2025-07-09 19:01:31.673767
ec047d3f-68ba-4503-9969-de0b96c9144b,538a0a9c-92a1-4d70-afbe-3db46007b58d,"23425,85163,96193",1751307327,2025-07-09 19:43:31.642855
ec13e8f0-3453-498b-9f81-900571dfe283,acfb49ee-8f6f-4a3e-b05c-bc91ce58d830,"104876,2197165,2197168,23425,43336,46130,48517,68219,7880,94449,94599,94631",1751983302,2025-07-09 18:55:31.759641
ec164d8a-d7bc-4c30-ac90-c0709a484e3b,b7c97282-108c-4e78-b430-ef723a170487,"102715,106371,14390,17129,2068,2174716,23425,3076,37444,42294,6167,81864,8908,91611,92312,97895,99216",1751727352,2025-07-09 06:06:20.285942
ec284f95-48f3-43e0-b6cd-34251883be43,ae37b3fe-7def-49c1-8574-852673ab2609,"64560,6541",1751758661,2025-07-09 20:37:31.608351
ec29f988-bdcf-46f8-94f7-b74e7c4271e8,820e2fef-1c6c-462d-829f-01b77b5a589b,"108880,108881,108922,16650,4738,56192,67997",1751649775,2025-07-09 20:58:31.613441
ec29fa3d-3002-45a9-857c-c7e019cb8f1a,0fef8eeb-8e7a-4662-859d-a2da178c1eba,"101322,103185,105326,10817,1283,2214694,42956,47059,85193,86325,90563,90584,94776,94800,95681,97712,98700",1740717787,2025-07-09 20:28:31.628044
ec663f33-5afa-490d-995a-3593c0c683b4,d2dd0ae6-6e61-4b37-83a5-93566580ad42,"19221,42294,52394,73907",1751769020,2025-07-09 19:25:31.714795
ec688419-dde3-45de-a9a6-1c93598af06b,03978482-504d-4db3-96e3-b1436d7fafc5,"104176,11504,1662,1910,25652,3227,58583,58586,85163",1751262598,2025-07-11 00:16:31.65555
ec746ffd-34d3-4a43-8d73-5342bf8e3874,f4e36e51-a814-4ef0-b9d0-b9aad142a76b,"102173,18283,24070,93978",1752150876,2025-07-09 18:52:31.536339
ec7c5d86-3e20-4d01-80ab-cef5b8d2e2a7,8f044f31-89d9-46c7-a5bb-fca0e6273f10,"101096,104086,19231,21904,30551,38441,44933,61600,6972,93978,96701,97304,98794",1751661676,2025-07-09 19:22:31.604565
eca8d6c6-8a8e-41c8-a1a0-5c68165e1fd4,458b169d-f95c-4ca1-80ed-8f769d0b7f8c,"106647,12187,18065,89044,94377,94800",1752389237,2025-07-11 19:07:31.675911
ecce20ba-b7ad-453e-abc6-21a3f10d4a87,86a56b1d-4967-44fe-badd-0d1629a9c1fc,1662,1751830971,2025-07-09 19:07:31.585047
ecd7b2a8-aed1-4a65-a6b2-02eebeb1e962,fd2e82db-b8e0-4b22-8519-cb671cfd9758,"104427,105018,107748,109010,13240,25503,48372,53596,6753,94776,97304",1749679587,2025-07-10 19:04:31.302353
ecfd5d4c-bcbc-48cb-9c99-3c94a09883e9,a291d798-b396-4736-aad8-55fa938e8b0c,"10421,19221,2191633,30439,46269,58576,5897,62008,79524,95750,9674,98818",1752272852,2025-07-10 06:01:31.512189
ed1653e8-a622-4fc1-a154-3ea9859abea0,bb39aded-427f-4774-ac64-9ade1892a02f,"11632,18283,42075",1751935406,2025-07-09 19:07:31.585047
ed2b9451-49b7-4105-9381-03b324340a62,2e960d44-8f2a-48fe-a80b-6be4b72f4b29,"102200,109093,24702,30439,38441,44755,45782,61602,76047,82172,86543",1752239468,2025-07-10 18:52:31.513517
ed2ec470-2fe2-4258-bfe2-f2c7ac9e85b3,33d22f46-834c-41b9-ba88-8f9387680d29,"102173,28222,39801,67954,97787,98491,99974",1751922697,2025-07-09 19:28:31.448042
ed651974-d6fb-45cd-8615-6cb2611b6d8a,4163c4aa-7018-4ceb-9505-c2fc07b189e1,"106923,108880,108881,109285,62544,83471,85611,88990",1752108412,2025-07-09 18:55:31.759641
ed80a2c2-7a72-45eb-af3d-79d274e406d9,91c35f1a-3360-402a-be37-cbdff5b0f192,"101095,105402,1662,19542,24092,38441,46130,79524,85163,88531,94601",1751357409,2025-07-09 20:55:31.375308
eda10266-da03-4508-a460-5683d6dba0c3,daaff6d9-766a-4b76-9318-5188da9e5d4f,"102200,103537,10770,11632,16632,37612,46269,53561,54635,55493,64427,65905,83685,86543,87832,94378,97092,97304,99216,99263",1751836441,2025-07-09 06:03:20.402123
edb9e018-5337-47c6-ba99-29cc563b445e,93d573bf-837c-43a7-a07e-2ceaed8fcbb5,"102901,104176,11633,24070,25503,25615,2607,3229,40444,43336,48518,50523,50679,52157,53561,54635,55493,64427,6696,7410,91788,94769,94776,95444,95750,96699,99263",1751828804,2025-07-09 06:03:20.402123
edd3c019-c43b-4c94-ab23-4d32168db766,484742e1-4ba9-4353-a118-90321451f3dc,"101400,2607,27605,6546,83696,92854,93733",1750563186,2025-07-09 19:43:31.642855
ede639c9-3760-46d5-8ecc-7e6aaff4798e,304847c2-0c94-4a1f-9971-c02a03866aed,"12010,18283,35071,35720,7521,99344",1751933971,2025-07-09 19:07:31.585047
edeb4837-5651-466a-8efd-cba46b0864f3,172a07df-9ab9-467e-aab1-7c41bc2e4dfe,"101301,104669,105089,105723,105725,105931,105933,107018,11275,12397,16124,17119,18283,24702,295,30007,3329,36485,40214,40290,5618,56285,57298,58583,61602,66048,77071,79524,83129,87333,88093,93849,94817,94835,96248,98783,99263",1752162507,2025-07-09 18:46:31.426409
eded38cf-e3af-4a4a-8b97-87b121e72bff,ca3fdba8-1c81-4ae0-9bc2-72e10c0b303e,"102420,102494,105594,766,85163,9644",1740720105,2025-07-09 21:19:31.485127
ee00a49e-bd4a-422a-bff8-619c1db70689,dcada00c-674b-419e-afb1-fa8508dc914b,"105089,79524,80150,97800",1752285562,2025-07-10 06:01:31.512189
ee2c712b-189c-470c-b49d-d21495410376,a68e004f-3f99-44d9-b1ba-6f4670b9be7b,"102239,107551,107887,108270,15989,17068,54603,80936,88990,94097,97175",1736765209,2025-07-09 20:34:31.516539
ee313e1b-1471-4531-aa8a-a56a586dd465,efeefc73-d9fc-4fe5-9f2b-cb38f9631c1f,"106175,19085,2244753,8445,93985,94227,95665",1743134840,2025-07-09 19:49:31.570096
ee3ced3d-f090-431f-9f05-d0448a43e470,bd870f65-60af-4906-995e-8a1363b132d8,"105665,107860,43447",1752330492,2025-07-11 19:07:31.675911
ee41d4ce-1d2e-4626-9911-9f2e1381b8d0,fc6f69e6-cc9a-44d4-b31d-52b23dd47af7,"105605,108270,16937,24070,2873784,33405,40549,58658,5923,66107,79712,88463,94601,96248,96249,96701",1752299455,2025-07-10 18:55:31.478294
ee5ef0b1-3a1d-4a77-9f17-83de7e8181d2,54d52520-4d52-4b50-96e2-733a75718f14,"101322,102716,62662,80749,91262,99321",1751839588,2025-07-09 18:58:31.654225
ee6730e7-a529-461a-afb5-864d4d95265e,4b7bb566-41ca-4569-8e7e-bcba06a565f4,"102637,1063,108269,45782,53561,67594,96701,97224",1752197300,2025-07-09 18:58:31.654225
eea832f3-d0f4-4a4f-9e98-049716515467,2321432d-ec60-47ea-9695-a8736e87ea79,"104158,104640,105657,106746,11275,31060,48517,48574,50523,76646,99216",1751858218,2025-07-09 18:52:31.536339
eebbe569-decd-46ee-b9f9-1163aa832513,dc8062da-daa1-4e3e-a1f0-4853fb2c8bfd,"105661,105723,105843,107751,108184,24250,43137,48574,62662,79524,87931,91262,97338,9854",1751924904,2025-07-09 21:10:31.289723
eec56d44-1a72-4f62-ada8-52ee9e73321a,565c056a-f5cc-402c-9345-d2a8d4064e8a,"107200,17436,2219366,29520,3229,58586,71857,93927,94800,95442,99263",1751083715,2025-07-09 19:46:31.620522
eee7970a-616a-4cbe-b0de-d0f7c0989823,087070b2-bcb4-4a38-92f5-d154ecaefa55,"106070,106678,107492,82008",1734639821,2025-07-09 21:19:31.485127
ef1f5f4f-3259-46cd-93a4-01154ef7cda7,110619c4-beb3-42a8-9fe0-08b89f3ee4f6,"107657,11275,21833,73907,772",1752089543,2025-07-09 18:49:31.587698
ef30de54-a15d-4cc4-8543-7c1c64dd24b8,a9a22651-ccfe-4d2b-90bc-04d636fc34ff,"108135,46889,94800,98700",1752112141,2025-07-09 18:49:31.587698
ef3df08a-44e7-4e80-96ea-62c74a86f3ef,7f04e584-eff5-4f87-bbab-7c4ce89258cd,"2048239,2069471,28707,4023",1730676027,2025-07-09 20:16:31.381882
ef52074e-ebc8-4faf-b91c-f966b1dc2108,d9f2fb1b-de21-4188-afb0-9d8a58c4526d,"103381,105306,108880,108881,108922,109091,109498,109503,38315,38316,41097,42294,6541,69106,92638,92687,96547,99216",1751769260,2025-07-09 19:37:31.407534
ef7799d9-2e7d-4aea-9366-b11a7956ab10,e98db7f4-2713-4364-b5aa-5ee56a3eb15d,"100944,103861,105724,105940,11130,2809,40091,73041,82290,85870,93004,98491,98575,98716",1725142114,2025-07-09 20:34:31.516539
ef77c14a-41b8-4a9e-95c6-dec11a39604a,1c7700c8-3c09-42bc-a2f0-7c84127036bb,"108053,108936,2238306,46829,58583,94800,97304",1750647386,2025-07-11 00:16:31.65555
ef7ccc6a-c813-44c7-81c0-2fc243632d5a,fc2ec09b-bd6b-4b87-b894-9f4cdc0a69d1,"21921,82309",1751053457,2025-07-09 19:01:31.673767
ef7e37c6-1fc7-4558-8ce7-668a6945ac34,ae516059-5c01-44d1-afb3-2a532179665b,"100728,101301,104701,104702,105095,105270,105724,105907,107995,109013,14293,24536,2841854,28707,30439,40336,58586,62662,77959,83969,85627,91456,97597",1752128911,2025-07-09 19:19:31.413237
ef89dcc0-55c4-4dd7-9c6a-f6bfad36d53b,f2382aaa-9112-46e9-a240-c3f47330138f,"106413,25656",1751164652,2025-07-09 21:19:31.485127
ef9349cb-9309-4cb0-a550-055f693fdadf,ba9ac517-06c8-40c8-a11e-ec517961156a,"106413,3474,93734",1751075059,2025-07-09 21:22:31.50472
ef9d3b4a-1a46-4e70-8677-3b8c7e933417,1a995149-3f89-45ea-91ee-4a352e23158c,"105407,2260776,24070,2607,95750,96100,97066,99263",1750358250,2025-07-09 19:49:31.570096
efaddc0b-b7dd-4a09-947d-12cc0e568900,b3d083e9-9f6b-43d5-aac9-3ba22cb033c4,"100816,102173,102923,103510,106732,17119,19085,34337,58583,62662,89829,92638,96225,98610",1751717373,2025-07-09 19:40:31.494332
efb4f7e9-abd3-44fe-8f80-60ec1649753c,13cd841f-2aa7-4fc0-8316-7f8651c2e9b0,"101811,106237,107266,109194,80252",1749528795,2025-07-09 21:37:31.433645
efb93097-f2e6-4f5d-8997-95ab5433384c,236d9421-bf38-4e74-8656-9a9474597352,"102341,10303,10510,107153,110098,31838,8641,87545,92422",1750827352,2025-07-11 00:16:31.65555
efed63d0-d0f5-4f4b-b891-5cb842e21c49,43b519ab-a97f-46db-a2b1-363cf75cc1c7,"11130,15791,295,30505,52394,79524,88990,94601,99818",1752108440,2025-07-09 06:03:20.402123
f008d8e9-7308-4d0c-bddf-3257a091286c,e6e284b0-9127-44c7-bdca-47debf17500e,"101096,103858,11632,15514,15519,15520,24092,24575,36793,37447,38441,41023,41089,44933,46130,53561,57130,5764,59052,60286,61602,62662,64427,66320,72433,83612,93978,94599,96723,9819,98783,99263",1732548716,2025-07-09 21:49:31.460853
f0098dd1-daf8-4350-a98b-8164cd941a3d,cb4d2785-ca72-49f6-885a-ccf1e45476c9,"102409,103093,26378,27483,27730,3227,37808,58576,6598,6600,68297,90542,96397,96640",1752337743,2025-07-10 18:58:31.529937
f02a385b-a419-4c16-9b0b-268674ca278b,5e5121be-9d40-403e-8553-c5d6143f7984,"100729,105326,12010,12435,16914,35348,3675,37808,46269,58583,61602,85175,85180,94800,99216",1751680899,2025-07-10 19:01:31.560317
f02acd69-4b47-4013-8989-33cd1c8d618a,56c201fd-9214-4d02-8906-2c423940f53d,"105017,11632,22175,34537,58583,70399,94800,97304",1747474076,2025-07-09 21:22:31.50472
f02e3970-3e27-47b7-87c2-0c25eae7fef1,5b3f939e-94c1-4ab5-9ac1-2ec9100a5fdc,"107953,2156888,29854,31791,34864,62531,76470",1738264581,2025-07-09 20:19:31.511716
f0793215-e3b7-4d54-8ec2-cb0823dfb51d,c112c026-78fd-4c79-b199-16bfa5dcfe4e,"105504,23425,23591,3076,48574,58583,75100,94800,96083",1752122160,2025-07-09 06:03:20.402123
f0917cd1-0d0b-42a3-8406-29296559353a,2ef06e0c-1187-4391-b030-fad98cfb0d8f,"105761,105857,608,70833",1736483284,2025-07-09 21:16:31.455148
f09a885c-0a33-46d7-82c0-b246c136d750,24f987a3-b926-4104-8972-9d8e8925fe79,"84118,8426,96802",1751122965,2025-07-09 21:01:31.521295
f0a103da-b21c-4d6a-8e2b-47ef9ec8e084,1da3568d-1581-4ca3-ac97-76e66632246a,"105626,11792,1662,71936,91498",1751676158,2025-07-09 19:25:31.714795
f0b98954-0629-437a-b753-6e40edd0b0a0,5a8b80ae-3023-4fe3-a502-adfcd247a2b3,"105725,107902,58576,94601",1752022006,2025-07-09 19:22:31.604565
f0c47c9e-fe8b-4501-af72-cc44b5a140ea,5ff92f0e-901e-4194-bdd3-834f98274ab0,"10303,103744,108074,2146772,2607,27693,38441,42294,58586,70806,80749,85180,85849,96225,96397,98836",1752208453,2025-07-09 18:49:31.587698
f0c7b793-539f-482c-a7c9-36ba666c0bc8,e5007712-d86e-4620-9b85-58af29c16354,"10303,77392,94776,95673",1751347324,2025-07-09 20:40:31.784592
f0d249b6-c190-4fc3-b7f3-be92815d51d5,5f0204ce-4378-45e0-95b3-79b544ae2c37,"102287,107860,41088,46829,58583,8558,90000,94443,94800,95272,98105",1751822580,2025-07-09 18:58:31.654225
f0eca574-1eec-46b3-84d7-67ef3ff673ea,fe365bce-0219-4883-8619-065e73d719de,"11275,2029937,2032169,2033211,2093243,2100740",1752120400,2025-07-09 19:19:31.413237
f102d98a-80b9-4185-a87c-b26bb63b59f1,d44b11d2-4270-457d-967b-822fb69769d2,"76859,9839",1752417914,2025-07-11 19:04:31.380296
f1151121-d6ab-4ab6-829a-1d61d87933fd,56bbd9d7-36fe-40a8-b976-8777f82c7a9c,"109214,2839469,2851733,2851735,2851745,2851762,87931",1751852374,2025-07-09 19:04:31.645408
f11d5f0f-a652-4d8d-ba77-eccfc94a886b,4b5984c8-8221-4dce-afd2-2d455ea3813b,"13029,17510,21833,36852,73907,85156,97006,99224",1750497732,2025-07-09 20:22:31.445516
f1363ef6-dbcb-4686-bd98-b203a3d5a4ac,fe7413f3-95a7-47eb-aca0-5afa577f34b1,"36490,68987,71406,98700",1751909534,2025-07-09 19:25:31.714795
f13faf5c-3733-4e39-b423-9f018f23c43d,878755dc-c979-464b-8d8c-c77d65853208,"16124,39280,56852,8526",1750606011,2025-07-09 20:34:31.516539
f1699ce7-34a7-412c-96d7-9a49b94dbcda,d6ac39aa-b318-42b5-b19b-a4e0ddfef1ac,"10421,108513,11632,15941,2199705,82309",1752035343,2025-07-09 18:58:31.654225
f16b188d-db9f-4351-b6c1-efe7957274c0,d566ca36-90bd-4b64-9e85-91dd8ec74cb2,"107512,107752,108010,11369,2478,35263,73907,94800,99090",1749093069,2025-07-09 19:49:31.570096
f16e7413-1503-449b-9974-1bac32d134b1,a4e8de3d-7293-400b-9324-d3c2238e3b67,"103861,10421,107915,108769,13029,16632,2084819,2174716,23430,26485,51931,58576,71406,96083,97782,98822,99232",1751778647,2025-07-09 20:37:31.608351
f192b814-4e5c-41a8-ac14-a927507eab19,5d305d91-0155-482a-8ce7-859935e9d6d0,"20800,25206,33585,40504,45772,46269,53542,53561,58583,61602,73312,7529,80749,83129,85679,94800,95442",1750187735,2025-07-11 00:19:31.492721
f1a914d3-fb90-47bf-8081-bb0151a84c23,cf282bfe-fe5c-42c6-86a4-a4a8ef337b03,"102494,10505,45782,58576,58583,80024,85357,90185,93985,94060,96357,97550",1751861316,2025-07-09 18:55:31.759641
f1ab29d3-6207-4f36-82ff-61b8943eb0f8,7ae7a6b1-cd92-437a-8c23-31958a839732,"102173,1910,33028,38441,42294,58583",1751563993,2025-07-09 21:01:31.521295
f1c7d95c-0758-483a-8fc5-042f192a650d,83f6a444-9548-4437-8c29-e1b89030e935,"100042,11633,15791,20030,39201,42701,52394,84168,96640,97224,99263",1751770342,2025-07-09 19:40:31.494332
f1d9dcff-0762-4e5e-aca1-a975c95096cc,437b28ba-2d71-40a2-b5d5-e7f90fdee980,"101496,105903,106361,106474,109194,110092,2157149,2162166,21880,2223099,24070,2822527,2841856,30439,31838,32022,34202,37808,40063,41088,45250,51931,58586,5884,66017,86614,89866,96142,96610,99232,99248",1751660492,2025-07-09 19:07:31.585047
f1f819aa-2225-4be9-9527-9d9cc8b23e64,4ac813f7-bb24-475f-836e-a067b73bfb60,"101095,17952,24092,53561,64427,8451,94776",1751311901,2025-07-09 19:04:31.645408
f211ce09-a6eb-4863-8f2c-d7c404b7acb2,53a5760a-b006-4d70-897f-f62e8e2ca7fe,"19231,24259,25206,40503,44218,58583,58586,61602,62782,80749,86084,94631,94800,99216",1751935733,2025-07-09 21:13:31.422326
f226762e-c554-4344-a222-eb197df675f4,7f3e3fa7-9dff-44d8-a043-1e8b7894dec8,"1662,3229,83129",1750601218,2025-07-09 20:28:31.628044
f236f8be-5055-4ee7-9afb-2662dd30adf3,69b751a3-e5ac-4efd-983c-0cb9908cd74e,"104744,106772,23847,2413,38441,83696,94776,96397",1725844759,2025-07-09 20:22:31.445516
f2387398-8b35-4cdc-90e4-986a87a6dfea,dc0e47df-6588-4bc8-99cb-b919874639d1,"101730,102003,105442,105447,105459,105504,107955,56648,65149,68297,71406,90996",1749970449,2025-07-11 00:19:31.492721
f24b5ab0-c04c-4b60-8eab-72c4e5cdedf8,b6dac6ad-bfef-40f6-b312-f79176283d25,"107540,2839469,59965,61600,65902,94601",1752373599,2025-07-11 05:37:31.442568
f255b9ec-81fb-4bcd-a5e2-73e92fa679f2,4770774c-bc90-407d-8dc9-84bc14d50ac3,"10303,108295,2029937,30439,37100,52394,53561,62662,6541,89676,94450,96083,97224",1751830235,2025-07-09 19:22:31.604565
f2618aa9-2890-46b8-bc72-2138586f9cf1,40f68221-e85d-4fe3-bc82-38df0d6ac7f0,"10766,11632,25503,38441,40407,41088,46130,47319,53561,64427,86084",1752169282,2025-07-09 19:07:31.585047
f27939e8-3111-42eb-9a4f-f8ace4add08c,4849d175-4e57-4067-a34e-b571ac8dddb1,"100816,108295,108336,37808,46130,53542,58583,58586,65742,76859,88990,94096,94097,96225,97224",1751836098,2025-07-09 19:37:31.407534
f2996155-31cd-4a31-bdd6-07cc052e8db1,10267fff-e65a-4bc9-9a6e-356ef4f37a69,"36790,71733",1751142156,2025-07-09 19:43:31.642855
f2ad6789-94ef-4ae4-afd0-4eb59ae1ba71,b48d2f9e-9384-4f8f-afdc-828decd4fa8e,"102475,102715,104321,108287,15226,46829",1748032488,2025-07-09 19:46:31.620522
f2c75a9d-62a5-4aeb-8eb5-cbbc9a195e04,6405ad4b-3609-40be-839a-bf36d85dbc51,"103916,108487,37100,38441,48291,58586,64693,65905,72378,79786,80749,93595,94599,95272,9672",1751335088,2025-07-09 20:43:31.463099
f2db3785-d429-4ed3-b662-ba6260d9e6a8,8837621e-dccb-4863-9c20-844ae7f04cf4,"105723,15519,16612,17915,2478,26741,30980,32025,46269,54659,69724,74882,94634,95623",1751465400,2025-07-09 18:58:31.654225
f2e79202-041a-4e6b-b847-a924d9bd98a7,044667ea-2cf9-4d2a-951d-1fa9d37c5316,"23814,30195,4584",1739593115,2025-07-09 20:31:31.402227
f30982fa-66b7-44af-9fb0-29ec90c91507,d9aad7f7-5332-4136-bd53-d36fab2bce4f,"10791,16184,25652,57910,64427,75322,95697,97101",1751423993,2025-07-10 19:01:31.560317
f31529aa-01d9-4c25-a829-5ad142dcb1f0,8572355b-5f89-42ec-b3ac-4e536b9c5614,"30439,37100,53561,58583,61602,79524,94631,95364,96083",1752116111,2025-07-09 18:49:31.587698
f32ba471-a5ed-42f6-bef6-6b171bf62c75,17f9b0ba-95f4-45f2-a5a2-00d45a06db07,"101820,103706,104013,105301,16460,17278,3891,89103,89509",1751723446,2025-07-09 21:16:31.455148
f3840da4-b4f9-4e2c-a222-d73e5fec5cac,58e73cf6-d5c9-4c60-a0b1-69e863894de1,"1910,3227,42294,83696,90542,96225",1751564234,2025-07-09 20:58:31.613441
f3a8ab28-aac6-4338-b8ae-4ba2b1c7218e,6ea71bf8-60e0-4075-ba7e-5d6567671fb1,"2142076,5403,71734,76470,8445,94817,95673,9672,99216",1752435880,2025-07-12 12:40:31.55665
f3bc79bf-07c7-461b-a81a-5eca3725a83e,f9b268b0-1ac8-44a1-b862-b2fecd6f357a,"100328,105827,107285,16191,99371",1751579686,2025-07-09 20:58:31.613441
f3ebe341-c680-4fc7-84e0-373d5b081c60,a8b4c65e-f61f-4d39-9984-9bc41b7a55b4,"104017,105199,108184,25656,26620,67989,91691,97080,97227,97285",1746414234,2025-07-09 19:49:31.570096
f404ee29-f1ab-4ea1-86d3-8ea4b36bb300,e17329d6-8396-4f11-98df-33643e07a134,"42294,48574,74787,91232,94227,97055",1752199733,2025-07-09 19:19:31.413237
f4175f79-101e-49ef-9d26-ebf25a6ed5c7,375f3c91-96cf-4e96-bbed-b48edffd46e0,"102409,102415,103658,107006,108950,30308,34337,38328,766,87024,87316,92664,97978,98491,98575",1752179632,2025-07-09 20:55:31.375308
f42b4d36-7d94-44c8-9bb4-1e034fbec2cd,9dc65e09-dbd3-47e0-a4ba-3329d8c21113,"100164,104641,10931,42294,45782,53561,5403,58583,61602,65902,75100,89704,91473,96027,96397,96977,98818",1752337059,2025-07-10 18:58:31.529937
f431d493-50db-4432-902f-273c3a38e85a,c272ceff-5d44-4105-ad01-846c077c7044,"100868,102374,12138,58583,86084,92049,95702,97304",1734932150,2025-07-09 19:43:31.642855
f44a374c-25a4-43b1-b557-ed8223a3b94f,e4718e62-2316-46d3-b06f-1b4296effd58,"106550,107725,107726,24250,24536,31681,46447,64249,64427,77380,89448",1752068771,2025-07-10 18:55:31.478294
f45067f2-f554-404c-a037-ff3ce1569e92,a3a961a5-4fc4-4da4-a78c-e801e9e012b3,"17995,2164894,2607,38441,48574,80749,96610,97092,97304",1749837000,2025-07-09 20:43:31.463099
f457c4ec-42f6-498b-86df-7240245f0a28,fa3f2386-0f6c-4594-a82d-c33b5f761c0d,"101413,101625,104158,105843,10766,108085,2197886,2197891,23425,37803,37808,42294,57298,65747,73907,82489,94273,94599,96699,97012",1751435436,2025-07-09 20:40:31.784592
f4683b87-fb9c-40a4-ac73-f6f4529f13be,d79321a2-460e-4f96-81bf-8f547d293458,"107672,14987,23793,33184,48574,58583,58586,69106,79334,83685,86555,96953",1751568514,2025-07-09 20:28:31.628044
f46a038e-bf41-47f7-ae27-67a52caa28d2,e87656ad-321d-4cfa-b675-5e7062426b0c,"50679,9819",1751482465,2025-07-09 21:34:31.499073
f48ef10f-ccda-4fc1-846b-ca8f77ba03ff,886c4f8a-7da2-4642-b54b-2621ded92268,"58586,96225",1751634508,2025-07-09 20:58:31.613441
f49abfa0-14c1-46ec-8214-5e3376197db0,51d8d07d-129e-496c-878f-213a395b1dbb,"105895,105905,105918,92687",1752072773,2025-07-09 18:58:31.654225
f4b64210-7a80-4644-96d9-3d587fa63829,cedc8c58-56f1-42d1-a565-2e1aca0cb665,"10282,105060,105787,105788,107366,2818792,35204,37671,62180,82382,88240",1751064371,2025-07-09 20:46:31.392832
f4b9bf55-1989-4230-a370-345f9ea646dd,d18fecf8-359e-48b9-9703-ff4111a47e13,"102409,11369,5461",1751077232,2025-07-11 00:16:31.65555
f4cb9afc-4a6f-463b-a832-e2ef82c30466,a64dd758-a4d7-4ab3-9e18-f9446e37311a,"100167,107182,108735,58583,96357,96977",1752142682,2025-07-09 06:03:20.402123
f4d808af-9280-40cc-8e42-a5ea5cc1c733,74bf7677-1d7b-42d7-9d9e-a6d635ccd03f,"1524,22415,35202,5764",1752459888,2025-07-12 12:37:31.584738
f502106b-68a4-4380-85fc-c45e0d115dba,e78f495e-468e-4fb0-81b7-d5a33b186ce0,"101561,109684,4301,77885,89657",1750010689,2025-07-09 20:43:31.463099
f50cdf28-87c7-4ab1-85ef-a54b4ef0a9f2,38295f5c-53ec-40dc-8dc7-0370c29068e9,"106395,11275,1662,17995,19180,3227,49409,94799",1752340447,2025-07-10 18:55:31.478294
f53c8ac5-a033-4b1d-850d-812a8879fc1c,49ed1a05-a329-4f18-87bc-282df76ba270,"30439,31780,94599,98821",1751822654,2025-07-09 20:37:31.608351
f540c56c-7af0-4718-aa14-2358068b999a,f97908b0-c074-4b44-8333-f73e43f660db,"106277,106278,106279,2162,30312,85118,97304",1752238792,2025-07-09 18:49:31.587698
f546a63f-6f5b-41cc-accc-3af29bda5fe3,b4497c36-5e8e-4148-bb31-78626677d427,7309,1752419299,2025-07-11 19:07:31.675911
f5544532-9c64-4070-bbc1-3a9c21166635,bb089d0b-6629-450d-bbef-76953ee77a7e,"16041,1662,30478,58583,61600",1751213553,2025-07-09 19:01:31.673767
f5768403-bad2-49ad-95ac-07ded566cd00,2a79c495-ec81-4efb-a6d4-5462de1f9cb9,"101218,16632,46130,55493,58576,61602,62544,70395,94599,95918",1751662993,2025-07-09 18:52:31.536339
f5a9d1d0-c568-40ee-8cd0-eba227f7d7a2,aebcdefc-a4d3-4179-a7da-d6f34860bcff,"107751,1759,2219350,24070,3227,65145,77946,83696,96625",1750526312,2025-07-09 19:49:31.570096
f5bbb78b-cd21-4587-b866-3a3d6755584c,7d6a17d8-9774-4ac9-9b87-3efbc9330664,"104641,19329,25433,26741,34929,48751,48753,48789",1752272466,2025-07-10 06:01:31.512189
f5dca589-fc4f-4a0c-ba0b-f524f7dc4e71,a109fc00-6860-4b0d-8f36-3321dd452c4a,"104204,106007,109123,12597,5353,58583,8445,94634",1751032974,2025-07-09 19:04:31.645408
f5f565ac-e447-495c-9786-d80c47b8b591,6236f347-24d2-4021-a6f1-ec1f44698f8b,"105723,108769,2115,48518,65709,69798,91788,98822,98906",1751849835,2025-07-09 18:55:31.759641
f6189731-fb0f-47dd-b301-b81cf27b8f30,c7212222-1867-4f6b-be37-482f52d20580,"42,58583,65747,75298",1751028333,2025-07-09 19:04:31.645408
f6253bae-393c-4390-9c81-d9392eaa4aa2,cbb7b96a-fd6e-4700-958d-99b2134dee73,"100816,2228440,38441,46269,50163,61602,79524,85180,96660,99216",1752373377,2025-07-11 05:37:31.442568
f627d595-243c-486a-8032-ff906e7acd98,7f61cfdf-9569-4aba-9fc3-4dcbca9f0146,"107657,13240,14293,2132490,2267601,24702,31053,38441,46919,48574,52753,5376,6154,90000,90902,91155,94443,9729,98776",1751962359,2025-07-09 19:22:31.604565
f645ea54-2a8e-47fc-b7a3-440d10205174,5cfeea63-6c41-4fdb-b9e6-d698006930dc,"10303,18527,25206,25504,37808,62662,94378",1723998808,2025-07-09 19:52:31.520152
f652d952-4906-428a-ac6c-19623b590695,6028c558-37da-46c0-b718-a2d87c19f0ac,"101381,102052,102331,102332,102983,106042,106052,107044,11632,12241,13240,20538,2160211,26485,30894,31444,33962,42919,443,45782,50830,52394,66991,80749,84942,89996,92301,92714,94169,94893,95160,96660,9819,98324,98501,9865",1728699797,2025-07-09 19:55:31.439331
f66a0239-95fd-455e-8722-5fefb4ddf259,66edbc8f-dcc8-4faf-beee-bba5bb717167,"10303,10421,107693,2174713,2174716,34300,41097,42294,47059,61512,82309,89612,94601,94817",1752174024,2025-07-09 18:55:31.759641
f689433e-3032-456f-b084-0d935224d25b,a3aead2c-e948-4a66-b941-4fac7d0276ea,"105766,106717,25711,43779,61600,71936,77885",1743131878,2025-07-09 20:28:31.628044
f6e402ec-7ca7-471b-aa17-4f17e7529fdc,670f0955-c6e0-4773-b19f-117319b81a97,27605,1752204526,2025-07-09 18:52:31.536339
f6ee02db-0456-4691-b82b-3b7ec7a8cdd9,c18cc78a-3041-45c4-bd16-0d4f515c0515,"101608,107740,11520,46269,59332,64427,72397",1750812296,2025-07-09 19:46:31.620522
f736962b-da58-4e31-a23a-75d5b022cf24,dd0487b8-090c-4e16-a831-c351e9dc305b,"29959,34421,96083",1750513143,2025-07-09 20:16:31.381882
f7485daf-1391-4e58-8fcf-0e630ede1f21,91b8c523-9231-422c-91b6-4e33c4f6dd8f,"105326,107679,2839598,2841399,35730,38441,44933,46130,71921,82290,85783,94227,96397,98700,98741",1752017496,2025-07-09 18:52:31.536339
f76353ac-99a5-4e6c-963a-38b162e8d404,8dc7ba15-4f5c-4e50-a7f0-3c9dafd1afa6,"100005,101323,105149,18283,2160252,2245766,25615,65914,67208,96083,96193",1752091936,2025-07-09 19:07:31.585047
f76f8935-836b-41b0-883c-574ddc990cbc,c56f401c-b702-4a78-80ea-40b528b1c36e,"11917,92638,95697",1696101371,2025-07-09 20:43:31.463099
f783f689-17ac-4178-b5e1-4a91e0f34c71,cdc323bf-4300-43ce-8e7e-5c5e29b97b00,"11786,2607,53561,58583,61512,62721,62782,80749,94800,94817,95857,9672",1752293955,2025-07-10 06:01:31.512189
f79439d2-0021-4b2a-8a84-39d15017af2f,d58a3046-129e-48c2-8208-e9a0077a7486,"24702,25615,46829,72397,82490",1752290745,2025-07-10 06:01:31.512189
f7a626d8-5632-4148-97bd-707c85ed1e11,091eb28b-7e92-4b06-8f01-fb81e6ecce38,"101811,105978,107915,109078,21833,2193179,2223524,2607,83696,91237,94904",1751510377,2025-07-09 06:06:20.285942
f7de1a42-3f22-4c0a-9b2a-183be22058f2,dd15d2d1-e821-4e94-b97e-a6089cb1409d,"101119,101684,101968,105578,107884,1627,2084344,21481,25652,64427,94800,95750",1751586620,2025-07-11 00:16:31.65555
f7f56f3e-49ce-4900-8e61-64e8c2843978,ff11987f-5e42-427b-ae2a-3ec847f3cb96,"105018,12010,16772,17129,2802,31573,48574",1749577910,2025-07-09 21:25:31.482511
f80efa11-f4cc-444f-8176-6669272d840d,1f7e14f3-4c8d-4e09-bcc5-44a9b18a80ad,"108295,13082,68987,88189,96083,98873",1752028400,2025-07-09 18:49:31.587698
f8201356-9f7e-4d8f-8916-a55f58dac194,e84af424-34ad-44af-a8bb-20c1cbc5a3a7,"16087,2835675,85259,96030,97300,97619",1750749279,2025-07-09 21:16:31.455148
f853a2d6-0d69-43f6-a42e-a3bd244dc4f5,a772410d-5adc-447f-83ce-b7ed53b4f803,"108287,16772,2048243,2053376,2176646,2813504,2877939,68987,86186",1752292380,2025-07-10 19:01:31.560317
f856dee7-6e2b-4f5d-bd43-aa86c0d07250,dd7949ed-6502-44f6-b594-98768a673b37,"104876,106398,20013,26891,42294,4495,58583,6743,94097,94599,96707",1751644920,2025-07-09 20:37:31.608351
f873097d-cd01-495e-85b6-bd12361d2f55,7869acb8-0294-4671-889a-f8ce2852f479,"23156,36793,37808,42294,58583,6261,8420,94777,94800,95750,95886,97787,98817",1752275896,2025-07-11 19:10:31.371089
f87e99a9-8a56-4065-bbbd-52e5f51dd3ea,c21eee1f-21ce-4862-83be-1412b88f4e2f,"101495,102331,104718,108192,2852556,2855149,52753,64427",1752022952,2025-07-10 18:52:31.513517
f87f4955-8368-40a9-b626-921ad7b22405,3af011a9-4a3a-4f73-ba83-e3a5ba370a7a,"105917,11632,14659,42294,56285,71602,79521,84513,94025,96802,97624,97645",1749749742,2025-07-09 19:49:31.570096
f88b6013-fc94-4770-a055-276692224396,13454b26-aafb-4208-9630-5e7a02348a7a,"100079,101324,102042,103187,103188,105626,105657,105886,106743,106746,109001,11369,23063,2607,2686,27483,34931,42294,50378,56083,61600,64690,65902,7542,86084,86373,86543,94800,94891,96953,98192,99216",1752221758,2025-07-09 18:49:31.587698
f892a96d-e273-438d-8f0e-638129befce2,224242d1-4c99-4ede-911e-62e9096d1639,"100123,101265,102494,103999,108880,108881,38315,66012,83341",1752378594,2025-07-11 05:37:31.442568
f8940e8c-55ee-4c6e-9350-58007674a2e4,d68b189a-25b7-4ef8-b61d-8fa9a8430cd9,"105326,107860,2089603,37262,46269,5376,54635,61602,76859,813,96953,99216",1751090177,2025-07-09 20:01:31.36324
f8ab67b3-a2ac-4756-9fc8-7554c4b7e504,62b08b09-f03a-457d-82db-7af18367718e,"102968,109758,48574,89330",1752261142,2025-07-09 20:25:31.345235
f8b865b3-d218-4f69-8b23-473446c0911b,fc3e7c54-29a0-4e04-8a64-4b6a13d18010,"101097,105626,35462,37100,58583,64427,94800,97092",1743805155,2025-07-09 21:37:31.433645
f8be908b-2fe3-4c8b-b14e-9cca16fa43a9,649ab2b0-61fe-49e0-8557-239c998f5258,"16816,24250,35932,43144,65145,67028,9819,99483",1751934853,2025-07-11 00:16:31.65555
f8d83a2f-9cfe-4d86-95f7-4d19c84dbc7b,698bf2f0-c1fd-4158-8826-8edcec5b4f24,"104174,104423,105119,2246343,23425,2829549,2850939,30197,37808,41088,56285,58583,62544,64427,69106,71120,82490,86824,9672,97304",1751473808,2025-07-09 21:13:31.422326
f8f205b4-5625-480b-a90e-87b8c91e1393,2cdfdc22-de1e-40d6-93ff-93f8d9e7d65a,"102716,104640,11275,32636,37100,37808,40504,46269,58586,64427,65905,89465,91936,95583",1752123281,2025-07-09 19:52:31.520152
f900bff4-b32b-412e-a322-045899c1ea34,72308032-c1e4-4e74-a391-5d4cab422ec2,"104485,99371",1751940674,2025-07-09 18:58:31.654225
f9028b2a-06d8-4ef0-bec6-46d24555b8a9,c7d1ff19-2d61-4c55-be47-b5e01e223374,"102087,102232,107862,22741,295",1751956420,2025-07-09 18:52:31.536339
f908226d-f9f3-4fc8-90bc-8a88724f5d4c,513fe825-ef25-4177-bc2c-ddb2612ed98a,"102087,6980,7521",1751416545,2025-07-09 19:25:31.714795
f9180cde-9963-4a3b-a34a-4c4146205ec3,18336e18-da9b-49a8-9da1-ac84b8cf4d0d,"100645,104640,105763,33493,58583,64427",1713657566,2025-07-09 20:31:31.402227
f91fe5c7-c9e0-43bb-bb02-158837c45e84,5903d3ce-53f9-4c52-b13c-766e6751ffaa,"100816,103861,105265,105270,106278,21833,24584,39201,84168,94097,94217,99216",1752159223,2025-07-09 18:55:31.759641
f9263a2d-2d62-491a-906e-ddd61db6be0d,b591a577-263f-40af-a762-aeae76c5e26b,"102003,106160,108068,49705,63587,86554,86555,86633,93812",1742447744,2025-07-09 06:06:20.285942
f9266b7a-3da6-473f-8c33-d31a6c2c5b6d,07edf197-2ff5-4cb1-b22e-194494e2b3b0,"10137,101916,104792,104809,106114,107372,108089,108090,108292,108606,108607,108880,108881,108922,108950,109446,110185,11632,1657,33030,46890,476,53561,7509,84168,85292,89305,89310,89311,92402,92687,94182,96083,97224",1752464144,2025-07-12 12:43:31.31274
f92bb451-9b46-4266-bb31-efb8b18e13c4,30f49952-d57e-474e-a4fd-dd4e7a6cf770,"102900,106240,108683,24250,24702,30195,37100,38080,50679,58583,62662,64427,79755,90567,92312,93978,99438",1752257858,2025-07-09 20:46:31.392832
f9655d6e-db65-4760-9235-5d3175e64e8a,2f33400c-e577-4311-849d-29c08e8e86d4,"104321,106163,106551,108201,31838,34335,38441,43336,46455,61645,84118,87024,87333,95573,96397,96707,97479",1751656095,2025-07-09 19:10:31.750627
f9661dd2-0459-447a-b60a-9329d6658d89,759dfa4c-af66-4ea0-8301-24b568e39cc7,"101380,104673,104931,1063,106464,106705,109512,109514,109724,110073,14301,2841011,2841016,2846286,2862256,35348,35928,48574,58583,7521,92596,97304,9819,9850",1751855066,2025-07-10 18:55:31.478294
f9677df8-9294-4675-b9a8-80d813552857,4fb7dd75-8ca1-45e6-b1d8-4b76051ce039,"106046,107196,107345,107759,109385,2176646,2245045,2245397,2248702,2817712,64561,71116,74889,82771",1752154936,2025-07-09 21:31:31.254386
f983937c-39c1-4381-a28a-0417a3e06e76,45c9f51f-e71b-431d-bb8f-5eceedec7a45,"100583,100584,107359,1529,16916,51201,80741,88432,93985",1728589096,2025-07-09 19:58:31.343729
f999de04-af9a-42d1-825d-ec3a2145cc95,28be0d1f-f209-49a4-877a-7f89cfecf839,"100816,104957,106536,16801,18283,25433,27006,37100,39789,45782,49400,54673,5897,79524,80749,87377,96397,97553",1751905311,2025-07-09 18:52:31.536339
f9ce6647-5476-4c51-8431-5c297d1ad377,56cce449-ca5a-47a3-8298-3000d0520faf,"104100,108513,3102,33962,67997,94227,96083,98700",1751904546,2025-07-09 19:22:31.604565
f9d12f0c-29d0-4dcb-800a-57c6dd7964db,496bcf5d-1df9-4d48-b4e9-47b3c8374fb7,"2191080,2191123,2191162,2230483,2845995,2869644",1752144653,2025-07-09 19:04:31.645408
f9efc8b5-81c8-4a70-98fa-31b812953eb4,af127600-c169-4396-8c58-fbcc11712b1b,"100210,11275",1751754964,2025-07-09 19:37:31.407534
f9fe47d4-3eef-45db-bb8a-0d073cd55049,5d1ec097-8993-4cbe-99d1-d759468f372d,"102569,103970,104229,107006,107540,13082,15791,24250,2607,58576,62662,7880,83266,90186,93868",1743301933,2025-07-09 21:49:31.460853
fa0ccb08-38fc-4e86-97af-2649b1f11f8f,5d248ba4-71eb-4da5-acf4-29c8759fa175,"107902,76859,89461,95878",1751938545,2025-07-09 06:03:20.402123
fa159a44-dd80-4c1b-b56a-22dda77f05dd,f9f66a58-4747-402e-91e7-ac4af8e8b279,"24250,3562,42075,48574,53561,5376,58586,61602,93849",1749577141,2025-07-09 21:34:31.499073
fa361a6d-dea6-41c2-bf9d-62c89b1aa806,8a6a2bca-5df6-4933-849a-8f2ecd9fb24b,"10510,106499,107577,2120552,42294,52394,89367,97224,97338,97830",1752147992,2025-07-09 06:03:20.402123
fa48902d-ef42-4398-b659-8f3573b488c2,4484a1b8-d688-425c-97d4-4703f399eb25,"102494,10303,103998,105363,108295,110339,11795,12992,2129729,2156,2210844,25162,2851741,2864962,3946,40213,48517,49004,58211,6603,67147,6980,78339,81813,93104,94378,95272",1752076495,2025-07-09 19:01:31.673767
fa48f684-46b7-4db1-8511-6d9a65d2ccce,533283db-f537-4ee4-9be1-d207d5187d42,"107698,108614",1752246157,2025-07-09 19:16:31.314342
fa67b88f-e821-439b-b14b-357cb3be1ce1,ff1b3162-99de-4530-93c1-9c0421a44986,"101438,103938,104013,105301,16460,23930,2607,3533,40975,41089,58658,62612,63415,88150,89504,92615,94227,96225,96397,96977",1735845486,2025-07-09 19:43:31.642855
fa7352ec-db54-4db9-ae92-bc6b069cbfe2,a2bf5a30-87d7-48d7-8852-a02b86dff29a,"43336,51318,53542,61602,91498,95493",1749994156,2025-07-11 00:19:31.492721
fa9ddaf4-d2d0-49a5-ac80-2d4bd8172d15,ded290de-d191-4c0e-88dc-0daf2a289f1a,"108464,109764,2193179,24171,26490,2817968,35348,44761,69708,98636",1749428243,2025-07-09 19:49:31.570096
faa12759-12eb-4f09-a216-6d8364aae53e,48ca4616-c646-4902-aa6a-2bb327dabb40,"105504,107301,107860,28012,30439,38441,52394",1751913417,2025-07-09 18:55:31.759641
fac8eb96-f7bf-4bc1-bf9a-19ab72829b26,26d6a76b-9d78-4741-9c53-2cab4c6a3a31,"100802,13827,2132481,2156,2256523,42330",1748328466,2025-07-09 21:43:31.40037
fad84261-b5fa-4428-829b-9f7647585f97,2e06cd67-857b-4828-be4d-6a243bd38b27,"107285,1662,58586,88463,97412,99371",1751394434,2025-07-09 21:01:31.521295
fae3ac7e-1fb0-43d5-8eae-883d245b7950,43c6167d-9bff-4908-aee7-8ff208d8ed85,"107860,2248703,85180",1752230798,2025-07-09 18:52:31.536339
faf4abaf-beb9-4caf-9089-cef95800e167,7ffb7c06-5c6d-400b-ab39-76643cb2fb87,"106265,2162960,30549,39201,96083,96802,99403",1752215015,2025-07-09 19:10:31.750627
faf989f0-0d28-4dcf-a3b8-256c96a6da81,f1f04af3-b76f-4326-8214-e586bd03f73d,"100328,102087,105555,106355,12010,1305,23425,30308,30312,31838,3569,3625,3991,46269,51931,52157,54673,55493,58576,83685,8476,88994,90542,91624,92549,93015,93754,95470,97790,99216",1751302533,2025-07-09 20:55:31.375308
fafb2b89-45e3-4605-b0e3-60f8b8e44c5b,6e659dec-9110-4c44-a067-51028d7fb8ba,"106513,35536,83230,83419,94833,97078",1752259014,2025-07-09 18:46:31.426409
fafbb0ae-d600-440c-afc8-e65e7216dc22,6a7169a9-5872-4db4-a5e5-6ebc17ecac92,"105723,107711,10791,24584,2792,2855138,50679,85189,95673,96625,96802",1751526390,2025-07-09 17:45:20.222232
fb10a79f-760e-4be0-85b2-1af17c078abe,18664a30-7649-4bfc-83bb-4cefa6173feb,"50523,5376",1734636533,2025-07-09 19:52:31.520152
fb11cef2-0c7b-4899-9c61-04b580066ce2,415344be-cae1-4f4c-9659-4bd42e478ef0,"100251,10093,103216,106796,12498,36852,40709,4369,95935",1744981811,2025-07-09 20:22:31.445516
fb2fe6c4-1007-4e32-a148-af47ce384377,ffb3ed1a-9692-4b0d-a945-8b63fdbe0295,65149,1752161256,2025-07-09 19:07:31.585047
fb4ae94b-4916-4adf-b191-fec40058e3db,aad04e87-f656-48ff-acbb-423b57b38787,"105766,106717,16632,48364,50523,54107,71936,77885,82309,84942,97511,99216",1742735751,2025-07-09 20:28:31.628044
fb5427c1-078e-4ac8-abd2-20c10b2071e6,f2199a00-ca04-4b5b-9ca3-f07bf117213c,"104673,17436,2851741,28701,9819",1748992124,2025-07-09 19:49:31.570096
fb70cb78-e960-44a1-8d23-3e87720ec08e,c964b86d-5fce-47b3-8b20-7834586c15f0,"100268,104100,108086,20795,2086595,2131942,30878,58583,58658,61602,62721,83732,95637,96083,96248,96397",1752389259,2025-07-11 19:07:31.675911
fb7210fe-94b9-4eae-86d9-0759fddac86d,debf9a6b-f990-40b8-bf90-109c4eddf8d1,1662,1752283995,2025-07-10 06:01:31.512189
fb7f07ae-b21b-4730-a908-1ae3396bb9f8,67ee1ce3-3199-458b-bbd8-5b40dd112807,"2184438,23591,25860,7719,91308",1752372770,2025-07-11 19:07:31.675911
fb821bf9-51e3-40b5-9dc2-391b52bb4165,70de7631-3e9d-4db5-8357-4c34106666da,"107740,19221",1748787477,2025-07-09 19:46:31.620522
fba9eabd-b568-4f3d-ba3f-645ab6031644,a31af0d2-88ee-414c-89f2-27cacd4d1ecf,"2085665,2085687,2101946,2102193,2107398",1714182754,2025-07-09 19:46:31.620522
fbb3293e-727f-4757-9bc2-29f2c7b7f10f,70c9e1db-fd2e-456f-899e-163ea8ce9fa6,"103504,33493,35348,4756,48518,96723",1712123101,2025-07-09 19:49:31.570096
fbc4d336-1caa-4b6c-a5fc-f9ec8c65cc20,bbf26d8f-34a9-497a-aaf4-cf3d1da9ed32,"104176,106652,20337,27483,42294,46269,61602,64427,77946,824,88728,91212,96083,9819,99344",1751584400,2025-07-09 20:40:31.784592
fc001276-df7a-44a2-8c75-c2568c5ca038,4f2bec94-6cf6-449d-8497-afa0c48f91e9,"101730,106161,106355,10638,106499,107301,108295,108513,11275,1248,15791,1662,2251842,29530,3229,344,42294,52394,53078,53561,58583,6114,68987,79524,85627,92271,96083,96625,98700,98741",1752200799,2025-07-09 18:46:31.426409
fc01826c-20fe-428f-90fb-06b435845e77,5fbea8ff-a2a5-4b36-b491-bc8339439609,"12515,2027416,2824508,35683,40214,41089,9172",1752119419,2025-07-09 19:19:31.413237
fc1608b8-896b-4324-a3e2-743eede5e99a,982862b1-8362-4980-8c57-7472ae873583,94800,1752195567,2025-07-09 18:46:31.426409
fc2216a7-90ba-436a-ab93-bd863943578d,e7bbfef8-cee4-478b-9372-62d5b0d01475,"105761,107103,107997,10956,16767,2086596,21299,2234385,2247522,2247928,2247938,96660",1739591924,2025-07-09 21:34:31.499073
fca26517-6b01-431f-aa71-35d9bb63d006,5e1194fe-764f-43b9-a3e5-370e59e71ab6,"107355,29431,38441,39299,39976,5403,77392,92262,94776,95793,96707",1730751227,2025-07-09 21:13:31.422326
fcb56ce5-a529-43e9-9012-d77b63a38fa5,7f18ef12-60bb-4755-a3ec-607534efd418,"106717,106796,108561,2224767,3165,45098",1752033369,2025-07-09 20:37:31.608351
fcbbce13-eb04-4daa-a910-b5e18b089d09,d3398fd5-632c-4248-b49e-3712943fcc08,"104176,346,38924,43573,43576,50679,9850",1751058101,2025-07-09 20:25:31.345235
fcc554a6-8294-41da-916f-e523c99275cb,80a926e2-5d52-4275-8211-9940da2d178e,"103510,105723,109024,11633,2607,3227,37808,40499,42294,43144,46130,51931,53542,62662,82069,83702,8715,88463,94601,95750,96248,96701,9672,979,99216",1751688614,2025-07-09 18:58:31.654225
fce31b61-0bda-48c4-998c-886d3a3f1794,81c20171-06f8-482d-92cd-5e5b27eb4f7e,"103717,105626,105766,107343,23156,62662,63620,64427,9067,91308,94601,97304",1752099678,2025-07-09 06:03:20.402123
fd06263a-16ef-461e-ba82-0e5e660e524e,698c9b9a-9079-4984-aa6d-a9d29e3ad856,"101501,106076,107006,108467,109511,24250,2607,2792,56285,58583,58586,73907,8526,94800,94817,98286,99216,99344",1751840127,2025-07-09 06:03:20.402123
fd0de264-aa71-4243-a731-df4193fc5b21,dc5acb16-1167-4e2f-8957-dee95233f3d8,"10093,1305,13933,2052,32878,58583,68177,73312,92283,9253,93839,94601,94800,95623,97080",1751857203,2025-07-09 19:37:31.407534
fd1050fc-09ef-456f-8bed-21f9dbda74ca,21de3fac-bac8-4d50-b1ae-2d2b3bbbd386,2155604,1751742255,2025-07-09 19:25:31.714795
fd6f3ee5-3512-4328-88d4-070de01056d0,3b650817-0dd0-429c-a595-bfe63cc7e108,"102494,104485,105326,106189,107860,108513,108766,16124,16951,18051,2142785,2201088,23591,2607,30197,3229,38441,41089,42294,48517,62662,6541,65902,6743,7521,93015,94599,96083,96446,96699",1750955742,2025-07-09 19:01:31.673767
fd8020d4-c060-4abd-bee0-192ef693fad2,655d8549-fba5-4473-9be1-7aae17435296,"101833,102200,102232,102234,11517,2855138,87931,94817",1752438744,2025-07-12 12:37:31.584738
fd82b2e5-ef0d-4b09-a4e1-3f1b1ef0e87d,c33b0197-cf6c-4414-814e-05554926f677,"2478,26485,29129,44933,6183",1752023315,2025-07-09 19:28:31.448042
fd8c278e-76f5-44ae-8527-9955aae5b4da,8ec38561-b6de-4440-8a67-5b3589be8a27,"2134354,25652,94601",1751509499,2025-07-09 20:37:31.608351
fda916a9-eefa-4a04-912b-f331af22ff35,0dba848e-ebb9-4504-a78c-58524d00cf51,"11275,2837262,2837279,29843,38441,45842,45850,46130,67997,74889,92490,93015,96953",1752326802,2025-07-10 18:58:31.529937
fdbf0dad-7f53-42d4-af8c-af855ec76f11,9c308619-f1f7-4270-a0eb-301463bcb83f,"25652,26378,64529",1751502104,2025-07-09 21:01:31.521295
fdde997b-1f07-4fbb-8389-3117e54dea8d,5fb30080-eb1f-4254-b888-ca8376aed3aa,106482,1752190460,2025-07-09 18:49:31.587698
fde280cb-90fc-4c1d-bcc8-c4bfdddb1504,9edfe567-2ea1-4e95-8bb3-2bc81d22bae9,"102330,104482,104723,24250,2607,37808,45782,46269,58583,83685,90567,91191",1752020701,2025-07-10 18:55:31.478294
fde69613-97bf-4c38-882f-a53329413255,81bedceb-8eae-463d-be25-8f1f32987301,"105978,28222,2829169,39201,42294,97210,97481",1752026898,2025-07-09 19:04:31.645408
fde8d288-befa-4cb7-a786-a1e50d6fe803,2ba8bd30-82bd-4e4f-b012-9c0b34c307a1,"105849,106551,19180,24021,31925,33493,37296,39334,40336,40406,42477,43336,48518,52157,58583,58658,61602,68297,76470,8419,87627,91788,95750,96701,9729,99263",1751289057,2025-07-09 18:58:31.654225
fdee14e0-798a-4ac0-bbff-df22e2bbb944,0452224a-968e-4ae7-aaa0-f6a83b8672f9,107711,1751398336,2025-07-09 19:43:31.642855
fe0eba73-4532-4a60-a2ab-54204cc38fcb,f3923fee-4c34-40b1-af39-659dea7d6dc8,"3229,38441,48574,49005,53527,55493,58563,58583,61602,64427,89358,96083,99344",1752241913,2025-07-09 19:07:31.585047
fe35e4f2-71be-4121-8ede-f1903ad3235a,4f6b2251-1ce7-426b-97e7-8593087536fc,"100816,109914,11792,19221,37808,40504,41097,43144,48574,50378,58583,7521,83402,85180,94631,95353,97338",1751764269,2025-07-11 00:16:31.65555
fe58ec42-a39e-47ef-bb02-12897079b281,51156fa5-a1a4-427a-9689-33fa8b221558,"1627,43928,77149,97304",1744608242,2025-07-09 21:13:31.422326
fe61f316-7913-4b07-a80f-9d68dadae223,b7ef34ac-6eda-46f2-bd1e-b35a8ed13816,"104368,105223,105824,107922,108107,2052,32022,42294,43336,459,48518,95097",1751875392,2025-07-09 19:37:31.407534
fe6d92c0-13a9-4a28-bfd7-0104ce6e6d13,2902fb48-c93b-405b-ac03-abb903655d21,"101323,102716,105326,11275,26509,30439,36490,37444,38441,39334,49005,50523,53561,66320,76470,80150,86828,96078,96397,97055,98171",1752471433,2025-07-12 12:37:31.584738
fe7a9ed5-90ce-431a-8e1a-08da63f7f5f2,a6a128db-b2f3-41b5-a827-108a4caf4501,"1063,106550,108783,27707,61602,74434,80749,95444,98636,99321",1750977405,2025-07-09 21:22:31.50472
fea80045-f267-432b-b542-6ae72e8eb1dd,e9f51d3e-372f-49da-b44a-53c560875f79,"102457,103939,106861,108531,108577,2162,23425,25965,30335,45782,85686,86634,88612,92312",1752277817,2025-07-10 18:58:31.529937
febc6839-fd80-4ff2-b5ae-b05a628ced76,716e0d72-640b-4e8a-aefd-a6fec192ac56,"102494,106601,108096,2825408",1751780497,2025-07-09 19:25:31.714795
fed04d04-2cec-48d9-867f-581dc3ba15b3,f60d4ba4-563f-4442-928e-21e9d8841979,"103861,26490,7521",1752425976,2025-07-11 19:07:31.675911
ff235fc5-cc98-4265-ba7a-b4601641603d,d5289b03-47c9-42e3-866a-414337f302df,"101097,106469,5764,6463,71406,81402",1747006298,2025-07-09 21:37:31.433645
ff3a6dcb-4697-48ac-8c0f-e42c3f988277,34563821-416b-4b3a-910c-309c652db4a9,"101097,25615,2848453,35462,45782,76412,79544,86875,92714,95272",1751589710,2025-07-09 21:37:31.433645
ff4880d9-53b5-498b-96cf-53e211f0827d,e4d83d6e-bb73-41eb-8a78-1c9aa52dcf5c,"101097,105722,106043,106044,106285,107182,108346,109115,22337,39299,53078,57099,62483,67594,84119,84783",1747461082,2025-07-09 21:37:31.433645
ff61d13c-626c-4ba6-a13f-6cbc77ec87b0,fc7fc945-0eae-4b35-8e27-911a21597959,"48574,88188",1751596123,2025-07-09 19:25:31.714795
ff679edf-d765-45a0-a7b0-22576991fa3d,74b1432f-7b61-4da3-a2c4-9628eafc8a9e,"1063,24171,54597,96670",1752287445,2025-07-10 19:01:31.560317
ff68ffd2-f191-4ab7-bea2-4664d4b31bdc,36ee4510-b1c0-431a-b94b-f43191a56700,"11369,159,1623,17915,223,35256,41023,42,56846,96656,99498",1738095251,2025-07-09 20:31:31.402227
ff792339-eebe-488a-ac91-0448b1205301,c9f0f3fb-a4fc-4130-83b8-14751640127d,"100645,2839482,5764,79524,85180",1751770613,2025-07-09 19:49:31.570096
ff8664fb-ab81-44c0-bec4-e79178cdc5e9,db221468-6c79-45ac-a658-e37836382d1e,"106041,107751,108362,109533,2210830,2259980,2829549,46269,85175,92448,93978,94800,96083,99263",1751082171,2025-07-09 21:04:31.429108
ff8f84aa-c23b-402c-aeee-2ce36950bfe7,b5b32c9d-24fe-4a82-8a0a-eb4c236ad20a,"105723,105932,105941,107200,22742,6335,65289,962,97479,98126",1737761564,2025-07-09 21:40:31.522517
ff90ea9d-bd63-4c80-b204-26a2e2f66ea2,aeaa6a2c-31e8-48a7-aa89-e39de3887fa9,"101080,12476,25711,30439,35683,43336,62615,6753",1723786577,2025-07-09 19:49:31.570096
ff9cecd5-94d0-46fd-a61a-60243922ae93,c4507e76-972d-4c7b-8044-283a89236728,"105122,23814,36852",1742573484,2025-07-09 20:22:31.445516
ff9deeb2-cdc6-4526-a389-13fbd08c9614,c9b452b1-fe81-4a6c-beaa-429f7fe75a07,"102901,106245,11808,23425,25652,26596,41791,55493,56285,58583,58658,61666,64427,85180,88253,94631,94800,96249,97304,97978",1751844203,2025-07-10 18:55:31.478294
ffb8e35d-a4ac-4c2b-9bbe-382a1ba29e0d,c24a7054-e3f2-49ae-8ff6-eca946523128,2119794,1728847905,2025-07-09 19:55:31.439331
ffba1766-ac08-4e1e-bd60-476b3451a847,335d55c5-6f2c-4f4e-b100-83cdb37b74fc,"101495,14994,40213,42,813,93985",1752208416,2025-07-09 18:55:31.759641
ffbd176d-2d00-4824-a5b4-bb50e0137034,5e066d19-2d21-4b95-82cf-90a80a48dfa1,"105149,107739,108537,11632,16937,23971,64427,73838,99263",1751268660,2025-07-09 19:46:31.620522
ffd9e18f-e88e-4a24-b92d-3bb47c3e5737,b9917f54-14a0-46a9-83bf-5e6e47e3bad5,"101684,104006,106857,106884,106885,107751,15218,17915,35348,36852,91913,95800,97550",1748445520,2025-07-09 20:22:31.445516
ffffe879-0523-4b25-b296-dc0d59be2281,e7f7cb25-14bb-4c81-9be4-e7f7bcb9c706,"104357,37444,38441,56285,72397,93750,97092,99216",1714981693,2025-07-09 21:40:31.522517